Timing Analyzer report for Ps2_Encrypted_LCD
Thu May 01 00:30:24 2025
Quartus Prime Version 18.1.0 Build 625 09/12/2018 SJ Lite Edition


---------------------
; Table of Contents ;
---------------------
  1. Legal Notice
  2. Timing Analyzer Summary
  3. Parallel Compilation
  4. Clocks
  5. Slow 1100mV 85C Model Fmax Summary
  6. Timing Closure Recommendations
  7. Slow 1100mV 85C Model Setup Summary
  8. Slow 1100mV 85C Model Hold Summary
  9. Slow 1100mV 85C Model Recovery Summary
 10. Slow 1100mV 85C Model Removal Summary
 11. Slow 1100mV 85C Model Minimum Pulse Width Summary
 12. Slow 1100mV 85C Model Metastability Summary
 13. Slow 1100mV 0C Model Fmax Summary
 14. Slow 1100mV 0C Model Setup Summary
 15. Slow 1100mV 0C Model Hold Summary
 16. Slow 1100mV 0C Model Recovery Summary
 17. Slow 1100mV 0C Model Removal Summary
 18. Slow 1100mV 0C Model Minimum Pulse Width Summary
 19. Slow 1100mV 0C Model Metastability Summary
 20. Fast 1100mV 85C Model Setup Summary
 21. Fast 1100mV 85C Model Hold Summary
 22. Fast 1100mV 85C Model Recovery Summary
 23. Fast 1100mV 85C Model Removal Summary
 24. Fast 1100mV 85C Model Minimum Pulse Width Summary
 25. Fast 1100mV 85C Model Metastability Summary
 26. Fast 1100mV 0C Model Setup Summary
 27. Fast 1100mV 0C Model Hold Summary
 28. Fast 1100mV 0C Model Recovery Summary
 29. Fast 1100mV 0C Model Removal Summary
 30. Fast 1100mV 0C Model Minimum Pulse Width Summary
 31. Fast 1100mV 0C Model Metastability Summary
 32. Multicorner Timing Analysis Summary
 33. Board Trace Model Assignments
 34. Input Transition Times
 35. Signal Integrity Metrics (Slow 1100mv 0c Model)
 36. Signal Integrity Metrics (Slow 1100mv 85c Model)
 37. Signal Integrity Metrics (Fast 1100mv 0c Model)
 38. Signal Integrity Metrics (Fast 1100mv 85c Model)
 39. Setup Transfers
 40. Hold Transfers
 41. Recovery Transfers
 42. Removal Transfers
 43. Report TCCS
 44. Report RSKM
 45. Unconstrained Paths Summary
 46. Clock Status Summary
 47. Unconstrained Input Ports
 48. Unconstrained Output Ports
 49. Unconstrained Input Ports
 50. Unconstrained Output Ports
 51. Timing Analyzer Messages



----------------
; Legal Notice ;
----------------
Copyright (C) 2018  Intel Corporation. All rights reserved.
Your use of Intel Corporation's design tools, logic functions 
and other software and tools, and its AMPP partner logic 
functions, and any output files from any of the foregoing 
(including device programming or simulation files), and any 
associated documentation or information are expressly subject 
to the terms and conditions of the Intel Program License 
Subscription Agreement, the Intel Quartus Prime License Agreement,
the Intel FPGA IP License Agreement, or other applicable license
agreement, including, without limitation, that your use is for
the sole purpose of programming logic devices manufactured by
Intel and sold by Intel or its authorized distributors.  Please
refer to the applicable agreement for further details.



+-----------------------------------------------------------------------------+
; Timing Analyzer Summary                                                     ;
+-----------------------+-----------------------------------------------------+
; Quartus Prime Version ; Version 18.1.0 Build 625 09/12/2018 SJ Lite Edition ;
; Timing Analyzer       ; Legacy Timing Analyzer                              ;
; Revision Name         ; Ps2_Encrypted_LCD                                   ;
; Device Family         ; Cyclone V                                           ;
; Device Name           ; 5CEBA4F23C7                                         ;
; Timing Models         ; Final                                               ;
; Delay Model           ; Combined                                            ;
; Rise/Fall Delays      ; Enabled                                             ;
+-----------------------+-----------------------------------------------------+


+------------------------------------------+
; Parallel Compilation                     ;
+----------------------------+-------------+
; Processors                 ; Number      ;
+----------------------------+-------------+
; Number detected on machine ; 20          ;
; Maximum allowed            ; 12          ;
;                            ;             ;
; Average used               ; 1.39        ;
; Maximum used               ; 12          ;
;                            ;             ;
; Usage by Processor         ; % Time Used ;
;     Processor 1            ; 100.0%      ;
;     Processor 2            ;   3.9%      ;
;     Processor 3            ;   3.9%      ;
;     Processor 4            ;   3.8%      ;
;     Processor 5            ;   3.5%      ;
;     Processor 6            ;   3.5%      ;
;     Processor 7            ;   3.5%      ;
;     Processor 8            ;   3.4%      ;
;     Processor 9            ;   3.4%      ;
;     Processor 10           ;   3.4%      ;
;     Processor 11           ;   3.4%      ;
;     Processor 12           ;   3.4%      ;
+----------------------------+-------------+


+----------------------------------------------------------------------------------------------------------------------------------------------------------------------------------------------------------+
; Clocks                                                                                                                                                                                                   ;
+---------------------+------+--------+-----------+-------+--------+------------+-----------+-------------+-------+--------+-----------+------------+----------+--------+--------+-------------------------+
; Clock Name          ; Type ; Period ; Frequency ; Rise  ; Fall   ; Duty Cycle ; Divide by ; Multiply by ; Phase ; Offset ; Edge List ; Edge Shift ; Inverted ; Master ; Source ; Targets                 ;
+---------------------+------+--------+-----------+-------+--------+------------+-----------+-------------+-------+--------+-----------+------------+----------+--------+--------+-------------------------+
; altera_reserved_tck ; Base ; 33.333 ; 30.0 MHz  ; 0.000 ; 16.666 ;            ;           ;             ;       ;        ;           ;            ;          ;        ;        ; { altera_reserved_tck } ;
+---------------------+------+--------+-----------+-------+--------+------------+-----------+-------------+-------+--------+-----------+------------+----------+--------+--------+-------------------------+


+----------------------------------------------------------+
; Slow 1100mV 85C Model Fmax Summary                       ;
+-----------+-----------------+---------------------+------+
; Fmax      ; Restricted Fmax ; Clock Name          ; Note ;
+-----------+-----------------+---------------------+------+
; 70.52 MHz ; 70.52 MHz       ; altera_reserved_tck ;      ;
+-----------+-----------------+---------------------+------+
This panel reports FMAX for every clock in the design, regardless of the user-specified clock periods.  FMAX is only computed for paths where the source and destination registers or ports are driven by the same clock.  Paths of different clocks, including generated clocks, are ignored.  For paths between a clock and its inversion, FMAX is computed as if the rising and falling edges are scaled along with FMAX, such that the duty cycle (in terms of a percentage) is maintained. Altera recommends that you always use clock constraints and other slack reports for sign-off analysis.


----------------------------------
; Timing Closure Recommendations ;
----------------------------------
HTML report is unavailable in plain text report export.


+---------------------------------------------+
; Slow 1100mV 85C Model Setup Summary         ;
+---------------------+-------+---------------+
; Clock               ; Slack ; End Point TNS ;
+---------------------+-------+---------------+
; altera_reserved_tck ; 9.576 ; 0.000         ;
+---------------------+-------+---------------+


+---------------------------------------------+
; Slow 1100mV 85C Model Hold Summary          ;
+---------------------+-------+---------------+
; Clock               ; Slack ; End Point TNS ;
+---------------------+-------+---------------+
; altera_reserved_tck ; 0.542 ; 0.000         ;
+---------------------+-------+---------------+


+----------------------------------------------+
; Slow 1100mV 85C Model Recovery Summary       ;
+---------------------+--------+---------------+
; Clock               ; Slack  ; End Point TNS ;
+---------------------+--------+---------------+
; altera_reserved_tck ; 29.692 ; 0.000         ;
+---------------------+--------+---------------+


+---------------------------------------------+
; Slow 1100mV 85C Model Removal Summary       ;
+---------------------+-------+---------------+
; Clock               ; Slack ; End Point TNS ;
+---------------------+-------+---------------+
; altera_reserved_tck ; 0.790 ; 0.000         ;
+---------------------+-------+---------------+


+---------------------------------------------------+
; Slow 1100mV 85C Model Minimum Pulse Width Summary ;
+---------------------+--------+--------------------+
; Clock               ; Slack  ; End Point TNS      ;
+---------------------+--------+--------------------+
; altera_reserved_tck ; 15.049 ; 0.000              ;
+---------------------+--------+--------------------+


-----------------------------------------------
; Slow 1100mV 85C Model Metastability Summary ;
-----------------------------------------------
No synchronizer chains to report.


+----------------------------------------------------------+
; Slow 1100mV 0C Model Fmax Summary                        ;
+-----------+-----------------+---------------------+------+
; Fmax      ; Restricted Fmax ; Clock Name          ; Note ;
+-----------+-----------------+---------------------+------+
; 72.96 MHz ; 72.96 MHz       ; altera_reserved_tck ;      ;
+-----------+-----------------+---------------------+------+
This panel reports FMAX for every clock in the design, regardless of the user-specified clock periods.  FMAX is only computed for paths where the source and destination registers or ports are driven by the same clock.  Paths of different clocks, including generated clocks, are ignored.  For paths between a clock and its inversion, FMAX is computed as if the rising and falling edges are scaled along with FMAX, such that the duty cycle (in terms of a percentage) is maintained. Altera recommends that you always use clock constraints and other slack reports for sign-off analysis.


+---------------------------------------------+
; Slow 1100mV 0C Model Setup Summary          ;
+---------------------+-------+---------------+
; Clock               ; Slack ; End Point TNS ;
+---------------------+-------+---------------+
; altera_reserved_tck ; 9.813 ; 0.000         ;
+---------------------+-------+---------------+


+---------------------------------------------+
; Slow 1100mV 0C Model Hold Summary           ;
+---------------------+-------+---------------+
; Clock               ; Slack ; End Point TNS ;
+---------------------+-------+---------------+
; altera_reserved_tck ; 0.548 ; 0.000         ;
+---------------------+-------+---------------+


+----------------------------------------------+
; Slow 1100mV 0C Model Recovery Summary        ;
+---------------------+--------+---------------+
; Clock               ; Slack  ; End Point TNS ;
+---------------------+--------+---------------+
; altera_reserved_tck ; 29.858 ; 0.000         ;
+---------------------+--------+---------------+


+---------------------------------------------+
; Slow 1100mV 0C Model Removal Summary        ;
+---------------------+-------+---------------+
; Clock               ; Slack ; End Point TNS ;
+---------------------+-------+---------------+
; altera_reserved_tck ; 0.711 ; 0.000         ;
+---------------------+-------+---------------+


+--------------------------------------------------+
; Slow 1100mV 0C Model Minimum Pulse Width Summary ;
+---------------------+--------+-------------------+
; Clock               ; Slack  ; End Point TNS     ;
+---------------------+--------+-------------------+
; altera_reserved_tck ; 15.052 ; 0.000             ;
+---------------------+--------+-------------------+


----------------------------------------------
; Slow 1100mV 0C Model Metastability Summary ;
----------------------------------------------
No synchronizer chains to report.


+----------------------------------------------+
; Fast 1100mV 85C Model Setup Summary          ;
+---------------------+--------+---------------+
; Clock               ; Slack  ; End Point TNS ;
+---------------------+--------+---------------+
; altera_reserved_tck ; 13.282 ; 0.000         ;
+---------------------+--------+---------------+


+---------------------------------------------+
; Fast 1100mV 85C Model Hold Summary          ;
+---------------------+-------+---------------+
; Clock               ; Slack ; End Point TNS ;
+---------------------+-------+---------------+
; altera_reserved_tck ; 0.170 ; 0.000         ;
+---------------------+-------+---------------+


+----------------------------------------------+
; Fast 1100mV 85C Model Recovery Summary       ;
+---------------------+--------+---------------+
; Clock               ; Slack  ; End Point TNS ;
+---------------------+--------+---------------+
; altera_reserved_tck ; 31.078 ; 0.000         ;
+---------------------+--------+---------------+


+---------------------------------------------+
; Fast 1100mV 85C Model Removal Summary       ;
+---------------------+-------+---------------+
; Clock               ; Slack ; End Point TNS ;
+---------------------+-------+---------------+
; altera_reserved_tck ; 0.291 ; 0.000         ;
+---------------------+-------+---------------+


+---------------------------------------------------+
; Fast 1100mV 85C Model Minimum Pulse Width Summary ;
+---------------------+--------+--------------------+
; Clock               ; Slack  ; End Point TNS      ;
+---------------------+--------+--------------------+
; altera_reserved_tck ; 14.806 ; 0.000              ;
+---------------------+--------+--------------------+


-----------------------------------------------
; Fast 1100mV 85C Model Metastability Summary ;
-----------------------------------------------
No synchronizer chains to report.


+----------------------------------------------+
; Fast 1100mV 0C Model Setup Summary           ;
+---------------------+--------+---------------+
; Clock               ; Slack  ; End Point TNS ;
+---------------------+--------+---------------+
; altera_reserved_tck ; 13.726 ; 0.000         ;
+---------------------+--------+---------------+


+---------------------------------------------+
; Fast 1100mV 0C Model Hold Summary           ;
+---------------------+-------+---------------+
; Clock               ; Slack ; End Point TNS ;
+---------------------+-------+---------------+
; altera_reserved_tck ; 0.155 ; 0.000         ;
+---------------------+-------+---------------+


+----------------------------------------------+
; Fast 1100mV 0C Model Recovery Summary        ;
+---------------------+--------+---------------+
; Clock               ; Slack  ; End Point TNS ;
+---------------------+--------+---------------+
; altera_reserved_tck ; 31.298 ; 0.000         ;
+---------------------+--------+---------------+


+---------------------------------------------+
; Fast 1100mV 0C Model Removal Summary        ;
+---------------------+-------+---------------+
; Clock               ; Slack ; End Point TNS ;
+---------------------+-------+---------------+
; altera_reserved_tck ; 0.254 ; 0.000         ;
+---------------------+-------+---------------+


+--------------------------------------------------+
; Fast 1100mV 0C Model Minimum Pulse Width Summary ;
+---------------------+--------+-------------------+
; Clock               ; Slack  ; End Point TNS     ;
+---------------------+--------+-------------------+
; altera_reserved_tck ; 14.795 ; 0.000             ;
+---------------------+--------+-------------------+


----------------------------------------------
; Fast 1100mV 0C Model Metastability Summary ;
----------------------------------------------
No synchronizer chains to report.


+---------------------------------------------------------------------------------+
; Multicorner Timing Analysis Summary                                             ;
+----------------------+-------+-------+----------+---------+---------------------+
; Clock                ; Setup ; Hold  ; Recovery ; Removal ; Minimum Pulse Width ;
+----------------------+-------+-------+----------+---------+---------------------+
; Worst-case Slack     ; 9.576 ; 0.155 ; 29.692   ; 0.254   ; 14.795              ;
;  altera_reserved_tck ; 9.576 ; 0.155 ; 29.692   ; 0.254   ; 14.795              ;
; Design-wide TNS      ; 0.0   ; 0.0   ; 0.0      ; 0.0     ; 0.0                 ;
;  altera_reserved_tck ; 0.000 ; 0.000 ; 0.000    ; 0.000   ; 0.000               ;
+----------------------+-------+-------+----------+---------+---------------------+


+------------------------------------------------------------------------------------------------------------------------------------------------------------------------------------------------------------------------------------------------------------------------------------------------------------------------------------------------------------------------------------------------------------------------+
; Board Trace Model Assignments                                                                                                                                                                                                                                                                                                                                                                                          ;
+---------------------+--------------+-------------------+-------------------------+-------------------------+---------------+---------------------+----------------+------------------+--------+------------------+------------------------+------------------------+--------------+---------------+-----------------+-------+---------------------+--------------------+---------------+-----------------+-------------+
; Pin                 ; I/O Standard ; Near Tline Length ; Near Tline L per Length ; Near Tline C per Length ; Near Series R ; Near Differential R ; Near Pull-up R ; Near Pull-down R ; Near C ; Far Tline Length ; Far Tline L per Length ; Far Tline C per Length ; Far Series R ; Far Pull-up R ; Far Pull-down R ; Far C ; Termination Voltage ; Far Differential R ; EBD File Name ; EBD Signal Name ; EBD Far-end ;
+---------------------+--------------+-------------------+-------------------------+-------------------------+---------------+---------------------+----------------+------------------+--------+------------------+------------------------+------------------------+--------------+---------------+-----------------+-------+---------------------+--------------------+---------------+-----------------+-------------+
; DRAM_ADDR[0]        ; 3.3-V LVTTL  ; 0 in              ; 0 H/in                  ; 0 F/in                  ; short         ; -                   ; open           ; open             ; open   ; 0 in             ; 0 H/in                 ; 0 F/in                 ; short        ; open          ; open            ; open  ; 0 V                 ; -                  ; n/a           ; n/a             ; n/a         ;
; DRAM_ADDR[1]        ; 3.3-V LVTTL  ; 0 in              ; 0 H/in                  ; 0 F/in                  ; short         ; -                   ; open           ; open             ; open   ; 0 in             ; 0 H/in                 ; 0 F/in                 ; short        ; open          ; open            ; open  ; 0 V                 ; -                  ; n/a           ; n/a             ; n/a         ;
; DRAM_ADDR[2]        ; 3.3-V LVTTL  ; 0 in              ; 0 H/in                  ; 0 F/in                  ; short         ; -                   ; open           ; open             ; open   ; 0 in             ; 0 H/in                 ; 0 F/in                 ; short        ; open          ; open            ; open  ; 0 V                 ; -                  ; n/a           ; n/a             ; n/a         ;
; DRAM_ADDR[3]        ; 3.3-V LVTTL  ; 0 in              ; 0 H/in                  ; 0 F/in                  ; short         ; -                   ; open           ; open             ; open   ; 0 in             ; 0 H/in                 ; 0 F/in                 ; short        ; open          ; open            ; open  ; 0 V                 ; -                  ; n/a           ; n/a             ; n/a         ;
; DRAM_ADDR[4]        ; 3.3-V LVTTL  ; 0 in              ; 0 H/in                  ; 0 F/in                  ; short         ; -                   ; open           ; open             ; open   ; 0 in             ; 0 H/in                 ; 0 F/in                 ; short        ; open          ; open            ; open  ; 0 V                 ; -                  ; n/a           ; n/a             ; n/a         ;
; DRAM_ADDR[5]        ; 3.3-V LVTTL  ; 0 in              ; 0 H/in                  ; 0 F/in                  ; short         ; -                   ; open           ; open             ; open   ; 0 in             ; 0 H/in                 ; 0 F/in                 ; short        ; open          ; open            ; open  ; 0 V                 ; -                  ; n/a           ; n/a             ; n/a         ;
; DRAM_ADDR[6]        ; 3.3-V LVTTL  ; 0 in              ; 0 H/in                  ; 0 F/in                  ; short         ; -                   ; open           ; open             ; open   ; 0 in             ; 0 H/in                 ; 0 F/in                 ; short        ; open          ; open            ; open  ; 0 V                 ; -                  ; n/a           ; n/a             ; n/a         ;
; DRAM_ADDR[7]        ; 3.3-V LVTTL  ; 0 in              ; 0 H/in                  ; 0 F/in                  ; short         ; -                   ; open           ; open             ; open   ; 0 in             ; 0 H/in                 ; 0 F/in                 ; short        ; open          ; open            ; open  ; 0 V                 ; -                  ; n/a           ; n/a             ; n/a         ;
; DRAM_ADDR[8]        ; 3.3-V LVTTL  ; 0 in              ; 0 H/in                  ; 0 F/in                  ; short         ; -                   ; open           ; open             ; open   ; 0 in             ; 0 H/in                 ; 0 F/in                 ; short        ; open          ; open            ; open  ; 0 V                 ; -                  ; n/a           ; n/a             ; n/a         ;
; DRAM_ADDR[9]        ; 3.3-V LVTTL  ; 0 in              ; 0 H/in                  ; 0 F/in                  ; short         ; -                   ; open           ; open             ; open   ; 0 in             ; 0 H/in                 ; 0 F/in                 ; short        ; open          ; open            ; open  ; 0 V                 ; -                  ; n/a           ; n/a             ; n/a         ;
; DRAM_ADDR[10]       ; 3.3-V LVTTL  ; 0 in              ; 0 H/in                  ; 0 F/in                  ; short         ; -                   ; open           ; open             ; open   ; 0 in             ; 0 H/in                 ; 0 F/in                 ; short        ; open          ; open            ; open  ; 0 V                 ; -                  ; n/a           ; n/a             ; n/a         ;
; DRAM_ADDR[11]       ; 3.3-V LVTTL  ; 0 in              ; 0 H/in                  ; 0 F/in                  ; short         ; -                   ; open           ; open             ; open   ; 0 in             ; 0 H/in                 ; 0 F/in                 ; short        ; open          ; open            ; open  ; 0 V                 ; -                  ; n/a           ; n/a             ; n/a         ;
; DRAM_ADDR[12]       ; 3.3-V LVTTL  ; 0 in              ; 0 H/in                  ; 0 F/in                  ; short         ; -                   ; open           ; open             ; open   ; 0 in             ; 0 H/in                 ; 0 F/in                 ; short        ; open          ; open            ; open  ; 0 V                 ; -                  ; n/a           ; n/a             ; n/a         ;
; DRAM_BA[0]          ; 3.3-V LVTTL  ; 0 in              ; 0 H/in                  ; 0 F/in                  ; short         ; -                   ; open           ; open             ; open   ; 0 in             ; 0 H/in                 ; 0 F/in                 ; short        ; open          ; open            ; open  ; 0 V                 ; -                  ; n/a           ; n/a             ; n/a         ;
; DRAM_BA[1]          ; 3.3-V LVTTL  ; 0 in              ; 0 H/in                  ; 0 F/in                  ; short         ; -                   ; open           ; open             ; open   ; 0 in             ; 0 H/in                 ; 0 F/in                 ; short        ; open          ; open            ; open  ; 0 V                 ; -                  ; n/a           ; n/a             ; n/a         ;
; DRAM_CAS_N          ; 3.3-V LVTTL  ; 0 in              ; 0 H/in                  ; 0 F/in                  ; short         ; -                   ; open           ; open             ; open   ; 0 in             ; 0 H/in                 ; 0 F/in                 ; short        ; open          ; open            ; open  ; 0 V                 ; -                  ; n/a           ; n/a             ; n/a         ;
; DRAM_CKE            ; 3.3-V LVTTL  ; 0 in              ; 0 H/in                  ; 0 F/in                  ; short         ; -                   ; open           ; open             ; open   ; 0 in             ; 0 H/in                 ; 0 F/in                 ; short        ; open          ; open            ; open  ; 0 V                 ; -                  ; n/a           ; n/a             ; n/a         ;
; DRAM_CLK            ; 3.3-V LVTTL  ; 0 in              ; 0 H/in                  ; 0 F/in                  ; short         ; -                   ; open           ; open             ; open   ; 0 in             ; 0 H/in                 ; 0 F/in                 ; short        ; open          ; open            ; open  ; 0 V                 ; -                  ; n/a           ; n/a             ; n/a         ;
; DRAM_CS_N           ; 3.3-V LVTTL  ; 0 in              ; 0 H/in                  ; 0 F/in                  ; short         ; -                   ; open           ; open             ; open   ; 0 in             ; 0 H/in                 ; 0 F/in                 ; short        ; open          ; open            ; open  ; 0 V                 ; -                  ; n/a           ; n/a             ; n/a         ;
; DRAM_LDQM           ; 3.3-V LVTTL  ; 0 in              ; 0 H/in                  ; 0 F/in                  ; short         ; -                   ; open           ; open             ; open   ; 0 in             ; 0 H/in                 ; 0 F/in                 ; short        ; open          ; open            ; open  ; 0 V                 ; -                  ; n/a           ; n/a             ; n/a         ;
; DRAM_RAS_N          ; 3.3-V LVTTL  ; 0 in              ; 0 H/in                  ; 0 F/in                  ; short         ; -                   ; open           ; open             ; open   ; 0 in             ; 0 H/in                 ; 0 F/in                 ; short        ; open          ; open            ; open  ; 0 V                 ; -                  ; n/a           ; n/a             ; n/a         ;
; DRAM_UDQM           ; 3.3-V LVTTL  ; 0 in              ; 0 H/in                  ; 0 F/in                  ; short         ; -                   ; open           ; open             ; open   ; 0 in             ; 0 H/in                 ; 0 F/in                 ; short        ; open          ; open            ; open  ; 0 V                 ; -                  ; n/a           ; n/a             ; n/a         ;
; DRAM_WE_N           ; 3.3-V LVTTL  ; 0 in              ; 0 H/in                  ; 0 F/in                  ; short         ; -                   ; open           ; open             ; open   ; 0 in             ; 0 H/in                 ; 0 F/in                 ; short        ; open          ; open            ; open  ; 0 V                 ; -                  ; n/a           ; n/a             ; n/a         ;
; HEX0[0]             ; 3.3-V LVTTL  ; 0 in              ; 0 H/in                  ; 0 F/in                  ; short         ; -                   ; open           ; open             ; open   ; 0 in             ; 0 H/in                 ; 0 F/in                 ; short        ; open          ; open            ; open  ; 0 V                 ; -                  ; n/a           ; n/a             ; n/a         ;
; HEX0[1]             ; 3.3-V LVTTL  ; 0 in              ; 0 H/in                  ; 0 F/in                  ; short         ; -                   ; open           ; open             ; open   ; 0 in             ; 0 H/in                 ; 0 F/in                 ; short        ; open          ; open            ; open  ; 0 V                 ; -                  ; n/a           ; n/a             ; n/a         ;
; HEX0[2]             ; 3.3-V LVTTL  ; 0 in              ; 0 H/in                  ; 0 F/in                  ; short         ; -                   ; open           ; open             ; open   ; 0 in             ; 0 H/in                 ; 0 F/in                 ; short        ; open          ; open            ; open  ; 0 V                 ; -                  ; n/a           ; n/a             ; n/a         ;
; HEX0[3]             ; 3.3-V LVTTL  ; 0 in              ; 0 H/in                  ; 0 F/in                  ; short         ; -                   ; open           ; open             ; open   ; 0 in             ; 0 H/in                 ; 0 F/in                 ; short        ; open          ; open            ; open  ; 0 V                 ; -                  ; n/a           ; n/a             ; n/a         ;
; HEX0[4]             ; 3.3-V LVTTL  ; 0 in              ; 0 H/in                  ; 0 F/in                  ; short         ; -                   ; open           ; open             ; open   ; 0 in             ; 0 H/in                 ; 0 F/in                 ; short        ; open          ; open            ; open  ; 0 V                 ; -                  ; n/a           ; n/a             ; n/a         ;
; HEX0[5]             ; 3.3-V LVTTL  ; 0 in              ; 0 H/in                  ; 0 F/in                  ; short         ; -                   ; open           ; open             ; open   ; 0 in             ; 0 H/in                 ; 0 F/in                 ; short        ; open          ; open            ; open  ; 0 V                 ; -                  ; n/a           ; n/a             ; n/a         ;
; HEX0[6]             ; 3.3-V LVTTL  ; 0 in              ; 0 H/in                  ; 0 F/in                  ; short         ; -                   ; open           ; open             ; open   ; 0 in             ; 0 H/in                 ; 0 F/in                 ; short        ; open          ; open            ; open  ; 0 V                 ; -                  ; n/a           ; n/a             ; n/a         ;
; HEX1[0]             ; 3.3-V LVTTL  ; 0 in              ; 0 H/in                  ; 0 F/in                  ; short         ; -                   ; open           ; open             ; open   ; 0 in             ; 0 H/in                 ; 0 F/in                 ; short        ; open          ; open            ; open  ; 0 V                 ; -                  ; n/a           ; n/a             ; n/a         ;
; HEX1[1]             ; 3.3-V LVTTL  ; 0 in              ; 0 H/in                  ; 0 F/in                  ; short         ; -                   ; open           ; open             ; open   ; 0 in             ; 0 H/in                 ; 0 F/in                 ; short        ; open          ; open            ; open  ; 0 V                 ; -                  ; n/a           ; n/a             ; n/a         ;
; HEX1[2]             ; 3.3-V LVTTL  ; 0 in              ; 0 H/in                  ; 0 F/in                  ; short         ; -                   ; open           ; open             ; open   ; 0 in             ; 0 H/in                 ; 0 F/in                 ; short        ; open          ; open            ; open  ; 0 V                 ; -                  ; n/a           ; n/a             ; n/a         ;
; HEX1[3]             ; 3.3-V LVTTL  ; 0 in              ; 0 H/in                  ; 0 F/in                  ; short         ; -                   ; open           ; open             ; open   ; 0 in             ; 0 H/in                 ; 0 F/in                 ; short        ; open          ; open            ; open  ; 0 V                 ; -                  ; n/a           ; n/a             ; n/a         ;
; HEX1[4]             ; 3.3-V LVTTL  ; 0 in              ; 0 H/in                  ; 0 F/in                  ; short         ; -                   ; open           ; open             ; open   ; 0 in             ; 0 H/in                 ; 0 F/in                 ; short        ; open          ; open            ; open  ; 0 V                 ; -                  ; n/a           ; n/a             ; n/a         ;
; HEX1[5]             ; 3.3-V LVTTL  ; 0 in              ; 0 H/in                  ; 0 F/in                  ; short         ; -                   ; open           ; open             ; open   ; 0 in             ; 0 H/in                 ; 0 F/in                 ; short        ; open          ; open            ; open  ; 0 V                 ; -                  ; n/a           ; n/a             ; n/a         ;
; HEX1[6]             ; 3.3-V LVTTL  ; 0 in              ; 0 H/in                  ; 0 F/in                  ; short         ; -                   ; open           ; open             ; open   ; 0 in             ; 0 H/in                 ; 0 F/in                 ; short        ; open          ; open            ; open  ; 0 V                 ; -                  ; n/a           ; n/a             ; n/a         ;
; HEX2[0]             ; 3.3-V LVTTL  ; 0 in              ; 0 H/in                  ; 0 F/in                  ; short         ; -                   ; open           ; open             ; open   ; 0 in             ; 0 H/in                 ; 0 F/in                 ; short        ; open          ; open            ; open  ; 0 V                 ; -                  ; n/a           ; n/a             ; n/a         ;
; HEX2[1]             ; 3.3-V LVTTL  ; 0 in              ; 0 H/in                  ; 0 F/in                  ; short         ; -                   ; open           ; open             ; open   ; 0 in             ; 0 H/in                 ; 0 F/in                 ; short        ; open          ; open            ; open  ; 0 V                 ; -                  ; n/a           ; n/a             ; n/a         ;
; HEX2[2]             ; 3.3-V LVTTL  ; 0 in              ; 0 H/in                  ; 0 F/in                  ; short         ; -                   ; open           ; open             ; open   ; 0 in             ; 0 H/in                 ; 0 F/in                 ; short        ; open          ; open            ; open  ; 0 V                 ; -                  ; n/a           ; n/a             ; n/a         ;
; HEX2[3]             ; 3.3-V LVTTL  ; 0 in              ; 0 H/in                  ; 0 F/in                  ; short         ; -                   ; open           ; open             ; open   ; 0 in             ; 0 H/in                 ; 0 F/in                 ; short        ; open          ; open            ; open  ; 0 V                 ; -                  ; n/a           ; n/a             ; n/a         ;
; HEX2[4]             ; 3.3-V LVTTL  ; 0 in              ; 0 H/in                  ; 0 F/in                  ; short         ; -                   ; open           ; open             ; open   ; 0 in             ; 0 H/in                 ; 0 F/in                 ; short        ; open          ; open            ; open  ; 0 V                 ; -                  ; n/a           ; n/a             ; n/a         ;
; HEX2[5]             ; 3.3-V LVTTL  ; 0 in              ; 0 H/in                  ; 0 F/in                  ; short         ; -                   ; open           ; open             ; open   ; 0 in             ; 0 H/in                 ; 0 F/in                 ; short        ; open          ; open            ; open  ; 0 V                 ; -                  ; n/a           ; n/a             ; n/a         ;
; HEX2[6]             ; 3.3-V LVTTL  ; 0 in              ; 0 H/in                  ; 0 F/in                  ; short         ; -                   ; open           ; open             ; open   ; 0 in             ; 0 H/in                 ; 0 F/in                 ; short        ; open          ; open            ; open  ; 0 V                 ; -                  ; n/a           ; n/a             ; n/a         ;
; HEX3[0]             ; 3.3-V LVTTL  ; 0 in              ; 0 H/in                  ; 0 F/in                  ; short         ; -                   ; open           ; open             ; open   ; 0 in             ; 0 H/in                 ; 0 F/in                 ; short        ; open          ; open            ; open  ; 0 V                 ; -                  ; n/a           ; n/a             ; n/a         ;
; HEX3[1]             ; 3.3-V LVTTL  ; 0 in              ; 0 H/in                  ; 0 F/in                  ; short         ; -                   ; open           ; open             ; open   ; 0 in             ; 0 H/in                 ; 0 F/in                 ; short        ; open          ; open            ; open  ; 0 V                 ; -                  ; n/a           ; n/a             ; n/a         ;
; HEX3[2]             ; 3.3-V LVTTL  ; 0 in              ; 0 H/in                  ; 0 F/in                  ; short         ; -                   ; open           ; open             ; open   ; 0 in             ; 0 H/in                 ; 0 F/in                 ; short        ; open          ; open            ; open  ; 0 V                 ; -                  ; n/a           ; n/a             ; n/a         ;
; HEX3[3]             ; 3.3-V LVTTL  ; 0 in              ; 0 H/in                  ; 0 F/in                  ; short         ; -                   ; open           ; open             ; open   ; 0 in             ; 0 H/in                 ; 0 F/in                 ; short        ; open          ; open            ; open  ; 0 V                 ; -                  ; n/a           ; n/a             ; n/a         ;
; HEX3[4]             ; 3.3-V LVTTL  ; 0 in              ; 0 H/in                  ; 0 F/in                  ; short         ; -                   ; open           ; open             ; open   ; 0 in             ; 0 H/in                 ; 0 F/in                 ; short        ; open          ; open            ; open  ; 0 V                 ; -                  ; n/a           ; n/a             ; n/a         ;
; HEX3[5]             ; 3.3-V LVTTL  ; 0 in              ; 0 H/in                  ; 0 F/in                  ; short         ; -                   ; open           ; open             ; open   ; 0 in             ; 0 H/in                 ; 0 F/in                 ; short        ; open          ; open            ; open  ; 0 V                 ; -                  ; n/a           ; n/a             ; n/a         ;
; HEX3[6]             ; 3.3-V LVTTL  ; 0 in              ; 0 H/in                  ; 0 F/in                  ; short         ; -                   ; open           ; open             ; open   ; 0 in             ; 0 H/in                 ; 0 F/in                 ; short        ; open          ; open            ; open  ; 0 V                 ; -                  ; n/a           ; n/a             ; n/a         ;
; HEX4[0]             ; 3.3-V LVTTL  ; 0 in              ; 0 H/in                  ; 0 F/in                  ; short         ; -                   ; open           ; open             ; open   ; 0 in             ; 0 H/in                 ; 0 F/in                 ; short        ; open          ; open            ; open  ; 0 V                 ; -                  ; n/a           ; n/a             ; n/a         ;
; HEX4[1]             ; 3.3-V LVTTL  ; 0 in              ; 0 H/in                  ; 0 F/in                  ; short         ; -                   ; open           ; open             ; open   ; 0 in             ; 0 H/in                 ; 0 F/in                 ; short        ; open          ; open            ; open  ; 0 V                 ; -                  ; n/a           ; n/a             ; n/a         ;
; HEX4[2]             ; 3.3-V LVTTL  ; 0 in              ; 0 H/in                  ; 0 F/in                  ; short         ; -                   ; open           ; open             ; open   ; 0 in             ; 0 H/in                 ; 0 F/in                 ; short        ; open          ; open            ; open  ; 0 V                 ; -                  ; n/a           ; n/a             ; n/a         ;
; HEX4[3]             ; 3.3-V LVTTL  ; 0 in              ; 0 H/in                  ; 0 F/in                  ; short         ; -                   ; open           ; open             ; open   ; 0 in             ; 0 H/in                 ; 0 F/in                 ; short        ; open          ; open            ; open  ; 0 V                 ; -                  ; n/a           ; n/a             ; n/a         ;
; HEX4[4]             ; 3.3-V LVTTL  ; 0 in              ; 0 H/in                  ; 0 F/in                  ; short         ; -                   ; open           ; open             ; open   ; 0 in             ; 0 H/in                 ; 0 F/in                 ; short        ; open          ; open            ; open  ; 0 V                 ; -                  ; n/a           ; n/a             ; n/a         ;
; HEX4[5]             ; 3.3-V LVTTL  ; 0 in              ; 0 H/in                  ; 0 F/in                  ; short         ; -                   ; open           ; open             ; open   ; 0 in             ; 0 H/in                 ; 0 F/in                 ; short        ; open          ; open            ; open  ; 0 V                 ; -                  ; n/a           ; n/a             ; n/a         ;
; HEX4[6]             ; 3.3-V LVTTL  ; 0 in              ; 0 H/in                  ; 0 F/in                  ; short         ; -                   ; open           ; open             ; open   ; 0 in             ; 0 H/in                 ; 0 F/in                 ; short        ; open          ; open            ; open  ; 0 V                 ; -                  ; n/a           ; n/a             ; n/a         ;
; HEX5[0]             ; 3.3-V LVTTL  ; 0 in              ; 0 H/in                  ; 0 F/in                  ; short         ; -                   ; open           ; open             ; open   ; 0 in             ; 0 H/in                 ; 0 F/in                 ; short        ; open          ; open            ; open  ; 0 V                 ; -                  ; n/a           ; n/a             ; n/a         ;
; HEX5[1]             ; 3.3-V LVTTL  ; 0 in              ; 0 H/in                  ; 0 F/in                  ; short         ; -                   ; open           ; open             ; open   ; 0 in             ; 0 H/in                 ; 0 F/in                 ; short        ; open          ; open            ; open  ; 0 V                 ; -                  ; n/a           ; n/a             ; n/a         ;
; HEX5[2]             ; 3.3-V LVTTL  ; 0 in              ; 0 H/in                  ; 0 F/in                  ; short         ; -                   ; open           ; open             ; open   ; 0 in             ; 0 H/in                 ; 0 F/in                 ; short        ; open          ; open            ; open  ; 0 V                 ; -                  ; n/a           ; n/a             ; n/a         ;
; HEX5[3]             ; 3.3-V LVTTL  ; 0 in              ; 0 H/in                  ; 0 F/in                  ; short         ; -                   ; open           ; open             ; open   ; 0 in             ; 0 H/in                 ; 0 F/in                 ; short        ; open          ; open            ; open  ; 0 V                 ; -                  ; n/a           ; n/a             ; n/a         ;
; HEX5[4]             ; 3.3-V LVTTL  ; 0 in              ; 0 H/in                  ; 0 F/in                  ; short         ; -                   ; open           ; open             ; open   ; 0 in             ; 0 H/in                 ; 0 F/in                 ; short        ; open          ; open            ; open  ; 0 V                 ; -                  ; n/a           ; n/a             ; n/a         ;
; HEX5[5]             ; 3.3-V LVTTL  ; 0 in              ; 0 H/in                  ; 0 F/in                  ; short         ; -                   ; open           ; open             ; open   ; 0 in             ; 0 H/in                 ; 0 F/in                 ; short        ; open          ; open            ; open  ; 0 V                 ; -                  ; n/a           ; n/a             ; n/a         ;
; HEX5[6]             ; 3.3-V LVTTL  ; 0 in              ; 0 H/in                  ; 0 F/in                  ; short         ; -                   ; open           ; open             ; open   ; 0 in             ; 0 H/in                 ; 0 F/in                 ; short        ; open          ; open            ; open  ; 0 V                 ; -                  ; n/a           ; n/a             ; n/a         ;
; LEDR[0]             ; 3.3-V LVTTL  ; 0 in              ; 0 H/in                  ; 0 F/in                  ; short         ; -                   ; open           ; open             ; open   ; 0 in             ; 0 H/in                 ; 0 F/in                 ; short        ; open          ; open            ; open  ; 0 V                 ; -                  ; n/a           ; n/a             ; n/a         ;
; LEDR[1]             ; 3.3-V LVTTL  ; 0 in              ; 0 H/in                  ; 0 F/in                  ; short         ; -                   ; open           ; open             ; open   ; 0 in             ; 0 H/in                 ; 0 F/in                 ; short        ; open          ; open            ; open  ; 0 V                 ; -                  ; n/a           ; n/a             ; n/a         ;
; LEDR[2]             ; 3.3-V LVTTL  ; 0 in              ; 0 H/in                  ; 0 F/in                  ; short         ; -                   ; open           ; open             ; open   ; 0 in             ; 0 H/in                 ; 0 F/in                 ; short        ; open          ; open            ; open  ; 0 V                 ; -                  ; n/a           ; n/a             ; n/a         ;
; LEDR[3]             ; 3.3-V LVTTL  ; 0 in              ; 0 H/in                  ; 0 F/in                  ; short         ; -                   ; open           ; open             ; open   ; 0 in             ; 0 H/in                 ; 0 F/in                 ; short        ; open          ; open            ; open  ; 0 V                 ; -                  ; n/a           ; n/a             ; n/a         ;
; LEDR[4]             ; 3.3-V LVTTL  ; 0 in              ; 0 H/in                  ; 0 F/in                  ; short         ; -                   ; open           ; open             ; open   ; 0 in             ; 0 H/in                 ; 0 F/in                 ; short        ; open          ; open            ; open  ; 0 V                 ; -                  ; n/a           ; n/a             ; n/a         ;
; LEDR[5]             ; 3.3-V LVTTL  ; 0 in              ; 0 H/in                  ; 0 F/in                  ; short         ; -                   ; open           ; open             ; open   ; 0 in             ; 0 H/in                 ; 0 F/in                 ; short        ; open          ; open            ; open  ; 0 V                 ; -                  ; n/a           ; n/a             ; n/a         ;
; LEDR[6]             ; 3.3-V LVTTL  ; 0 in              ; 0 H/in                  ; 0 F/in                  ; short         ; -                   ; open           ; open             ; open   ; 0 in             ; 0 H/in                 ; 0 F/in                 ; short        ; open          ; open            ; open  ; 0 V                 ; -                  ; n/a           ; n/a             ; n/a         ;
; LEDR[7]             ; 3.3-V LVTTL  ; 0 in              ; 0 H/in                  ; 0 F/in                  ; short         ; -                   ; open           ; open             ; open   ; 0 in             ; 0 H/in                 ; 0 F/in                 ; short        ; open          ; open            ; open  ; 0 V                 ; -                  ; n/a           ; n/a             ; n/a         ;
; LEDR[8]             ; 3.3-V LVTTL  ; 0 in              ; 0 H/in                  ; 0 F/in                  ; short         ; -                   ; open           ; open             ; open   ; 0 in             ; 0 H/in                 ; 0 F/in                 ; short        ; open          ; open            ; open  ; 0 V                 ; -                  ; n/a           ; n/a             ; n/a         ;
; LEDR[9]             ; 3.3-V LVTTL  ; 0 in              ; 0 H/in                  ; 0 F/in                  ; short         ; -                   ; open           ; open             ; open   ; 0 in             ; 0 H/in                 ; 0 F/in                 ; short        ; open          ; open            ; open  ; 0 V                 ; -                  ; n/a           ; n/a             ; n/a         ;
; SD_CLK              ; 3.3-V LVTTL  ; 0 in              ; 0 H/in                  ; 0 F/in                  ; short         ; -                   ; open           ; open             ; open   ; 0 in             ; 0 H/in                 ; 0 F/in                 ; short        ; open          ; open            ; open  ; 0 V                 ; -                  ; n/a           ; n/a             ; n/a         ;
; VGA_B[0]            ; 3.3-V LVTTL  ; 0 in              ; 0 H/in                  ; 0 F/in                  ; short         ; -                   ; open           ; open             ; open   ; 0 in             ; 0 H/in                 ; 0 F/in                 ; short        ; open          ; open            ; open  ; 0 V                 ; -                  ; n/a           ; n/a             ; n/a         ;
; VGA_B[1]            ; 3.3-V LVTTL  ; 0 in              ; 0 H/in                  ; 0 F/in                  ; short         ; -                   ; open           ; open             ; open   ; 0 in             ; 0 H/in                 ; 0 F/in                 ; short        ; open          ; open            ; open  ; 0 V                 ; -                  ; n/a           ; n/a             ; n/a         ;
; VGA_B[2]            ; 3.3-V LVTTL  ; 0 in              ; 0 H/in                  ; 0 F/in                  ; short         ; -                   ; open           ; open             ; open   ; 0 in             ; 0 H/in                 ; 0 F/in                 ; short        ; open          ; open            ; open  ; 0 V                 ; -                  ; n/a           ; n/a             ; n/a         ;
; VGA_B[3]            ; 3.3-V LVTTL  ; 0 in              ; 0 H/in                  ; 0 F/in                  ; short         ; -                   ; open           ; open             ; open   ; 0 in             ; 0 H/in                 ; 0 F/in                 ; short        ; open          ; open            ; open  ; 0 V                 ; -                  ; n/a           ; n/a             ; n/a         ;
; VGA_G[0]            ; 3.3-V LVTTL  ; 0 in              ; 0 H/in                  ; 0 F/in                  ; short         ; -                   ; open           ; open             ; open   ; 0 in             ; 0 H/in                 ; 0 F/in                 ; short        ; open          ; open            ; open  ; 0 V                 ; -                  ; n/a           ; n/a             ; n/a         ;
; VGA_G[1]            ; 3.3-V LVTTL  ; 0 in              ; 0 H/in                  ; 0 F/in                  ; short         ; -                   ; open           ; open             ; open   ; 0 in             ; 0 H/in                 ; 0 F/in                 ; short        ; open          ; open            ; open  ; 0 V                 ; -                  ; n/a           ; n/a             ; n/a         ;
; VGA_G[2]            ; 3.3-V LVTTL  ; 0 in              ; 0 H/in                  ; 0 F/in                  ; short         ; -                   ; open           ; open             ; open   ; 0 in             ; 0 H/in                 ; 0 F/in                 ; short        ; open          ; open            ; open  ; 0 V                 ; -                  ; n/a           ; n/a             ; n/a         ;
; VGA_G[3]            ; 3.3-V LVTTL  ; 0 in              ; 0 H/in                  ; 0 F/in                  ; short         ; -                   ; open           ; open             ; open   ; 0 in             ; 0 H/in                 ; 0 F/in                 ; short        ; open          ; open            ; open  ; 0 V                 ; -                  ; n/a           ; n/a             ; n/a         ;
; VGA_HS              ; 3.3-V LVTTL  ; 0 in              ; 0 H/in                  ; 0 F/in                  ; short         ; -                   ; open           ; open             ; open   ; 0 in             ; 0 H/in                 ; 0 F/in                 ; short        ; open          ; open            ; open  ; 0 V                 ; -                  ; n/a           ; n/a             ; n/a         ;
; VGA_R[0]            ; 3.3-V LVTTL  ; 0 in              ; 0 H/in                  ; 0 F/in                  ; short         ; -                   ; open           ; open             ; open   ; 0 in             ; 0 H/in                 ; 0 F/in                 ; short        ; open          ; open            ; open  ; 0 V                 ; -                  ; n/a           ; n/a             ; n/a         ;
; VGA_R[1]            ; 3.3-V LVTTL  ; 0 in              ; 0 H/in                  ; 0 F/in                  ; short         ; -                   ; open           ; open             ; open   ; 0 in             ; 0 H/in                 ; 0 F/in                 ; short        ; open          ; open            ; open  ; 0 V                 ; -                  ; n/a           ; n/a             ; n/a         ;
; VGA_R[2]            ; 3.3-V LVTTL  ; 0 in              ; 0 H/in                  ; 0 F/in                  ; short         ; -                   ; open           ; open             ; open   ; 0 in             ; 0 H/in                 ; 0 F/in                 ; short        ; open          ; open            ; open  ; 0 V                 ; -                  ; n/a           ; n/a             ; n/a         ;
; VGA_R[3]            ; 3.3-V LVTTL  ; 0 in              ; 0 H/in                  ; 0 F/in                  ; short         ; -                   ; open           ; open             ; open   ; 0 in             ; 0 H/in                 ; 0 F/in                 ; short        ; open          ; open            ; open  ; 0 V                 ; -                  ; n/a           ; n/a             ; n/a         ;
; VGA_VS              ; 3.3-V LVTTL  ; 0 in              ; 0 H/in                  ; 0 F/in                  ; short         ; -                   ; open           ; open             ; open   ; 0 in             ; 0 H/in                 ; 0 F/in                 ; short        ; open          ; open            ; open  ; 0 V                 ; -                  ; n/a           ; n/a             ; n/a         ;
; CLOCK4_50           ; 3.3-V LVTTL  ; 0 in              ; 0 H/in                  ; 0 F/in                  ; short         ; -                   ; open           ; open             ; open   ; 0 in             ; 0 H/in                 ; 0 F/in                 ; short        ; open          ; open            ; open  ; 0 V                 ; -                  ; n/a           ; n/a             ; n/a         ;
; DRAM_DQ[0]          ; 3.3-V LVTTL  ; 0 in              ; 0 H/in                  ; 0 F/in                  ; short         ; -                   ; open           ; open             ; open   ; 0 in             ; 0 H/in                 ; 0 F/in                 ; short        ; open          ; open            ; open  ; 0 V                 ; -                  ; n/a           ; n/a             ; n/a         ;
; DRAM_DQ[1]          ; 3.3-V LVTTL  ; 0 in              ; 0 H/in                  ; 0 F/in                  ; short         ; -                   ; open           ; open             ; open   ; 0 in             ; 0 H/in                 ; 0 F/in                 ; short        ; open          ; open            ; open  ; 0 V                 ; -                  ; n/a           ; n/a             ; n/a         ;
; DRAM_DQ[2]          ; 3.3-V LVTTL  ; 0 in              ; 0 H/in                  ; 0 F/in                  ; short         ; -                   ; open           ; open             ; open   ; 0 in             ; 0 H/in                 ; 0 F/in                 ; short        ; open          ; open            ; open  ; 0 V                 ; -                  ; n/a           ; n/a             ; n/a         ;
; DRAM_DQ[3]          ; 3.3-V LVTTL  ; 0 in              ; 0 H/in                  ; 0 F/in                  ; short         ; -                   ; open           ; open             ; open   ; 0 in             ; 0 H/in                 ; 0 F/in                 ; short        ; open          ; open            ; open  ; 0 V                 ; -                  ; n/a           ; n/a             ; n/a         ;
; DRAM_DQ[4]          ; 3.3-V LVTTL  ; 0 in              ; 0 H/in                  ; 0 F/in                  ; short         ; -                   ; open           ; open             ; open   ; 0 in             ; 0 H/in                 ; 0 F/in                 ; short        ; open          ; open            ; open  ; 0 V                 ; -                  ; n/a           ; n/a             ; n/a         ;
; DRAM_DQ[5]          ; 3.3-V LVTTL  ; 0 in              ; 0 H/in                  ; 0 F/in                  ; short         ; -                   ; open           ; open             ; open   ; 0 in             ; 0 H/in                 ; 0 F/in                 ; short        ; open          ; open            ; open  ; 0 V                 ; -                  ; n/a           ; n/a             ; n/a         ;
; DRAM_DQ[6]          ; 3.3-V LVTTL  ; 0 in              ; 0 H/in                  ; 0 F/in                  ; short         ; -                   ; open           ; open             ; open   ; 0 in             ; 0 H/in                 ; 0 F/in                 ; short        ; open          ; open            ; open  ; 0 V                 ; -                  ; n/a           ; n/a             ; n/a         ;
; DRAM_DQ[7]          ; 3.3-V LVTTL  ; 0 in              ; 0 H/in                  ; 0 F/in                  ; short         ; -                   ; open           ; open             ; open   ; 0 in             ; 0 H/in                 ; 0 F/in                 ; short        ; open          ; open            ; open  ; 0 V                 ; -                  ; n/a           ; n/a             ; n/a         ;
; DRAM_DQ[8]          ; 3.3-V LVTTL  ; 0 in              ; 0 H/in                  ; 0 F/in                  ; short         ; -                   ; open           ; open             ; open   ; 0 in             ; 0 H/in                 ; 0 F/in                 ; short        ; open          ; open            ; open  ; 0 V                 ; -                  ; n/a           ; n/a             ; n/a         ;
; DRAM_DQ[9]          ; 3.3-V LVTTL  ; 0 in              ; 0 H/in                  ; 0 F/in                  ; short         ; -                   ; open           ; open             ; open   ; 0 in             ; 0 H/in                 ; 0 F/in                 ; short        ; open          ; open            ; open  ; 0 V                 ; -                  ; n/a           ; n/a             ; n/a         ;
; DRAM_DQ[10]         ; 3.3-V LVTTL  ; 0 in              ; 0 H/in                  ; 0 F/in                  ; short         ; -                   ; open           ; open             ; open   ; 0 in             ; 0 H/in                 ; 0 F/in                 ; short        ; open          ; open            ; open  ; 0 V                 ; -                  ; n/a           ; n/a             ; n/a         ;
; DRAM_DQ[11]         ; 3.3-V LVTTL  ; 0 in              ; 0 H/in                  ; 0 F/in                  ; short         ; -                   ; open           ; open             ; open   ; 0 in             ; 0 H/in                 ; 0 F/in                 ; short        ; open          ; open            ; open  ; 0 V                 ; -                  ; n/a           ; n/a             ; n/a         ;
; DRAM_DQ[12]         ; 3.3-V LVTTL  ; 0 in              ; 0 H/in                  ; 0 F/in                  ; short         ; -                   ; open           ; open             ; open   ; 0 in             ; 0 H/in                 ; 0 F/in                 ; short        ; open          ; open            ; open  ; 0 V                 ; -                  ; n/a           ; n/a             ; n/a         ;
; DRAM_DQ[13]         ; 3.3-V LVTTL  ; 0 in              ; 0 H/in                  ; 0 F/in                  ; short         ; -                   ; open           ; open             ; open   ; 0 in             ; 0 H/in                 ; 0 F/in                 ; short        ; open          ; open            ; open  ; 0 V                 ; -                  ; n/a           ; n/a             ; n/a         ;
; DRAM_DQ[14]         ; 3.3-V LVTTL  ; 0 in              ; 0 H/in                  ; 0 F/in                  ; short         ; -                   ; open           ; open             ; open   ; 0 in             ; 0 H/in                 ; 0 F/in                 ; short        ; open          ; open            ; open  ; 0 V                 ; -                  ; n/a           ; n/a             ; n/a         ;
; DRAM_DQ[15]         ; 3.3-V LVTTL  ; 0 in              ; 0 H/in                  ; 0 F/in                  ; short         ; -                   ; open           ; open             ; open   ; 0 in             ; 0 H/in                 ; 0 F/in                 ; short        ; open          ; open            ; open  ; 0 V                 ; -                  ; n/a           ; n/a             ; n/a         ;
; GPIO_0[6]           ; 3.3-V LVTTL  ; 0 in              ; 0 H/in                  ; 0 F/in                  ; short         ; -                   ; open           ; open             ; open   ; 0 in             ; 0 H/in                 ; 0 F/in                 ; short        ; open          ; open            ; open  ; 0 V                 ; -                  ; n/a           ; n/a             ; n/a         ;
; GPIO_0[7]           ; 3.3-V LVTTL  ; 0 in              ; 0 H/in                  ; 0 F/in                  ; short         ; -                   ; open           ; open             ; open   ; 0 in             ; 0 H/in                 ; 0 F/in                 ; short        ; open          ; open            ; open  ; 0 V                 ; -                  ; n/a           ; n/a             ; n/a         ;
; GPIO_0[8]           ; 3.3-V LVTTL  ; 0 in              ; 0 H/in                  ; 0 F/in                  ; short         ; -                   ; open           ; open             ; open   ; 0 in             ; 0 H/in                 ; 0 F/in                 ; short        ; open          ; open            ; open  ; 0 V                 ; -                  ; n/a           ; n/a             ; n/a         ;
; GPIO_0[9]           ; 3.3-V LVTTL  ; 0 in              ; 0 H/in                  ; 0 F/in                  ; short         ; -                   ; open           ; open             ; open   ; 0 in             ; 0 H/in                 ; 0 F/in                 ; short        ; open          ; open            ; open  ; 0 V                 ; -                  ; n/a           ; n/a             ; n/a         ;
; GPIO_0[10]          ; 3.3-V LVTTL  ; 0 in              ; 0 H/in                  ; 0 F/in                  ; short         ; -                   ; open           ; open             ; open   ; 0 in             ; 0 H/in                 ; 0 F/in                 ; short        ; open          ; open            ; open  ; 0 V                 ; -                  ; n/a           ; n/a             ; n/a         ;
; GPIO_0[11]          ; 3.3-V LVTTL  ; 0 in              ; 0 H/in                  ; 0 F/in                  ; short         ; -                   ; open           ; open             ; open   ; 0 in             ; 0 H/in                 ; 0 F/in                 ; short        ; open          ; open            ; open  ; 0 V                 ; -                  ; n/a           ; n/a             ; n/a         ;
; GPIO_0[12]          ; 3.3-V LVTTL  ; 0 in              ; 0 H/in                  ; 0 F/in                  ; short         ; -                   ; open           ; open             ; open   ; 0 in             ; 0 H/in                 ; 0 F/in                 ; short        ; open          ; open            ; open  ; 0 V                 ; -                  ; n/a           ; n/a             ; n/a         ;
; GPIO_0[13]          ; 3.3-V LVTTL  ; 0 in              ; 0 H/in                  ; 0 F/in                  ; short         ; -                   ; open           ; open             ; open   ; 0 in             ; 0 H/in                 ; 0 F/in                 ; short        ; open          ; open            ; open  ; 0 V                 ; -                  ; n/a           ; n/a             ; n/a         ;
; GPIO_0[14]          ; 3.3-V LVTTL  ; 0 in              ; 0 H/in                  ; 0 F/in                  ; short         ; -                   ; open           ; open             ; open   ; 0 in             ; 0 H/in                 ; 0 F/in                 ; short        ; open          ; open            ; open  ; 0 V                 ; -                  ; n/a           ; n/a             ; n/a         ;
; GPIO_0[15]          ; 3.3-V LVTTL  ; 0 in              ; 0 H/in                  ; 0 F/in                  ; short         ; -                   ; open           ; open             ; open   ; 0 in             ; 0 H/in                 ; 0 F/in                 ; short        ; open          ; open            ; open  ; 0 V                 ; -                  ; n/a           ; n/a             ; n/a         ;
; GPIO_0[16]          ; 3.3-V LVTTL  ; 0 in              ; 0 H/in                  ; 0 F/in                  ; short         ; -                   ; open           ; open             ; open   ; 0 in             ; 0 H/in                 ; 0 F/in                 ; short        ; open          ; open            ; open  ; 0 V                 ; -                  ; n/a           ; n/a             ; n/a         ;
; GPIO_0[17]          ; 3.3-V LVTTL  ; 0 in              ; 0 H/in                  ; 0 F/in                  ; short         ; -                   ; open           ; open             ; open   ; 0 in             ; 0 H/in                 ; 0 F/in                 ; short        ; open          ; open            ; open  ; 0 V                 ; -                  ; n/a           ; n/a             ; n/a         ;
; GPIO_0[18]          ; 3.3-V LVTTL  ; 0 in              ; 0 H/in                  ; 0 F/in                  ; short         ; -                   ; open           ; open             ; open   ; 0 in             ; 0 H/in                 ; 0 F/in                 ; short        ; open          ; open            ; open  ; 0 V                 ; -                  ; n/a           ; n/a             ; n/a         ;
; GPIO_0[19]          ; 3.3-V LVTTL  ; 0 in              ; 0 H/in                  ; 0 F/in                  ; short         ; -                   ; open           ; open             ; open   ; 0 in             ; 0 H/in                 ; 0 F/in                 ; short        ; open          ; open            ; open  ; 0 V                 ; -                  ; n/a           ; n/a             ; n/a         ;
; GPIO_0[20]          ; 3.3-V LVTTL  ; 0 in              ; 0 H/in                  ; 0 F/in                  ; short         ; -                   ; open           ; open             ; open   ; 0 in             ; 0 H/in                 ; 0 F/in                 ; short        ; open          ; open            ; open  ; 0 V                 ; -                  ; n/a           ; n/a             ; n/a         ;
; GPIO_0[21]          ; 3.3-V LVTTL  ; 0 in              ; 0 H/in                  ; 0 F/in                  ; short         ; -                   ; open           ; open             ; open   ; 0 in             ; 0 H/in                 ; 0 F/in                 ; short        ; open          ; open            ; open  ; 0 V                 ; -                  ; n/a           ; n/a             ; n/a         ;
; GPIO_0[22]          ; 3.3-V LVTTL  ; 0 in              ; 0 H/in                  ; 0 F/in                  ; short         ; -                   ; open           ; open             ; open   ; 0 in             ; 0 H/in                 ; 0 F/in                 ; short        ; open          ; open            ; open  ; 0 V                 ; -                  ; n/a           ; n/a             ; n/a         ;
; GPIO_0[23]          ; 3.3-V LVTTL  ; 0 in              ; 0 H/in                  ; 0 F/in                  ; short         ; -                   ; open           ; open             ; open   ; 0 in             ; 0 H/in                 ; 0 F/in                 ; short        ; open          ; open            ; open  ; 0 V                 ; -                  ; n/a           ; n/a             ; n/a         ;
; GPIO_0[24]          ; 3.3-V LVTTL  ; 0 in              ; 0 H/in                  ; 0 F/in                  ; short         ; -                   ; open           ; open             ; open   ; 0 in             ; 0 H/in                 ; 0 F/in                 ; short        ; open          ; open            ; open  ; 0 V                 ; -                  ; n/a           ; n/a             ; n/a         ;
; GPIO_0[25]          ; 3.3-V LVTTL  ; 0 in              ; 0 H/in                  ; 0 F/in                  ; short         ; -                   ; open           ; open             ; open   ; 0 in             ; 0 H/in                 ; 0 F/in                 ; short        ; open          ; open            ; open  ; 0 V                 ; -                  ; n/a           ; n/a             ; n/a         ;
; GPIO_0[26]          ; 3.3-V LVTTL  ; 0 in              ; 0 H/in                  ; 0 F/in                  ; short         ; -                   ; open           ; open             ; open   ; 0 in             ; 0 H/in                 ; 0 F/in                 ; short        ; open          ; open            ; open  ; 0 V                 ; -                  ; n/a           ; n/a             ; n/a         ;
; GPIO_0[27]          ; 3.3-V LVTTL  ; 0 in              ; 0 H/in                  ; 0 F/in                  ; short         ; -                   ; open           ; open             ; open   ; 0 in             ; 0 H/in                 ; 0 F/in                 ; short        ; open          ; open            ; open  ; 0 V                 ; -                  ; n/a           ; n/a             ; n/a         ;
; GPIO_1[0]           ; 3.3-V LVTTL  ; 0 in              ; 0 H/in                  ; 0 F/in                  ; short         ; -                   ; open           ; open             ; open   ; 0 in             ; 0 H/in                 ; 0 F/in                 ; short        ; open          ; open            ; open  ; 0 V                 ; -                  ; n/a           ; n/a             ; n/a         ;
; GPIO_1[1]           ; 3.3-V LVTTL  ; 0 in              ; 0 H/in                  ; 0 F/in                  ; short         ; -                   ; open           ; open             ; open   ; 0 in             ; 0 H/in                 ; 0 F/in                 ; short        ; open          ; open            ; open  ; 0 V                 ; -                  ; n/a           ; n/a             ; n/a         ;
; GPIO_1[2]           ; 3.3-V LVTTL  ; 0 in              ; 0 H/in                  ; 0 F/in                  ; short         ; -                   ; open           ; open             ; open   ; 0 in             ; 0 H/in                 ; 0 F/in                 ; short        ; open          ; open            ; open  ; 0 V                 ; -                  ; n/a           ; n/a             ; n/a         ;
; GPIO_1[3]           ; 3.3-V LVTTL  ; 0 in              ; 0 H/in                  ; 0 F/in                  ; short         ; -                   ; open           ; open             ; open   ; 0 in             ; 0 H/in                 ; 0 F/in                 ; short        ; open          ; open            ; open  ; 0 V                 ; -                  ; n/a           ; n/a             ; n/a         ;
; GPIO_1[4]           ; 3.3-V LVTTL  ; 0 in              ; 0 H/in                  ; 0 F/in                  ; short         ; -                   ; open           ; open             ; open   ; 0 in             ; 0 H/in                 ; 0 F/in                 ; short        ; open          ; open            ; open  ; 0 V                 ; -                  ; n/a           ; n/a             ; n/a         ;
; GPIO_1[5]           ; 3.3-V LVTTL  ; 0 in              ; 0 H/in                  ; 0 F/in                  ; short         ; -                   ; open           ; open             ; open   ; 0 in             ; 0 H/in                 ; 0 F/in                 ; short        ; open          ; open            ; open  ; 0 V                 ; -                  ; n/a           ; n/a             ; n/a         ;
; GPIO_1[6]           ; 3.3-V LVTTL  ; 0 in              ; 0 H/in                  ; 0 F/in                  ; short         ; -                   ; open           ; open             ; open   ; 0 in             ; 0 H/in                 ; 0 F/in                 ; short        ; open          ; open            ; open  ; 0 V                 ; -                  ; n/a           ; n/a             ; n/a         ;
; GPIO_1[7]           ; 3.3-V LVTTL  ; 0 in              ; 0 H/in                  ; 0 F/in                  ; short         ; -                   ; open           ; open             ; open   ; 0 in             ; 0 H/in                 ; 0 F/in                 ; short        ; open          ; open            ; open  ; 0 V                 ; -                  ; n/a           ; n/a             ; n/a         ;
; GPIO_1[8]           ; 3.3-V LVTTL  ; 0 in              ; 0 H/in                  ; 0 F/in                  ; short         ; -                   ; open           ; open             ; open   ; 0 in             ; 0 H/in                 ; 0 F/in                 ; short        ; open          ; open            ; open  ; 0 V                 ; -                  ; n/a           ; n/a             ; n/a         ;
; GPIO_1[9]           ; 3.3-V LVTTL  ; 0 in              ; 0 H/in                  ; 0 F/in                  ; short         ; -                   ; open           ; open             ; open   ; 0 in             ; 0 H/in                 ; 0 F/in                 ; short        ; open          ; open            ; open  ; 0 V                 ; -                  ; n/a           ; n/a             ; n/a         ;
; GPIO_1[10]          ; 3.3-V LVTTL  ; 0 in              ; 0 H/in                  ; 0 F/in                  ; short         ; -                   ; open           ; open             ; open   ; 0 in             ; 0 H/in                 ; 0 F/in                 ; short        ; open          ; open            ; open  ; 0 V                 ; -                  ; n/a           ; n/a             ; n/a         ;
; GPIO_1[11]          ; 3.3-V LVTTL  ; 0 in              ; 0 H/in                  ; 0 F/in                  ; short         ; -                   ; open           ; open             ; open   ; 0 in             ; 0 H/in                 ; 0 F/in                 ; short        ; open          ; open            ; open  ; 0 V                 ; -                  ; n/a           ; n/a             ; n/a         ;
; GPIO_1[12]          ; 3.3-V LVTTL  ; 0 in              ; 0 H/in                  ; 0 F/in                  ; short         ; -                   ; open           ; open             ; open   ; 0 in             ; 0 H/in                 ; 0 F/in                 ; short        ; open          ; open            ; open  ; 0 V                 ; -                  ; n/a           ; n/a             ; n/a         ;
; GPIO_1[13]          ; 3.3-V LVTTL  ; 0 in              ; 0 H/in                  ; 0 F/in                  ; short         ; -                   ; open           ; open             ; open   ; 0 in             ; 0 H/in                 ; 0 F/in                 ; short        ; open          ; open            ; open  ; 0 V                 ; -                  ; n/a           ; n/a             ; n/a         ;
; GPIO_1[14]          ; 3.3-V LVTTL  ; 0 in              ; 0 H/in                  ; 0 F/in                  ; short         ; -                   ; open           ; open             ; open   ; 0 in             ; 0 H/in                 ; 0 F/in                 ; short        ; open          ; open            ; open  ; 0 V                 ; -                  ; n/a           ; n/a             ; n/a         ;
; GPIO_1[15]          ; 3.3-V LVTTL  ; 0 in              ; 0 H/in                  ; 0 F/in                  ; short         ; -                   ; open           ; open             ; open   ; 0 in             ; 0 H/in                 ; 0 F/in                 ; short        ; open          ; open            ; open  ; 0 V                 ; -                  ; n/a           ; n/a             ; n/a         ;
; GPIO_1[16]          ; 3.3-V LVTTL  ; 0 in              ; 0 H/in                  ; 0 F/in                  ; short         ; -                   ; open           ; open             ; open   ; 0 in             ; 0 H/in                 ; 0 F/in                 ; short        ; open          ; open            ; open  ; 0 V                 ; -                  ; n/a           ; n/a             ; n/a         ;
; GPIO_1[17]          ; 3.3-V LVTTL  ; 0 in              ; 0 H/in                  ; 0 F/in                  ; short         ; -                   ; open           ; open             ; open   ; 0 in             ; 0 H/in                 ; 0 F/in                 ; short        ; open          ; open            ; open  ; 0 V                 ; -                  ; n/a           ; n/a             ; n/a         ;
; GPIO_1[18]          ; 3.3-V LVTTL  ; 0 in              ; 0 H/in                  ; 0 F/in                  ; short         ; -                   ; open           ; open             ; open   ; 0 in             ; 0 H/in                 ; 0 F/in                 ; short        ; open          ; open            ; open  ; 0 V                 ; -                  ; n/a           ; n/a             ; n/a         ;
; GPIO_1[19]          ; 3.3-V LVTTL  ; 0 in              ; 0 H/in                  ; 0 F/in                  ; short         ; -                   ; open           ; open             ; open   ; 0 in             ; 0 H/in                 ; 0 F/in                 ; short        ; open          ; open            ; open  ; 0 V                 ; -                  ; n/a           ; n/a             ; n/a         ;
; GPIO_1[20]          ; 3.3-V LVTTL  ; 0 in              ; 0 H/in                  ; 0 F/in                  ; short         ; -                   ; open           ; open             ; open   ; 0 in             ; 0 H/in                 ; 0 F/in                 ; short        ; open          ; open            ; open  ; 0 V                 ; -                  ; n/a           ; n/a             ; n/a         ;
; GPIO_1[21]          ; 3.3-V LVTTL  ; 0 in              ; 0 H/in                  ; 0 F/in                  ; short         ; -                   ; open           ; open             ; open   ; 0 in             ; 0 H/in                 ; 0 F/in                 ; short        ; open          ; open            ; open  ; 0 V                 ; -                  ; n/a           ; n/a             ; n/a         ;
; GPIO_1[22]          ; 3.3-V LVTTL  ; 0 in              ; 0 H/in                  ; 0 F/in                  ; short         ; -                   ; open           ; open             ; open   ; 0 in             ; 0 H/in                 ; 0 F/in                 ; short        ; open          ; open            ; open  ; 0 V                 ; -                  ; n/a           ; n/a             ; n/a         ;
; GPIO_1[23]          ; 3.3-V LVTTL  ; 0 in              ; 0 H/in                  ; 0 F/in                  ; short         ; -                   ; open           ; open             ; open   ; 0 in             ; 0 H/in                 ; 0 F/in                 ; short        ; open          ; open            ; open  ; 0 V                 ; -                  ; n/a           ; n/a             ; n/a         ;
; GPIO_1[24]          ; 3.3-V LVTTL  ; 0 in              ; 0 H/in                  ; 0 F/in                  ; short         ; -                   ; open           ; open             ; open   ; 0 in             ; 0 H/in                 ; 0 F/in                 ; short        ; open          ; open            ; open  ; 0 V                 ; -                  ; n/a           ; n/a             ; n/a         ;
; GPIO_1[25]          ; 3.3-V LVTTL  ; 0 in              ; 0 H/in                  ; 0 F/in                  ; short         ; -                   ; open           ; open             ; open   ; 0 in             ; 0 H/in                 ; 0 F/in                 ; short        ; open          ; open            ; open  ; 0 V                 ; -                  ; n/a           ; n/a             ; n/a         ;
; GPIO_1[26]          ; 3.3-V LVTTL  ; 0 in              ; 0 H/in                  ; 0 F/in                  ; short         ; -                   ; open           ; open             ; open   ; 0 in             ; 0 H/in                 ; 0 F/in                 ; short        ; open          ; open            ; open  ; 0 V                 ; -                  ; n/a           ; n/a             ; n/a         ;
; GPIO_1[27]          ; 3.3-V LVTTL  ; 0 in              ; 0 H/in                  ; 0 F/in                  ; short         ; -                   ; open           ; open             ; open   ; 0 in             ; 0 H/in                 ; 0 F/in                 ; short        ; open          ; open            ; open  ; 0 V                 ; -                  ; n/a           ; n/a             ; n/a         ;
; GPIO_1[28]          ; 3.3-V LVTTL  ; 0 in              ; 0 H/in                  ; 0 F/in                  ; short         ; -                   ; open           ; open             ; open   ; 0 in             ; 0 H/in                 ; 0 F/in                 ; short        ; open          ; open            ; open  ; 0 V                 ; -                  ; n/a           ; n/a             ; n/a         ;
; GPIO_1[29]          ; 3.3-V LVTTL  ; 0 in              ; 0 H/in                  ; 0 F/in                  ; short         ; -                   ; open           ; open             ; open   ; 0 in             ; 0 H/in                 ; 0 F/in                 ; short        ; open          ; open            ; open  ; 0 V                 ; -                  ; n/a           ; n/a             ; n/a         ;
; GPIO_1[30]          ; 3.3-V LVTTL  ; 0 in              ; 0 H/in                  ; 0 F/in                  ; short         ; -                   ; open           ; open             ; open   ; 0 in             ; 0 H/in                 ; 0 F/in                 ; short        ; open          ; open            ; open  ; 0 V                 ; -                  ; n/a           ; n/a             ; n/a         ;
; GPIO_1[31]          ; 3.3-V LVTTL  ; 0 in              ; 0 H/in                  ; 0 F/in                  ; short         ; -                   ; open           ; open             ; open   ; 0 in             ; 0 H/in                 ; 0 F/in                 ; short        ; open          ; open            ; open  ; 0 V                 ; -                  ; n/a           ; n/a             ; n/a         ;
; GPIO_1[32]          ; 3.3-V LVTTL  ; 0 in              ; 0 H/in                  ; 0 F/in                  ; short         ; -                   ; open           ; open             ; open   ; 0 in             ; 0 H/in                 ; 0 F/in                 ; short        ; open          ; open            ; open  ; 0 V                 ; -                  ; n/a           ; n/a             ; n/a         ;
; GPIO_1[33]          ; 3.3-V LVTTL  ; 0 in              ; 0 H/in                  ; 0 F/in                  ; short         ; -                   ; open           ; open             ; open   ; 0 in             ; 0 H/in                 ; 0 F/in                 ; short        ; open          ; open            ; open  ; 0 V                 ; -                  ; n/a           ; n/a             ; n/a         ;
; GPIO_1[34]          ; 3.3-V LVTTL  ; 0 in              ; 0 H/in                  ; 0 F/in                  ; short         ; -                   ; open           ; open             ; open   ; 0 in             ; 0 H/in                 ; 0 F/in                 ; short        ; open          ; open            ; open  ; 0 V                 ; -                  ; n/a           ; n/a             ; n/a         ;
; GPIO_1[35]          ; 3.3-V LVTTL  ; 0 in              ; 0 H/in                  ; 0 F/in                  ; short         ; -                   ; open           ; open             ; open   ; 0 in             ; 0 H/in                 ; 0 F/in                 ; short        ; open          ; open            ; open  ; 0 V                 ; -                  ; n/a           ; n/a             ; n/a         ;
; PS2_CLK             ; 3.3-V LVTTL  ; 0 in              ; 0 H/in                  ; 0 F/in                  ; short         ; -                   ; open           ; open             ; open   ; 0 in             ; 0 H/in                 ; 0 F/in                 ; short        ; open          ; open            ; open  ; 0 V                 ; -                  ; n/a           ; n/a             ; n/a         ;
; PS2_CLK2            ; 3.3-V LVTTL  ; 0 in              ; 0 H/in                  ; 0 F/in                  ; short         ; -                   ; open           ; open             ; open   ; 0 in             ; 0 H/in                 ; 0 F/in                 ; short        ; open          ; open            ; open  ; 0 V                 ; -                  ; n/a           ; n/a             ; n/a         ;
; PS2_DAT             ; 3.3-V LVTTL  ; 0 in              ; 0 H/in                  ; 0 F/in                  ; short         ; -                   ; open           ; open             ; open   ; 0 in             ; 0 H/in                 ; 0 F/in                 ; short        ; open          ; open            ; open  ; 0 V                 ; -                  ; n/a           ; n/a             ; n/a         ;
; PS2_DAT2            ; 3.3-V LVTTL  ; 0 in              ; 0 H/in                  ; 0 F/in                  ; short         ; -                   ; open           ; open             ; open   ; 0 in             ; 0 H/in                 ; 0 F/in                 ; short        ; open          ; open            ; open  ; 0 V                 ; -                  ; n/a           ; n/a             ; n/a         ;
; SD_CMD              ; 3.3-V LVTTL  ; 0 in              ; 0 H/in                  ; 0 F/in                  ; short         ; -                   ; open           ; open             ; open   ; 0 in             ; 0 H/in                 ; 0 F/in                 ; short        ; open          ; open            ; open  ; 0 V                 ; -                  ; n/a           ; n/a             ; n/a         ;
; SD_DATA[0]          ; 3.3-V LVTTL  ; 0 in              ; 0 H/in                  ; 0 F/in                  ; short         ; -                   ; open           ; open             ; open   ; 0 in             ; 0 H/in                 ; 0 F/in                 ; short        ; open          ; open            ; open  ; 0 V                 ; -                  ; n/a           ; n/a             ; n/a         ;
; SD_DATA[1]          ; 3.3-V LVTTL  ; 0 in              ; 0 H/in                  ; 0 F/in                  ; short         ; -                   ; open           ; open             ; open   ; 0 in             ; 0 H/in                 ; 0 F/in                 ; short        ; open          ; open            ; open  ; 0 V                 ; -                  ; n/a           ; n/a             ; n/a         ;
; SD_DATA[2]          ; 3.3-V LVTTL  ; 0 in              ; 0 H/in                  ; 0 F/in                  ; short         ; -                   ; open           ; open             ; open   ; 0 in             ; 0 H/in                 ; 0 F/in                 ; short        ; open          ; open            ; open  ; 0 V                 ; -                  ; n/a           ; n/a             ; n/a         ;
; SD_DATA[3]          ; 3.3-V LVTTL  ; 0 in              ; 0 H/in                  ; 0 F/in                  ; short         ; -                   ; open           ; open             ; open   ; 0 in             ; 0 H/in                 ; 0 F/in                 ; short        ; open          ; open            ; open  ; 0 V                 ; -                  ; n/a           ; n/a             ; n/a         ;
; GPIO_0[0]           ; 3.3-V LVTTL  ; 0 in              ; 0 H/in                  ; 0 F/in                  ; short         ; -                   ; open           ; open             ; open   ; 0 in             ; 0 H/in                 ; 0 F/in                 ; short        ; open          ; open            ; open  ; 0 V                 ; -                  ; n/a           ; n/a             ; n/a         ;
; GPIO_0[1]           ; 3.3-V LVTTL  ; 0 in              ; 0 H/in                  ; 0 F/in                  ; short         ; -                   ; open           ; open             ; open   ; 0 in             ; 0 H/in                 ; 0 F/in                 ; short        ; open          ; open            ; open  ; 0 V                 ; -                  ; n/a           ; n/a             ; n/a         ;
; GPIO_0[2]           ; 3.3-V LVTTL  ; 0 in              ; 0 H/in                  ; 0 F/in                  ; short         ; -                   ; open           ; open             ; open   ; 0 in             ; 0 H/in                 ; 0 F/in                 ; short        ; open          ; open            ; open  ; 0 V                 ; -                  ; n/a           ; n/a             ; n/a         ;
; GPIO_0[3]           ; 3.3-V LVTTL  ; 0 in              ; 0 H/in                  ; 0 F/in                  ; short         ; -                   ; open           ; open             ; open   ; 0 in             ; 0 H/in                 ; 0 F/in                 ; short        ; open          ; open            ; open  ; 0 V                 ; -                  ; n/a           ; n/a             ; n/a         ;
; GPIO_0[4]           ; 3.3-V LVTTL  ; 0 in              ; 0 H/in                  ; 0 F/in                  ; short         ; -                   ; open           ; open             ; open   ; 0 in             ; 0 H/in                 ; 0 F/in                 ; short        ; open          ; open            ; open  ; 0 V                 ; -                  ; n/a           ; n/a             ; n/a         ;
; GPIO_0[5]           ; 3.3-V LVTTL  ; 0 in              ; 0 H/in                  ; 0 F/in                  ; short         ; -                   ; open           ; open             ; open   ; 0 in             ; 0 H/in                 ; 0 F/in                 ; short        ; open          ; open            ; open  ; 0 V                 ; -                  ; n/a           ; n/a             ; n/a         ;
; GPIO_0[28]          ; 3.3-V LVTTL  ; 0 in              ; 0 H/in                  ; 0 F/in                  ; short         ; -                   ; open           ; open             ; open   ; 0 in             ; 0 H/in                 ; 0 F/in                 ; short        ; open          ; open            ; open  ; 0 V                 ; -                  ; n/a           ; n/a             ; n/a         ;
; GPIO_0[29]          ; 3.3-V LVTTL  ; 0 in              ; 0 H/in                  ; 0 F/in                  ; short         ; -                   ; open           ; open             ; open   ; 0 in             ; 0 H/in                 ; 0 F/in                 ; short        ; open          ; open            ; open  ; 0 V                 ; -                  ; n/a           ; n/a             ; n/a         ;
; GPIO_0[30]          ; 3.3-V LVTTL  ; 0 in              ; 0 H/in                  ; 0 F/in                  ; short         ; -                   ; open           ; open             ; open   ; 0 in             ; 0 H/in                 ; 0 F/in                 ; short        ; open          ; open            ; open  ; 0 V                 ; -                  ; n/a           ; n/a             ; n/a         ;
; GPIO_0[31]          ; 3.3-V LVTTL  ; 0 in              ; 0 H/in                  ; 0 F/in                  ; short         ; -                   ; open           ; open             ; open   ; 0 in             ; 0 H/in                 ; 0 F/in                 ; short        ; open          ; open            ; open  ; 0 V                 ; -                  ; n/a           ; n/a             ; n/a         ;
; GPIO_0[32]          ; 3.3-V LVTTL  ; 0 in              ; 0 H/in                  ; 0 F/in                  ; short         ; -                   ; open           ; open             ; open   ; 0 in             ; 0 H/in                 ; 0 F/in                 ; short        ; open          ; open            ; open  ; 0 V                 ; -                  ; n/a           ; n/a             ; n/a         ;
; GPIO_0[33]          ; 3.3-V LVTTL  ; 0 in              ; 0 H/in                  ; 0 F/in                  ; short         ; -                   ; open           ; open             ; open   ; 0 in             ; 0 H/in                 ; 0 F/in                 ; short        ; open          ; open            ; open  ; 0 V                 ; -                  ; n/a           ; n/a             ; n/a         ;
; GPIO_0[34]          ; 3.3-V LVTTL  ; 0 in              ; 0 H/in                  ; 0 F/in                  ; short         ; -                   ; open           ; open             ; open   ; 0 in             ; 0 H/in                 ; 0 F/in                 ; short        ; open          ; open            ; open  ; 0 V                 ; -                  ; n/a           ; n/a             ; n/a         ;
; GPIO_0[35]          ; 3.3-V LVTTL  ; 0 in              ; 0 H/in                  ; 0 F/in                  ; short         ; -                   ; open           ; open             ; open   ; 0 in             ; 0 H/in                 ; 0 F/in                 ; short        ; open          ; open            ; open  ; 0 V                 ; -                  ; n/a           ; n/a             ; n/a         ;
; altera_reserved_tdo ; 3.3-V LVTTL  ; 0 in              ; 0 H/in                  ; 0 F/in                  ; short         ; -                   ; open           ; open             ; open   ; 0 in             ; 0 H/in                 ; 0 F/in                 ; short        ; open          ; open            ; open  ; 0 V                 ; -                  ; n/a           ; n/a             ; n/a         ;
+---------------------+--------------+-------------------+-------------------------+-------------------------+---------------+---------------------+----------------+------------------+--------+------------------+------------------------+------------------------+--------------+---------------+-----------------+-------+---------------------+--------------------+---------------+-----------------+-------------+


+------------------------------------------------------------------------+
; Input Transition Times                                                 ;
+---------------------+--------------+-----------------+-----------------+
; Pin                 ; I/O Standard ; 10-90 Rise Time ; 90-10 Fall Time ;
+---------------------+--------------+-----------------+-----------------+
; CLOCK2_50           ; 3.3-V LVTTL  ; 2640 ps         ; 2640 ps         ;
; CLOCK3_50           ; 3.3-V LVTTL  ; 2640 ps         ; 2640 ps         ;
; KEY[0]              ; 3.3-V LVTTL  ; 2640 ps         ; 2640 ps         ;
; KEY[1]              ; 3.3-V LVTTL  ; 2640 ps         ; 2640 ps         ;
; KEY[2]              ; 3.3-V LVTTL  ; 2640 ps         ; 2640 ps         ;
; KEY[3]              ; 3.3-V LVTTL  ; 2640 ps         ; 2640 ps         ;
; RESET_N             ; 3.3-V LVTTL  ; 2640 ps         ; 2640 ps         ;
; SW[3]               ; 3.3-V LVTTL  ; 2640 ps         ; 2640 ps         ;
; SW[4]               ; 3.3-V LVTTL  ; 2640 ps         ; 2640 ps         ;
; SW[5]               ; 3.3-V LVTTL  ; 2640 ps         ; 2640 ps         ;
; SW[6]               ; 3.3-V LVTTL  ; 2640 ps         ; 2640 ps         ;
; SW[7]               ; 3.3-V LVTTL  ; 2640 ps         ; 2640 ps         ;
; SW[8]               ; 3.3-V LVTTL  ; 2640 ps         ; 2640 ps         ;
; SW[9]               ; 3.3-V LVTTL  ; 2640 ps         ; 2640 ps         ;
; CLOCK4_50           ; 3.3-V LVTTL  ; 2640 ps         ; 2640 ps         ;
; DRAM_DQ[0]          ; 3.3-V LVTTL  ; 2640 ps         ; 2640 ps         ;
; DRAM_DQ[1]          ; 3.3-V LVTTL  ; 2640 ps         ; 2640 ps         ;
; DRAM_DQ[2]          ; 3.3-V LVTTL  ; 2640 ps         ; 2640 ps         ;
; DRAM_DQ[3]          ; 3.3-V LVTTL  ; 2640 ps         ; 2640 ps         ;
; DRAM_DQ[4]          ; 3.3-V LVTTL  ; 2640 ps         ; 2640 ps         ;
; DRAM_DQ[5]          ; 3.3-V LVTTL  ; 2640 ps         ; 2640 ps         ;
; DRAM_DQ[6]          ; 3.3-V LVTTL  ; 2640 ps         ; 2640 ps         ;
; DRAM_DQ[7]          ; 3.3-V LVTTL  ; 2640 ps         ; 2640 ps         ;
; DRAM_DQ[8]          ; 3.3-V LVTTL  ; 2640 ps         ; 2640 ps         ;
; DRAM_DQ[9]          ; 3.3-V LVTTL  ; 2640 ps         ; 2640 ps         ;
; DRAM_DQ[10]         ; 3.3-V LVTTL  ; 2640 ps         ; 2640 ps         ;
; DRAM_DQ[11]         ; 3.3-V LVTTL  ; 2640 ps         ; 2640 ps         ;
; DRAM_DQ[12]         ; 3.3-V LVTTL  ; 2640 ps         ; 2640 ps         ;
; DRAM_DQ[13]         ; 3.3-V LVTTL  ; 2640 ps         ; 2640 ps         ;
; DRAM_DQ[14]         ; 3.3-V LVTTL  ; 2640 ps         ; 2640 ps         ;
; DRAM_DQ[15]         ; 3.3-V LVTTL  ; 2640 ps         ; 2640 ps         ;
; GPIO_0[6]           ; 3.3-V LVTTL  ; 2640 ps         ; 2640 ps         ;
; GPIO_0[7]           ; 3.3-V LVTTL  ; 2640 ps         ; 2640 ps         ;
; GPIO_0[8]           ; 3.3-V LVTTL  ; 2640 ps         ; 2640 ps         ;
; GPIO_0[9]           ; 3.3-V LVTTL  ; 2640 ps         ; 2640 ps         ;
; GPIO_0[10]          ; 3.3-V LVTTL  ; 2640 ps         ; 2640 ps         ;
; GPIO_0[11]          ; 3.3-V LVTTL  ; 2640 ps         ; 2640 ps         ;
; GPIO_0[12]          ; 3.3-V LVTTL  ; 2640 ps         ; 2640 ps         ;
; GPIO_0[13]          ; 3.3-V LVTTL  ; 2640 ps         ; 2640 ps         ;
; GPIO_0[14]          ; 3.3-V LVTTL  ; 2640 ps         ; 2640 ps         ;
; GPIO_0[15]          ; 3.3-V LVTTL  ; 2640 ps         ; 2640 ps         ;
; GPIO_0[16]          ; 3.3-V LVTTL  ; 2640 ps         ; 2640 ps         ;
; GPIO_0[17]          ; 3.3-V LVTTL  ; 2640 ps         ; 2640 ps         ;
; GPIO_0[18]          ; 3.3-V LVTTL  ; 2640 ps         ; 2640 ps         ;
; GPIO_0[19]          ; 3.3-V LVTTL  ; 2640 ps         ; 2640 ps         ;
; GPIO_0[20]          ; 3.3-V LVTTL  ; 2640 ps         ; 2640 ps         ;
; GPIO_0[21]          ; 3.3-V LVTTL  ; 2640 ps         ; 2640 ps         ;
; GPIO_0[22]          ; 3.3-V LVTTL  ; 2640 ps         ; 2640 ps         ;
; GPIO_0[23]          ; 3.3-V LVTTL  ; 2640 ps         ; 2640 ps         ;
; GPIO_0[24]          ; 3.3-V LVTTL  ; 2640 ps         ; 2640 ps         ;
; GPIO_0[25]          ; 3.3-V LVTTL  ; 2640 ps         ; 2640 ps         ;
; GPIO_0[26]          ; 3.3-V LVTTL  ; 2640 ps         ; 2640 ps         ;
; GPIO_0[27]          ; 3.3-V LVTTL  ; 2640 ps         ; 2640 ps         ;
; GPIO_1[0]           ; 3.3-V LVTTL  ; 2640 ps         ; 2640 ps         ;
; GPIO_1[1]           ; 3.3-V LVTTL  ; 2640 ps         ; 2640 ps         ;
; GPIO_1[2]           ; 3.3-V LVTTL  ; 2640 ps         ; 2640 ps         ;
; GPIO_1[3]           ; 3.3-V LVTTL  ; 2640 ps         ; 2640 ps         ;
; GPIO_1[4]           ; 3.3-V LVTTL  ; 2640 ps         ; 2640 ps         ;
; GPIO_1[5]           ; 3.3-V LVTTL  ; 2640 ps         ; 2640 ps         ;
; GPIO_1[6]           ; 3.3-V LVTTL  ; 2640 ps         ; 2640 ps         ;
; GPIO_1[7]           ; 3.3-V LVTTL  ; 2640 ps         ; 2640 ps         ;
; GPIO_1[8]           ; 3.3-V LVTTL  ; 2640 ps         ; 2640 ps         ;
; GPIO_1[9]           ; 3.3-V LVTTL  ; 2640 ps         ; 2640 ps         ;
; GPIO_1[10]          ; 3.3-V LVTTL  ; 2640 ps         ; 2640 ps         ;
; GPIO_1[11]          ; 3.3-V LVTTL  ; 2640 ps         ; 2640 ps         ;
; GPIO_1[12]          ; 3.3-V LVTTL  ; 2640 ps         ; 2640 ps         ;
; GPIO_1[13]          ; 3.3-V LVTTL  ; 2640 ps         ; 2640 ps         ;
; GPIO_1[14]          ; 3.3-V LVTTL  ; 2640 ps         ; 2640 ps         ;
; GPIO_1[15]          ; 3.3-V LVTTL  ; 2640 ps         ; 2640 ps         ;
; GPIO_1[16]          ; 3.3-V LVTTL  ; 2640 ps         ; 2640 ps         ;
; GPIO_1[17]          ; 3.3-V LVTTL  ; 2640 ps         ; 2640 ps         ;
; GPIO_1[18]          ; 3.3-V LVTTL  ; 2640 ps         ; 2640 ps         ;
; GPIO_1[19]          ; 3.3-V LVTTL  ; 2640 ps         ; 2640 ps         ;
; GPIO_1[20]          ; 3.3-V LVTTL  ; 2640 ps         ; 2640 ps         ;
; GPIO_1[21]          ; 3.3-V LVTTL  ; 2640 ps         ; 2640 ps         ;
; GPIO_1[22]          ; 3.3-V LVTTL  ; 2640 ps         ; 2640 ps         ;
; GPIO_1[23]          ; 3.3-V LVTTL  ; 2640 ps         ; 2640 ps         ;
; GPIO_1[24]          ; 3.3-V LVTTL  ; 2640 ps         ; 2640 ps         ;
; GPIO_1[25]          ; 3.3-V LVTTL  ; 2640 ps         ; 2640 ps         ;
; GPIO_1[26]          ; 3.3-V LVTTL  ; 2640 ps         ; 2640 ps         ;
; GPIO_1[27]          ; 3.3-V LVTTL  ; 2640 ps         ; 2640 ps         ;
; GPIO_1[28]          ; 3.3-V LVTTL  ; 2640 ps         ; 2640 ps         ;
; GPIO_1[29]          ; 3.3-V LVTTL  ; 2640 ps         ; 2640 ps         ;
; GPIO_1[30]          ; 3.3-V LVTTL  ; 2640 ps         ; 2640 ps         ;
; GPIO_1[31]          ; 3.3-V LVTTL  ; 2640 ps         ; 2640 ps         ;
; GPIO_1[32]          ; 3.3-V LVTTL  ; 2640 ps         ; 2640 ps         ;
; GPIO_1[33]          ; 3.3-V LVTTL  ; 2640 ps         ; 2640 ps         ;
; GPIO_1[34]          ; 3.3-V LVTTL  ; 2640 ps         ; 2640 ps         ;
; GPIO_1[35]          ; 3.3-V LVTTL  ; 2640 ps         ; 2640 ps         ;
; PS2_CLK             ; 3.3-V LVTTL  ; 2640 ps         ; 2640 ps         ;
; PS2_CLK2            ; 3.3-V LVTTL  ; 2640 ps         ; 2640 ps         ;
; PS2_DAT             ; 3.3-V LVTTL  ; 2640 ps         ; 2640 ps         ;
; PS2_DAT2            ; 3.3-V LVTTL  ; 2640 ps         ; 2640 ps         ;
; SD_CMD              ; 3.3-V LVTTL  ; 2640 ps         ; 2640 ps         ;
; SD_DATA[0]          ; 3.3-V LVTTL  ; 2640 ps         ; 2640 ps         ;
; SD_DATA[1]          ; 3.3-V LVTTL  ; 2640 ps         ; 2640 ps         ;
; SD_DATA[2]          ; 3.3-V LVTTL  ; 2640 ps         ; 2640 ps         ;
; SD_DATA[3]          ; 3.3-V LVTTL  ; 2640 ps         ; 2640 ps         ;
; GPIO_0[0]           ; 3.3-V LVTTL  ; 2640 ps         ; 2640 ps         ;
; GPIO_0[1]           ; 3.3-V LVTTL  ; 2640 ps         ; 2640 ps         ;
; GPIO_0[2]           ; 3.3-V LVTTL  ; 2640 ps         ; 2640 ps         ;
; GPIO_0[3]           ; 3.3-V LVTTL  ; 2640 ps         ; 2640 ps         ;
; GPIO_0[4]           ; 3.3-V LVTTL  ; 2640 ps         ; 2640 ps         ;
; GPIO_0[5]           ; 3.3-V LVTTL  ; 2640 ps         ; 2640 ps         ;
; GPIO_0[28]          ; 3.3-V LVTTL  ; 2640 ps         ; 2640 ps         ;
; GPIO_0[29]          ; 3.3-V LVTTL  ; 2640 ps         ; 2640 ps         ;
; GPIO_0[30]          ; 3.3-V LVTTL  ; 2640 ps         ; 2640 ps         ;
; GPIO_0[31]          ; 3.3-V LVTTL  ; 2640 ps         ; 2640 ps         ;
; GPIO_0[32]          ; 3.3-V LVTTL  ; 2640 ps         ; 2640 ps         ;
; GPIO_0[33]          ; 3.3-V LVTTL  ; 2640 ps         ; 2640 ps         ;
; GPIO_0[34]          ; 3.3-V LVTTL  ; 2640 ps         ; 2640 ps         ;
; GPIO_0[35]          ; 3.3-V LVTTL  ; 2640 ps         ; 2640 ps         ;
; SW[2]               ; 3.3-V LVTTL  ; 2640 ps         ; 2640 ps         ;
; SW[1]               ; 3.3-V LVTTL  ; 2640 ps         ; 2640 ps         ;
; CLOCK_50            ; 3.3-V LVTTL  ; 2640 ps         ; 2640 ps         ;
; SW[0]               ; 3.3-V LVTTL  ; 2640 ps         ; 2640 ps         ;
; altera_reserved_tms ; 3.3-V LVTTL  ; 2640 ps         ; 2640 ps         ;
; altera_reserved_tck ; 3.3-V LVTTL  ; 2640 ps         ; 2640 ps         ;
; altera_reserved_tdi ; 3.3-V LVTTL  ; 2640 ps         ; 2640 ps         ;
+---------------------+--------------+-----------------+-----------------+


+--------------------------------------------------------------------------------------------------------------------------------------------------------------------------------------------------------------------------------------------------------------------------------------------------------------------------------------------------------------------------------------------------------------------------------------------------------------------------------------------------------------------------------------------------------------------------------------------------------------------------------------------------------------------------------------------------+
; Signal Integrity Metrics (Slow 1100mv 0c Model)                                                                                                                                                                                                                                                                                                                                                                                                                                                                                                                                                                                                                                                  ;
+---------------------+--------------+---------------------+---------------------+------------------------------+------------------------------+---------------------+---------------------+--------------------------------------+--------------------------------------+-----------------------------+-----------------------------+----------------------------+----------------------------+-----------------------------+-----------------------------+--------------------+--------------------+-------------------------------------+-------------------------------------+----------------------------+----------------------------+---------------------------+---------------------------+
; Pin                 ; I/O Standard ; Board Delay on Rise ; Board Delay on Fall ; Steady State Voh at FPGA Pin ; Steady State Vol at FPGA Pin ; Voh Max at FPGA Pin ; Vol Min at FPGA Pin ; Ringback Voltage on Rise at FPGA Pin ; Ringback Voltage on Fall at FPGA Pin ; 10-90 Rise Time at FPGA Pin ; 90-10 Fall Time at FPGA Pin ; Monotonic Rise at FPGA Pin ; Monotonic Fall at FPGA Pin ; Steady State Voh at Far-end ; Steady State Vol at Far-end ; Voh Max at Far-end ; Vol Min at Far-end ; Ringback Voltage on Rise at Far-end ; Ringback Voltage on Fall at Far-end ; 10-90 Rise Time at Far-end ; 90-10 Fall Time at Far-end ; Monotonic Rise at Far-end ; Monotonic Fall at Far-end ;
+---------------------+--------------+---------------------+---------------------+------------------------------+------------------------------+---------------------+---------------------+--------------------------------------+--------------------------------------+-----------------------------+-----------------------------+----------------------------+----------------------------+-----------------------------+-----------------------------+--------------------+--------------------+-------------------------------------+-------------------------------------+----------------------------+----------------------------+---------------------------+---------------------------+
; DRAM_ADDR[0]        ; 3.3-V LVTTL  ; 0 s                 ; 0 s                 ; 3.08 V                       ; 2.01e-07 V                   ; 3.13 V              ; -0.229 V            ; 0.132 V                              ; 0.377 V                              ; 4.37e-10 s                  ; 1.58e-10 s                  ; Yes                        ; No                         ; 3.08 V                      ; 2.01e-07 V                  ; 3.13 V             ; -0.229 V           ; 0.132 V                             ; 0.377 V                             ; 4.37e-10 s                 ; 1.58e-10 s                 ; Yes                       ; No                        ;
; DRAM_ADDR[1]        ; 3.3-V LVTTL  ; 0 s                 ; 0 s                 ; 3.08 V                       ; 2.1e-07 V                    ; 3.12 V              ; -0.169 V            ; 0.165 V                              ; 0.384 V                              ; 4.57e-10 s                  ; 1.75e-10 s                  ; Yes                        ; No                         ; 3.08 V                      ; 2.1e-07 V                   ; 3.12 V             ; -0.169 V           ; 0.165 V                             ; 0.384 V                             ; 4.57e-10 s                 ; 1.75e-10 s                 ; Yes                       ; No                        ;
; DRAM_ADDR[2]        ; 3.3-V LVTTL  ; 0 s                 ; 0 s                 ; 3.08 V                       ; 1.58e-07 V                   ; 3.09 V              ; -0.13 V             ; 0.032 V                              ; 0.298 V                              ; 4.39e-10 s                  ; 1.69e-10 s                  ; Yes                        ; Yes                        ; 3.08 V                      ; 1.58e-07 V                  ; 3.09 V             ; -0.13 V            ; 0.032 V                             ; 0.298 V                             ; 4.39e-10 s                 ; 1.69e-10 s                 ; Yes                       ; Yes                       ;
; DRAM_ADDR[3]        ; 3.3-V LVTTL  ; 0 s                 ; 0 s                 ; 3.08 V                       ; 2.01e-07 V                   ; 3.13 V              ; -0.229 V            ; 0.132 V                              ; 0.377 V                              ; 4.37e-10 s                  ; 1.58e-10 s                  ; Yes                        ; No                         ; 3.08 V                      ; 2.01e-07 V                  ; 3.13 V             ; -0.229 V           ; 0.132 V                             ; 0.377 V                             ; 4.37e-10 s                 ; 1.58e-10 s                 ; Yes                       ; No                        ;
; DRAM_ADDR[4]        ; 3.3-V LVTTL  ; 0 s                 ; 0 s                 ; 3.08 V                       ; 2.1e-07 V                    ; 3.12 V              ; -0.169 V            ; 0.165 V                              ; 0.384 V                              ; 4.57e-10 s                  ; 1.75e-10 s                  ; Yes                        ; No                         ; 3.08 V                      ; 2.1e-07 V                   ; 3.12 V             ; -0.169 V           ; 0.165 V                             ; 0.384 V                             ; 4.57e-10 s                 ; 1.75e-10 s                 ; Yes                       ; No                        ;
; DRAM_ADDR[5]        ; 3.3-V LVTTL  ; 0 s                 ; 0 s                 ; 3.08 V                       ; 2.01e-07 V                   ; 3.13 V              ; -0.229 V            ; 0.132 V                              ; 0.377 V                              ; 4.37e-10 s                  ; 1.58e-10 s                  ; Yes                        ; No                         ; 3.08 V                      ; 2.01e-07 V                  ; 3.13 V             ; -0.229 V           ; 0.132 V                             ; 0.377 V                             ; 4.37e-10 s                 ; 1.58e-10 s                 ; Yes                       ; No                        ;
; DRAM_ADDR[6]        ; 3.3-V LVTTL  ; 0 s                 ; 0 s                 ; 3.08 V                       ; 2.01e-07 V                   ; 3.13 V              ; -0.229 V            ; 0.131 V                              ; 0.38 V                               ; 4.37e-10 s                  ; 1.58e-10 s                  ; Yes                        ; No                         ; 3.08 V                      ; 2.01e-07 V                  ; 3.13 V             ; -0.229 V           ; 0.131 V                             ; 0.38 V                              ; 4.37e-10 s                 ; 1.58e-10 s                 ; Yes                       ; No                        ;
; DRAM_ADDR[7]        ; 3.3-V LVTTL  ; 0 s                 ; 0 s                 ; 3.08 V                       ; 2.01e-07 V                   ; 3.13 V              ; -0.229 V            ; 0.131 V                              ; 0.38 V                               ; 4.37e-10 s                  ; 1.58e-10 s                  ; Yes                        ; No                         ; 3.08 V                      ; 2.01e-07 V                  ; 3.13 V             ; -0.229 V           ; 0.131 V                             ; 0.38 V                              ; 4.37e-10 s                 ; 1.58e-10 s                 ; Yes                       ; No                        ;
; DRAM_ADDR[8]        ; 3.3-V LVTTL  ; 0 s                 ; 0 s                 ; 3.08 V                       ; 1.58e-07 V                   ; 3.09 V              ; -0.13 V             ; 0.032 V                              ; 0.298 V                              ; 4.39e-10 s                  ; 1.69e-10 s                  ; Yes                        ; Yes                        ; 3.08 V                      ; 1.58e-07 V                  ; 3.09 V             ; -0.13 V            ; 0.032 V                             ; 0.298 V                             ; 4.39e-10 s                 ; 1.69e-10 s                 ; Yes                       ; Yes                       ;
; DRAM_ADDR[9]        ; 3.3-V LVTTL  ; 0 s                 ; 0 s                 ; 3.08 V                       ; 2.1e-07 V                    ; 3.12 V              ; -0.169 V            ; 0.165 V                              ; 0.384 V                              ; 4.57e-10 s                  ; 1.75e-10 s                  ; Yes                        ; No                         ; 3.08 V                      ; 2.1e-07 V                   ; 3.12 V             ; -0.169 V           ; 0.165 V                             ; 0.384 V                             ; 4.57e-10 s                 ; 1.75e-10 s                 ; Yes                       ; No                        ;
; DRAM_ADDR[10]       ; 3.3-V LVTTL  ; 0 s                 ; 0 s                 ; 3.08 V                       ; 2.01e-07 V                   ; 3.13 V              ; -0.229 V            ; 0.131 V                              ; 0.38 V                               ; 4.37e-10 s                  ; 1.58e-10 s                  ; Yes                        ; No                         ; 3.08 V                      ; 2.01e-07 V                  ; 3.13 V             ; -0.229 V           ; 0.131 V                             ; 0.38 V                              ; 4.37e-10 s                 ; 1.58e-10 s                 ; Yes                       ; No                        ;
; DRAM_ADDR[11]       ; 3.3-V LVTTL  ; 0 s                 ; 0 s                 ; 3.08 V                       ; 1.58e-07 V                   ; 3.09 V              ; -0.13 V             ; 0.032 V                              ; 0.298 V                              ; 4.39e-10 s                  ; 1.69e-10 s                  ; Yes                        ; Yes                        ; 3.08 V                      ; 1.58e-07 V                  ; 3.09 V             ; -0.13 V            ; 0.032 V                             ; 0.298 V                             ; 4.39e-10 s                 ; 1.69e-10 s                 ; Yes                       ; Yes                       ;
; DRAM_ADDR[12]       ; 3.3-V LVTTL  ; 0 s                 ; 0 s                 ; 3.08 V                       ; 2.01e-07 V                   ; 3.13 V              ; -0.229 V            ; 0.132 V                              ; 0.377 V                              ; 4.37e-10 s                  ; 1.58e-10 s                  ; Yes                        ; No                         ; 3.08 V                      ; 2.01e-07 V                  ; 3.13 V             ; -0.229 V           ; 0.132 V                             ; 0.377 V                             ; 4.37e-10 s                 ; 1.58e-10 s                 ; Yes                       ; No                        ;
; DRAM_BA[0]          ; 3.3-V LVTTL  ; 0 s                 ; 0 s                 ; 3.08 V                       ; 1.58e-07 V                   ; 3.09 V              ; -0.13 V             ; 0.032 V                              ; 0.298 V                              ; 4.39e-10 s                  ; 1.69e-10 s                  ; Yes                        ; Yes                        ; 3.08 V                      ; 1.58e-07 V                  ; 3.09 V             ; -0.13 V            ; 0.032 V                             ; 0.298 V                             ; 4.39e-10 s                 ; 1.69e-10 s                 ; Yes                       ; Yes                       ;
; DRAM_BA[1]          ; 3.3-V LVTTL  ; 0 s                 ; 0 s                 ; 3.08 V                       ; 2.01e-07 V                   ; 3.13 V              ; -0.229 V            ; 0.131 V                              ; 0.38 V                               ; 4.37e-10 s                  ; 1.58e-10 s                  ; Yes                        ; No                         ; 3.08 V                      ; 2.01e-07 V                  ; 3.13 V             ; -0.229 V           ; 0.131 V                             ; 0.38 V                              ; 4.37e-10 s                 ; 1.58e-10 s                 ; Yes                       ; No                        ;
; DRAM_CAS_N          ; 3.3-V LVTTL  ; 0 s                 ; 0 s                 ; 3.08 V                       ; 2.01e-07 V                   ; 3.13 V              ; -0.229 V            ; 0.131 V                              ; 0.38 V                               ; 4.37e-10 s                  ; 1.58e-10 s                  ; Yes                        ; No                         ; 3.08 V                      ; 2.01e-07 V                  ; 3.13 V             ; -0.229 V           ; 0.131 V                             ; 0.38 V                              ; 4.37e-10 s                 ; 1.58e-10 s                 ; Yes                       ; No                        ;
; DRAM_CKE            ; 3.3-V LVTTL  ; 0 s                 ; 0 s                 ; 3.08 V                       ; 1.58e-07 V                   ; 3.09 V              ; -0.13 V             ; 0.032 V                              ; 0.298 V                              ; 4.39e-10 s                  ; 1.69e-10 s                  ; Yes                        ; Yes                        ; 3.08 V                      ; 1.58e-07 V                  ; 3.09 V             ; -0.13 V            ; 0.032 V                             ; 0.298 V                             ; 4.39e-10 s                 ; 1.69e-10 s                 ; Yes                       ; Yes                       ;
; DRAM_CLK            ; 3.3-V LVTTL  ; 0 s                 ; 0 s                 ; 3.08 V                       ; 2.01e-07 V                   ; 3.13 V              ; -0.229 V            ; 0.131 V                              ; 0.38 V                               ; 4.37e-10 s                  ; 1.58e-10 s                  ; Yes                        ; No                         ; 3.08 V                      ; 2.01e-07 V                  ; 3.13 V             ; -0.229 V           ; 0.131 V                             ; 0.38 V                              ; 4.37e-10 s                 ; 1.58e-10 s                 ; Yes                       ; No                        ;
; DRAM_CS_N           ; 3.3-V LVTTL  ; 0 s                 ; 0 s                 ; 3.08 V                       ; 2.01e-07 V                   ; 3.13 V              ; -0.229 V            ; 0.132 V                              ; 0.377 V                              ; 4.37e-10 s                  ; 1.58e-10 s                  ; Yes                        ; No                         ; 3.08 V                      ; 2.01e-07 V                  ; 3.13 V             ; -0.229 V           ; 0.132 V                             ; 0.377 V                             ; 4.37e-10 s                 ; 1.58e-10 s                 ; Yes                       ; No                        ;
; DRAM_LDQM           ; 3.3-V LVTTL  ; 0 s                 ; 0 s                 ; 3.08 V                       ; 2.1e-07 V                    ; 3.12 V              ; -0.169 V            ; 0.165 V                              ; 0.384 V                              ; 4.57e-10 s                  ; 1.75e-10 s                  ; Yes                        ; No                         ; 3.08 V                      ; 2.1e-07 V                   ; 3.12 V             ; -0.169 V           ; 0.165 V                             ; 0.384 V                             ; 4.57e-10 s                 ; 1.75e-10 s                 ; Yes                       ; No                        ;
; DRAM_RAS_N          ; 3.3-V LVTTL  ; 0 s                 ; 0 s                 ; 3.08 V                       ; 2.01e-07 V                   ; 3.13 V              ; -0.229 V            ; 0.132 V                              ; 0.377 V                              ; 4.37e-10 s                  ; 1.58e-10 s                  ; Yes                        ; No                         ; 3.08 V                      ; 2.01e-07 V                  ; 3.13 V             ; -0.229 V           ; 0.132 V                             ; 0.377 V                             ; 4.37e-10 s                 ; 1.58e-10 s                 ; Yes                       ; No                        ;
; DRAM_UDQM           ; 3.3-V LVTTL  ; 0 s                 ; 0 s                 ; 3.08 V                       ; 2.1e-07 V                    ; 3.12 V              ; -0.169 V            ; 0.165 V                              ; 0.384 V                              ; 4.57e-10 s                  ; 1.75e-10 s                  ; Yes                        ; No                         ; 3.08 V                      ; 2.1e-07 V                   ; 3.12 V             ; -0.169 V           ; 0.165 V                             ; 0.384 V                             ; 4.57e-10 s                 ; 1.75e-10 s                 ; Yes                       ; No                        ;
; DRAM_WE_N           ; 3.3-V LVTTL  ; 0 s                 ; 0 s                 ; 3.08 V                       ; 2.01e-07 V                   ; 3.13 V              ; -0.229 V            ; 0.131 V                              ; 0.38 V                               ; 4.37e-10 s                  ; 1.58e-10 s                  ; Yes                        ; No                         ; 3.08 V                      ; 2.01e-07 V                  ; 3.13 V             ; -0.229 V           ; 0.131 V                             ; 0.38 V                              ; 4.37e-10 s                 ; 1.58e-10 s                 ; Yes                       ; No                        ;
; HEX0[0]             ; 3.3-V LVTTL  ; 0 s                 ; 0 s                 ; 3.08 V                       ; 2.01e-07 V                   ; 3.13 V              ; -0.229 V            ; 0.132 V                              ; 0.377 V                              ; 4.37e-10 s                  ; 1.58e-10 s                  ; Yes                        ; No                         ; 3.08 V                      ; 2.01e-07 V                  ; 3.13 V             ; -0.229 V           ; 0.132 V                             ; 0.377 V                             ; 4.37e-10 s                 ; 1.58e-10 s                 ; Yes                       ; No                        ;
; HEX0[1]             ; 3.3-V LVTTL  ; 0 s                 ; 0 s                 ; 3.08 V                       ; 2.01e-07 V                   ; 3.13 V              ; -0.229 V            ; 0.131 V                              ; 0.38 V                               ; 4.37e-10 s                  ; 1.58e-10 s                  ; Yes                        ; No                         ; 3.08 V                      ; 2.01e-07 V                  ; 3.13 V             ; -0.229 V           ; 0.131 V                             ; 0.38 V                              ; 4.37e-10 s                 ; 1.58e-10 s                 ; Yes                       ; No                        ;
; HEX0[2]             ; 3.3-V LVTTL  ; 0 s                 ; 0 s                 ; 3.08 V                       ; 2.01e-07 V                   ; 3.13 V              ; -0.229 V            ; 0.131 V                              ; 0.38 V                               ; 4.37e-10 s                  ; 1.58e-10 s                  ; Yes                        ; No                         ; 3.08 V                      ; 2.01e-07 V                  ; 3.13 V             ; -0.229 V           ; 0.131 V                             ; 0.38 V                              ; 4.37e-10 s                 ; 1.58e-10 s                 ; Yes                       ; No                        ;
; HEX0[3]             ; 3.3-V LVTTL  ; 0 s                 ; 0 s                 ; 3.08 V                       ; 2.01e-07 V                   ; 3.13 V              ; -0.229 V            ; 0.131 V                              ; 0.38 V                               ; 4.37e-10 s                  ; 1.58e-10 s                  ; Yes                        ; No                         ; 3.08 V                      ; 2.01e-07 V                  ; 3.13 V             ; -0.229 V           ; 0.131 V                             ; 0.38 V                              ; 4.37e-10 s                 ; 1.58e-10 s                 ; Yes                       ; No                        ;
; HEX0[4]             ; 3.3-V LVTTL  ; 0 s                 ; 0 s                 ; 3.08 V                       ; 2.01e-07 V                   ; 3.13 V              ; -0.229 V            ; 0.132 V                              ; 0.377 V                              ; 4.37e-10 s                  ; 1.58e-10 s                  ; Yes                        ; No                         ; 3.08 V                      ; 2.01e-07 V                  ; 3.13 V             ; -0.229 V           ; 0.132 V                             ; 0.377 V                             ; 4.37e-10 s                 ; 1.58e-10 s                 ; Yes                       ; No                        ;
; HEX0[5]             ; 3.3-V LVTTL  ; 0 s                 ; 0 s                 ; 3.08 V                       ; 2.01e-07 V                   ; 3.13 V              ; -0.229 V            ; 0.132 V                              ; 0.377 V                              ; 4.37e-10 s                  ; 1.58e-10 s                  ; Yes                        ; No                         ; 3.08 V                      ; 2.01e-07 V                  ; 3.13 V             ; -0.229 V           ; 0.132 V                             ; 0.377 V                             ; 4.37e-10 s                 ; 1.58e-10 s                 ; Yes                       ; No                        ;
; HEX0[6]             ; 3.3-V LVTTL  ; 0 s                 ; 0 s                 ; 3.08 V                       ; 2.01e-07 V                   ; 3.13 V              ; -0.229 V            ; 0.131 V                              ; 0.38 V                               ; 4.37e-10 s                  ; 1.58e-10 s                  ; Yes                        ; No                         ; 3.08 V                      ; 2.01e-07 V                  ; 3.13 V             ; -0.229 V           ; 0.131 V                             ; 0.38 V                              ; 4.37e-10 s                 ; 1.58e-10 s                 ; Yes                       ; No                        ;
; HEX1[0]             ; 3.3-V LVTTL  ; 0 s                 ; 0 s                 ; 3.08 V                       ; 2.01e-07 V                   ; 3.13 V              ; -0.229 V            ; 0.131 V                              ; 0.38 V                               ; 4.37e-10 s                  ; 1.58e-10 s                  ; Yes                        ; No                         ; 3.08 V                      ; 2.01e-07 V                  ; 3.13 V             ; -0.229 V           ; 0.131 V                             ; 0.38 V                              ; 4.37e-10 s                 ; 1.58e-10 s                 ; Yes                       ; No                        ;
; HEX1[1]             ; 3.3-V LVTTL  ; 0 s                 ; 0 s                 ; 3.08 V                       ; 2.01e-07 V                   ; 3.13 V              ; -0.229 V            ; 0.132 V                              ; 0.377 V                              ; 4.37e-10 s                  ; 1.58e-10 s                  ; Yes                        ; No                         ; 3.08 V                      ; 2.01e-07 V                  ; 3.13 V             ; -0.229 V           ; 0.132 V                             ; 0.377 V                             ; 4.37e-10 s                 ; 1.58e-10 s                 ; Yes                       ; No                        ;
; HEX1[2]             ; 3.3-V LVTTL  ; 0 s                 ; 0 s                 ; 3.08 V                       ; 2.01e-07 V                   ; 3.13 V              ; -0.229 V            ; 0.132 V                              ; 0.377 V                              ; 4.37e-10 s                  ; 1.58e-10 s                  ; Yes                        ; No                         ; 3.08 V                      ; 2.01e-07 V                  ; 3.13 V             ; -0.229 V           ; 0.132 V                             ; 0.377 V                             ; 4.37e-10 s                 ; 1.58e-10 s                 ; Yes                       ; No                        ;
; HEX1[3]             ; 3.3-V LVTTL  ; 0 s                 ; 0 s                 ; 3.08 V                       ; 2.01e-07 V                   ; 3.13 V              ; -0.229 V            ; 0.131 V                              ; 0.38 V                               ; 4.37e-10 s                  ; 1.58e-10 s                  ; Yes                        ; No                         ; 3.08 V                      ; 2.01e-07 V                  ; 3.13 V             ; -0.229 V           ; 0.131 V                             ; 0.38 V                              ; 4.37e-10 s                 ; 1.58e-10 s                 ; Yes                       ; No                        ;
; HEX1[4]             ; 3.3-V LVTTL  ; 0 s                 ; 0 s                 ; 3.08 V                       ; 2.01e-07 V                   ; 3.13 V              ; -0.229 V            ; 0.131 V                              ; 0.38 V                               ; 4.37e-10 s                  ; 1.58e-10 s                  ; Yes                        ; No                         ; 3.08 V                      ; 2.01e-07 V                  ; 3.13 V             ; -0.229 V           ; 0.131 V                             ; 0.38 V                              ; 4.37e-10 s                 ; 1.58e-10 s                 ; Yes                       ; No                        ;
; HEX1[5]             ; 3.3-V LVTTL  ; 0 s                 ; 0 s                 ; 3.08 V                       ; 2.01e-07 V                   ; 3.13 V              ; -0.229 V            ; 0.132 V                              ; 0.377 V                              ; 4.37e-10 s                  ; 1.58e-10 s                  ; Yes                        ; No                         ; 3.08 V                      ; 2.01e-07 V                  ; 3.13 V             ; -0.229 V           ; 0.132 V                             ; 0.377 V                             ; 4.37e-10 s                 ; 1.58e-10 s                 ; Yes                       ; No                        ;
; HEX1[6]             ; 3.3-V LVTTL  ; 0 s                 ; 0 s                 ; 3.08 V                       ; 2.01e-07 V                   ; 3.13 V              ; -0.229 V            ; 0.132 V                              ; 0.377 V                              ; 4.37e-10 s                  ; 1.58e-10 s                  ; Yes                        ; No                         ; 3.08 V                      ; 2.01e-07 V                  ; 3.13 V             ; -0.229 V           ; 0.132 V                             ; 0.377 V                             ; 4.37e-10 s                 ; 1.58e-10 s                 ; Yes                       ; No                        ;
; HEX2[0]             ; 3.3-V LVTTL  ; 0 s                 ; 0 s                 ; 3.08 V                       ; 2.1e-07 V                    ; 3.12 V              ; -0.169 V            ; 0.165 V                              ; 0.384 V                              ; 4.57e-10 s                  ; 1.75e-10 s                  ; Yes                        ; No                         ; 3.08 V                      ; 2.1e-07 V                   ; 3.12 V             ; -0.169 V           ; 0.165 V                             ; 0.384 V                             ; 4.57e-10 s                 ; 1.75e-10 s                 ; Yes                       ; No                        ;
; HEX2[1]             ; 3.3-V LVTTL  ; 0 s                 ; 0 s                 ; 3.08 V                       ; 2.01e-07 V                   ; 3.13 V              ; -0.229 V            ; 0.132 V                              ; 0.377 V                              ; 4.37e-10 s                  ; 1.58e-10 s                  ; Yes                        ; No                         ; 3.08 V                      ; 2.01e-07 V                  ; 3.13 V             ; -0.229 V           ; 0.132 V                             ; 0.377 V                             ; 4.37e-10 s                 ; 1.58e-10 s                 ; Yes                       ; No                        ;
; HEX2[2]             ; 3.3-V LVTTL  ; 0 s                 ; 0 s                 ; 3.08 V                       ; 2.01e-07 V                   ; 3.13 V              ; -0.229 V            ; 0.132 V                              ; 0.377 V                              ; 4.37e-10 s                  ; 1.58e-10 s                  ; Yes                        ; No                         ; 3.08 V                      ; 2.01e-07 V                  ; 3.13 V             ; -0.229 V           ; 0.132 V                             ; 0.377 V                             ; 4.37e-10 s                 ; 1.58e-10 s                 ; Yes                       ; No                        ;
; HEX2[3]             ; 3.3-V LVTTL  ; 0 s                 ; 0 s                 ; 3.08 V                       ; 1.58e-07 V                   ; 3.09 V              ; -0.13 V             ; 0.032 V                              ; 0.298 V                              ; 4.39e-10 s                  ; 1.69e-10 s                  ; Yes                        ; Yes                        ; 3.08 V                      ; 1.58e-07 V                  ; 3.09 V             ; -0.13 V            ; 0.032 V                             ; 0.298 V                             ; 4.39e-10 s                 ; 1.69e-10 s                 ; Yes                       ; Yes                       ;
; HEX2[4]             ; 3.3-V LVTTL  ; 0 s                 ; 0 s                 ; 3.08 V                       ; 1.58e-07 V                   ; 3.09 V              ; -0.13 V             ; 0.032 V                              ; 0.298 V                              ; 4.39e-10 s                  ; 1.69e-10 s                  ; Yes                        ; Yes                        ; 3.08 V                      ; 1.58e-07 V                  ; 3.09 V             ; -0.13 V            ; 0.032 V                             ; 0.298 V                             ; 4.39e-10 s                 ; 1.69e-10 s                 ; Yes                       ; Yes                       ;
; HEX2[5]             ; 3.3-V LVTTL  ; 0 s                 ; 0 s                 ; 3.08 V                       ; 2.01e-07 V                   ; 3.13 V              ; -0.229 V            ; 0.132 V                              ; 0.377 V                              ; 4.37e-10 s                  ; 1.58e-10 s                  ; Yes                        ; No                         ; 3.08 V                      ; 2.01e-07 V                  ; 3.13 V             ; -0.229 V           ; 0.132 V                             ; 0.377 V                             ; 4.37e-10 s                 ; 1.58e-10 s                 ; Yes                       ; No                        ;
; HEX2[6]             ; 3.3-V LVTTL  ; 0 s                 ; 0 s                 ; 3.08 V                       ; 2.01e-07 V                   ; 3.13 V              ; -0.229 V            ; 0.131 V                              ; 0.38 V                               ; 4.37e-10 s                  ; 1.58e-10 s                  ; Yes                        ; No                         ; 3.08 V                      ; 2.01e-07 V                  ; 3.13 V             ; -0.229 V           ; 0.131 V                             ; 0.38 V                              ; 4.37e-10 s                 ; 1.58e-10 s                 ; Yes                       ; No                        ;
; HEX3[0]             ; 3.3-V LVTTL  ; 0 s                 ; 0 s                 ; 3.08 V                       ; 1.58e-07 V                   ; 3.09 V              ; -0.13 V             ; 0.032 V                              ; 0.298 V                              ; 4.39e-10 s                  ; 1.69e-10 s                  ; Yes                        ; Yes                        ; 3.08 V                      ; 1.58e-07 V                  ; 3.09 V             ; -0.13 V            ; 0.032 V                             ; 0.298 V                             ; 4.39e-10 s                 ; 1.69e-10 s                 ; Yes                       ; Yes                       ;
; HEX3[1]             ; 3.3-V LVTTL  ; 0 s                 ; 0 s                 ; 3.08 V                       ; 2.1e-07 V                    ; 3.12 V              ; -0.169 V            ; 0.165 V                              ; 0.384 V                              ; 4.57e-10 s                  ; 1.75e-10 s                  ; Yes                        ; No                         ; 3.08 V                      ; 2.1e-07 V                   ; 3.12 V             ; -0.169 V           ; 0.165 V                             ; 0.384 V                             ; 4.57e-10 s                 ; 1.75e-10 s                 ; Yes                       ; No                        ;
; HEX3[2]             ; 3.3-V LVTTL  ; 0 s                 ; 0 s                 ; 3.08 V                       ; 2.1e-07 V                    ; 3.12 V              ; -0.169 V            ; 0.165 V                              ; 0.384 V                              ; 4.57e-10 s                  ; 1.75e-10 s                  ; Yes                        ; No                         ; 3.08 V                      ; 2.1e-07 V                   ; 3.12 V             ; -0.169 V           ; 0.165 V                             ; 0.384 V                             ; 4.57e-10 s                 ; 1.75e-10 s                 ; Yes                       ; No                        ;
; HEX3[3]             ; 3.3-V LVTTL  ; 0 s                 ; 0 s                 ; 3.08 V                       ; 1.58e-07 V                   ; 3.09 V              ; -0.13 V             ; 0.032 V                              ; 0.298 V                              ; 4.39e-10 s                  ; 1.69e-10 s                  ; Yes                        ; Yes                        ; 3.08 V                      ; 1.58e-07 V                  ; 3.09 V             ; -0.13 V            ; 0.032 V                             ; 0.298 V                             ; 4.39e-10 s                 ; 1.69e-10 s                 ; Yes                       ; Yes                       ;
; HEX3[4]             ; 3.3-V LVTTL  ; 0 s                 ; 0 s                 ; 3.08 V                       ; 2.1e-07 V                    ; 3.12 V              ; -0.169 V            ; 0.165 V                              ; 0.384 V                              ; 4.57e-10 s                  ; 1.75e-10 s                  ; Yes                        ; No                         ; 3.08 V                      ; 2.1e-07 V                   ; 3.12 V             ; -0.169 V           ; 0.165 V                             ; 0.384 V                             ; 4.57e-10 s                 ; 1.75e-10 s                 ; Yes                       ; No                        ;
; HEX3[5]             ; 3.3-V LVTTL  ; 0 s                 ; 0 s                 ; 3.08 V                       ; 2.1e-07 V                    ; 3.12 V              ; -0.169 V            ; 0.165 V                              ; 0.384 V                              ; 4.57e-10 s                  ; 1.75e-10 s                  ; Yes                        ; No                         ; 3.08 V                      ; 2.1e-07 V                   ; 3.12 V             ; -0.169 V           ; 0.165 V                             ; 0.384 V                             ; 4.57e-10 s                 ; 1.75e-10 s                 ; Yes                       ; No                        ;
; HEX3[6]             ; 3.3-V LVTTL  ; 0 s                 ; 0 s                 ; 3.08 V                       ; 1.58e-07 V                   ; 3.09 V              ; -0.13 V             ; 0.032 V                              ; 0.298 V                              ; 4.39e-10 s                  ; 1.69e-10 s                  ; Yes                        ; Yes                        ; 3.08 V                      ; 1.58e-07 V                  ; 3.09 V             ; -0.13 V            ; 0.032 V                             ; 0.298 V                             ; 4.39e-10 s                 ; 1.69e-10 s                 ; Yes                       ; Yes                       ;
; HEX4[0]             ; 3.3-V LVTTL  ; 0 s                 ; 0 s                 ; 3.08 V                       ; 2.01e-07 V                   ; 3.13 V              ; -0.229 V            ; 0.131 V                              ; 0.38 V                               ; 4.37e-10 s                  ; 1.58e-10 s                  ; Yes                        ; No                         ; 3.08 V                      ; 2.01e-07 V                  ; 3.13 V             ; -0.229 V           ; 0.131 V                             ; 0.38 V                              ; 4.37e-10 s                 ; 1.58e-10 s                 ; Yes                       ; No                        ;
; HEX4[1]             ; 3.3-V LVTTL  ; 0 s                 ; 0 s                 ; 3.08 V                       ; 1.58e-07 V                   ; 3.09 V              ; -0.13 V             ; 0.032 V                              ; 0.298 V                              ; 4.39e-10 s                  ; 1.69e-10 s                  ; Yes                        ; Yes                        ; 3.08 V                      ; 1.58e-07 V                  ; 3.09 V             ; -0.13 V            ; 0.032 V                             ; 0.298 V                             ; 4.39e-10 s                 ; 1.69e-10 s                 ; Yes                       ; Yes                       ;
; HEX4[2]             ; 3.3-V LVTTL  ; 0 s                 ; 0 s                 ; 3.08 V                       ; 1.58e-07 V                   ; 3.09 V              ; -0.13 V             ; 0.032 V                              ; 0.298 V                              ; 4.39e-10 s                  ; 1.69e-10 s                  ; Yes                        ; Yes                        ; 3.08 V                      ; 1.58e-07 V                  ; 3.09 V             ; -0.13 V            ; 0.032 V                             ; 0.298 V                             ; 4.39e-10 s                 ; 1.69e-10 s                 ; Yes                       ; Yes                       ;
; HEX4[3]             ; 3.3-V LVTTL  ; 0 s                 ; 0 s                 ; 3.08 V                       ; 1.58e-07 V                   ; 3.09 V              ; -0.13 V             ; 0.032 V                              ; 0.298 V                              ; 4.39e-10 s                  ; 1.69e-10 s                  ; Yes                        ; Yes                        ; 3.08 V                      ; 1.58e-07 V                  ; 3.09 V             ; -0.13 V            ; 0.032 V                             ; 0.298 V                             ; 4.39e-10 s                 ; 1.69e-10 s                 ; Yes                       ; Yes                       ;
; HEX4[4]             ; 3.3-V LVTTL  ; 0 s                 ; 0 s                 ; 3.08 V                       ; 2.1e-07 V                    ; 3.12 V              ; -0.169 V            ; 0.165 V                              ; 0.384 V                              ; 4.57e-10 s                  ; 1.75e-10 s                  ; Yes                        ; No                         ; 3.08 V                      ; 2.1e-07 V                   ; 3.12 V             ; -0.169 V           ; 0.165 V                             ; 0.384 V                             ; 4.57e-10 s                 ; 1.75e-10 s                 ; Yes                       ; No                        ;
; HEX4[5]             ; 3.3-V LVTTL  ; 0 s                 ; 0 s                 ; 3.08 V                       ; 2.1e-07 V                    ; 3.12 V              ; -0.169 V            ; 0.165 V                              ; 0.384 V                              ; 4.57e-10 s                  ; 1.75e-10 s                  ; Yes                        ; No                         ; 3.08 V                      ; 2.1e-07 V                   ; 3.12 V             ; -0.169 V           ; 0.165 V                             ; 0.384 V                             ; 4.57e-10 s                 ; 1.75e-10 s                 ; Yes                       ; No                        ;
; HEX4[6]             ; 3.3-V LVTTL  ; 0 s                 ; 0 s                 ; 3.08 V                       ; 1.58e-07 V                   ; 3.09 V              ; -0.13 V             ; 0.032 V                              ; 0.298 V                              ; 4.39e-10 s                  ; 1.69e-10 s                  ; Yes                        ; Yes                        ; 3.08 V                      ; 1.58e-07 V                  ; 3.09 V             ; -0.13 V            ; 0.032 V                             ; 0.298 V                             ; 4.39e-10 s                 ; 1.69e-10 s                 ; Yes                       ; Yes                       ;
; HEX5[0]             ; 3.3-V LVTTL  ; 0 s                 ; 0 s                 ; 3.08 V                       ; 2.1e-07 V                    ; 3.12 V              ; -0.169 V            ; 0.165 V                              ; 0.384 V                              ; 4.57e-10 s                  ; 1.75e-10 s                  ; Yes                        ; No                         ; 3.08 V                      ; 2.1e-07 V                   ; 3.12 V             ; -0.169 V           ; 0.165 V                             ; 0.384 V                             ; 4.57e-10 s                 ; 1.75e-10 s                 ; Yes                       ; No                        ;
; HEX5[1]             ; 3.3-V LVTTL  ; 0 s                 ; 0 s                 ; 3.08 V                       ; 1.58e-07 V                   ; 3.09 V              ; -0.13 V             ; 0.032 V                              ; 0.298 V                              ; 4.39e-10 s                  ; 1.69e-10 s                  ; Yes                        ; Yes                        ; 3.08 V                      ; 1.58e-07 V                  ; 3.09 V             ; -0.13 V            ; 0.032 V                             ; 0.298 V                             ; 4.39e-10 s                 ; 1.69e-10 s                 ; Yes                       ; Yes                       ;
; HEX5[2]             ; 3.3-V LVTTL  ; 0 s                 ; 0 s                 ; 3.08 V                       ; 1.58e-07 V                   ; 3.09 V              ; -0.13 V             ; 0.032 V                              ; 0.298 V                              ; 4.39e-10 s                  ; 1.69e-10 s                  ; Yes                        ; Yes                        ; 3.08 V                      ; 1.58e-07 V                  ; 3.09 V             ; -0.13 V            ; 0.032 V                             ; 0.298 V                             ; 4.39e-10 s                 ; 1.69e-10 s                 ; Yes                       ; Yes                       ;
; HEX5[3]             ; 3.3-V LVTTL  ; 0 s                 ; 0 s                 ; 3.08 V                       ; 1.58e-07 V                   ; 3.09 V              ; -0.13 V             ; 0.032 V                              ; 0.298 V                              ; 4.39e-10 s                  ; 1.69e-10 s                  ; Yes                        ; Yes                        ; 3.08 V                      ; 1.58e-07 V                  ; 3.09 V             ; -0.13 V            ; 0.032 V                             ; 0.298 V                             ; 4.39e-10 s                 ; 1.69e-10 s                 ; Yes                       ; Yes                       ;
; HEX5[4]             ; 3.3-V LVTTL  ; 0 s                 ; 0 s                 ; 3.08 V                       ; 2.01e-07 V                   ; 3.13 V              ; -0.229 V            ; 0.132 V                              ; 0.377 V                              ; 4.37e-10 s                  ; 1.58e-10 s                  ; Yes                        ; No                         ; 3.08 V                      ; 2.01e-07 V                  ; 3.13 V             ; -0.229 V           ; 0.132 V                             ; 0.377 V                             ; 4.37e-10 s                 ; 1.58e-10 s                 ; Yes                       ; No                        ;
; HEX5[5]             ; 3.3-V LVTTL  ; 0 s                 ; 0 s                 ; 3.08 V                       ; 2.01e-07 V                   ; 3.13 V              ; -0.229 V            ; 0.131 V                              ; 0.38 V                               ; 4.37e-10 s                  ; 1.58e-10 s                  ; Yes                        ; No                         ; 3.08 V                      ; 2.01e-07 V                  ; 3.13 V             ; -0.229 V           ; 0.131 V                             ; 0.38 V                              ; 4.37e-10 s                 ; 1.58e-10 s                 ; Yes                       ; No                        ;
; HEX5[6]             ; 3.3-V LVTTL  ; 0 s                 ; 0 s                 ; 3.08 V                       ; 2.1e-07 V                    ; 3.12 V              ; -0.169 V            ; 0.165 V                              ; 0.384 V                              ; 4.57e-10 s                  ; 1.75e-10 s                  ; Yes                        ; No                         ; 3.08 V                      ; 2.1e-07 V                   ; 3.12 V             ; -0.169 V           ; 0.165 V                             ; 0.384 V                             ; 4.57e-10 s                 ; 1.75e-10 s                 ; Yes                       ; No                        ;
; LEDR[0]             ; 3.3-V LVTTL  ; 0 s                 ; 0 s                 ; 3.08 V                       ; 2.01e-07 V                   ; 3.13 V              ; -0.229 V            ; 0.131 V                              ; 0.38 V                               ; 4.37e-10 s                  ; 1.58e-10 s                  ; Yes                        ; No                         ; 3.08 V                      ; 2.01e-07 V                  ; 3.13 V             ; -0.229 V           ; 0.131 V                             ; 0.38 V                              ; 4.37e-10 s                 ; 1.58e-10 s                 ; Yes                       ; No                        ;
; LEDR[1]             ; 3.3-V LVTTL  ; 0 s                 ; 0 s                 ; 3.08 V                       ; 2.01e-07 V                   ; 3.13 V              ; -0.229 V            ; 0.132 V                              ; 0.377 V                              ; 4.37e-10 s                  ; 1.58e-10 s                  ; Yes                        ; No                         ; 3.08 V                      ; 2.01e-07 V                  ; 3.13 V             ; -0.229 V           ; 0.132 V                             ; 0.377 V                             ; 4.37e-10 s                 ; 1.58e-10 s                 ; Yes                       ; No                        ;
; LEDR[2]             ; 3.3-V LVTTL  ; 0 s                 ; 0 s                 ; 3.08 V                       ; 1.58e-07 V                   ; 3.09 V              ; -0.13 V             ; 0.032 V                              ; 0.298 V                              ; 4.39e-10 s                  ; 1.69e-10 s                  ; Yes                        ; Yes                        ; 3.08 V                      ; 1.58e-07 V                  ; 3.09 V             ; -0.13 V            ; 0.032 V                             ; 0.298 V                             ; 4.39e-10 s                 ; 1.69e-10 s                 ; Yes                       ; Yes                       ;
; LEDR[3]             ; 3.3-V LVTTL  ; 0 s                 ; 0 s                 ; 3.08 V                       ; 2.1e-07 V                    ; 3.12 V              ; -0.169 V            ; 0.165 V                              ; 0.384 V                              ; 4.57e-10 s                  ; 1.75e-10 s                  ; Yes                        ; No                         ; 3.08 V                      ; 2.1e-07 V                   ; 3.12 V             ; -0.169 V           ; 0.165 V                             ; 0.384 V                             ; 4.57e-10 s                 ; 1.75e-10 s                 ; Yes                       ; No                        ;
; LEDR[4]             ; 3.3-V LVTTL  ; 0 s                 ; 0 s                 ; 3.08 V                       ; 2.01e-07 V                   ; 3.13 V              ; -0.229 V            ; 0.131 V                              ; 0.38 V                               ; 4.37e-10 s                  ; 1.58e-10 s                  ; Yes                        ; No                         ; 3.08 V                      ; 2.01e-07 V                  ; 3.13 V             ; -0.229 V           ; 0.131 V                             ; 0.38 V                              ; 4.37e-10 s                 ; 1.58e-10 s                 ; Yes                       ; No                        ;
; LEDR[5]             ; 3.3-V LVTTL  ; 0 s                 ; 0 s                 ; 3.08 V                       ; 2.01e-07 V                   ; 3.13 V              ; -0.229 V            ; 0.132 V                              ; 0.377 V                              ; 4.37e-10 s                  ; 1.58e-10 s                  ; Yes                        ; No                         ; 3.08 V                      ; 2.01e-07 V                  ; 3.13 V             ; -0.229 V           ; 0.132 V                             ; 0.377 V                             ; 4.37e-10 s                 ; 1.58e-10 s                 ; Yes                       ; No                        ;
; LEDR[6]             ; 3.3-V LVTTL  ; 0 s                 ; 0 s                 ; 3.08 V                       ; 2.1e-07 V                    ; 3.12 V              ; -0.169 V            ; 0.165 V                              ; 0.384 V                              ; 4.57e-10 s                  ; 1.75e-10 s                  ; Yes                        ; No                         ; 3.08 V                      ; 2.1e-07 V                   ; 3.12 V             ; -0.169 V           ; 0.165 V                             ; 0.384 V                             ; 4.57e-10 s                 ; 1.75e-10 s                 ; Yes                       ; No                        ;
; LEDR[7]             ; 3.3-V LVTTL  ; 0 s                 ; 0 s                 ; 3.08 V                       ; 1.58e-07 V                   ; 3.09 V              ; -0.13 V             ; 0.032 V                              ; 0.298 V                              ; 4.39e-10 s                  ; 1.69e-10 s                  ; Yes                        ; Yes                        ; 3.08 V                      ; 1.58e-07 V                  ; 3.09 V             ; -0.13 V            ; 0.032 V                             ; 0.298 V                             ; 4.39e-10 s                 ; 1.69e-10 s                 ; Yes                       ; Yes                       ;
; LEDR[8]             ; 3.3-V LVTTL  ; 0 s                 ; 0 s                 ; 3.08 V                       ; 2.01e-07 V                   ; 3.13 V              ; -0.229 V            ; 0.131 V                              ; 0.38 V                               ; 4.37e-10 s                  ; 1.58e-10 s                  ; Yes                        ; No                         ; 3.08 V                      ; 2.01e-07 V                  ; 3.13 V             ; -0.229 V           ; 0.131 V                             ; 0.38 V                              ; 4.37e-10 s                 ; 1.58e-10 s                 ; Yes                       ; No                        ;
; LEDR[9]             ; 3.3-V LVTTL  ; 0 s                 ; 0 s                 ; 3.08 V                       ; 2.01e-07 V                   ; 3.13 V              ; -0.229 V            ; 0.132 V                              ; 0.377 V                              ; 4.37e-10 s                  ; 1.58e-10 s                  ; Yes                        ; No                         ; 3.08 V                      ; 2.01e-07 V                  ; 3.13 V             ; -0.229 V           ; 0.132 V                             ; 0.377 V                             ; 4.37e-10 s                 ; 1.58e-10 s                 ; Yes                       ; No                        ;
; SD_CLK              ; 3.3-V LVTTL  ; 0 s                 ; 0 s                 ; 3.08 V                       ; 2.1e-07 V                    ; 3.12 V              ; -0.169 V            ; 0.165 V                              ; 0.384 V                              ; 4.57e-10 s                  ; 1.75e-10 s                  ; Yes                        ; No                         ; 3.08 V                      ; 2.1e-07 V                   ; 3.12 V             ; -0.169 V           ; 0.165 V                             ; 0.384 V                             ; 4.57e-10 s                 ; 1.75e-10 s                 ; Yes                       ; No                        ;
; VGA_B[0]            ; 3.3-V LVTTL  ; 0 s                 ; 0 s                 ; 3.08 V                       ; 2.01e-07 V                   ; 3.13 V              ; -0.229 V            ; 0.131 V                              ; 0.38 V                               ; 4.37e-10 s                  ; 1.58e-10 s                  ; Yes                        ; No                         ; 3.08 V                      ; 2.01e-07 V                  ; 3.13 V             ; -0.229 V           ; 0.131 V                             ; 0.38 V                              ; 4.37e-10 s                 ; 1.58e-10 s                 ; Yes                       ; No                        ;
; VGA_B[1]            ; 3.3-V LVTTL  ; 0 s                 ; 0 s                 ; 3.08 V                       ; 2.01e-07 V                   ; 3.13 V              ; -0.229 V            ; 0.132 V                              ; 0.377 V                              ; 4.37e-10 s                  ; 1.58e-10 s                  ; Yes                        ; No                         ; 3.08 V                      ; 2.01e-07 V                  ; 3.13 V             ; -0.229 V           ; 0.132 V                             ; 0.377 V                             ; 4.37e-10 s                 ; 1.58e-10 s                 ; Yes                       ; No                        ;
; VGA_B[2]            ; 3.3-V LVTTL  ; 0 s                 ; 0 s                 ; 3.08 V                       ; 2.1e-07 V                    ; 3.12 V              ; -0.169 V            ; 0.165 V                              ; 0.384 V                              ; 4.57e-10 s                  ; 1.75e-10 s                  ; Yes                        ; No                         ; 3.08 V                      ; 2.1e-07 V                   ; 3.12 V             ; -0.169 V           ; 0.165 V                             ; 0.384 V                             ; 4.57e-10 s                 ; 1.75e-10 s                 ; Yes                       ; No                        ;
; VGA_B[3]            ; 3.3-V LVTTL  ; 0 s                 ; 0 s                 ; 3.08 V                       ; 1.58e-07 V                   ; 3.09 V              ; -0.13 V             ; 0.032 V                              ; 0.298 V                              ; 4.39e-10 s                  ; 1.69e-10 s                  ; Yes                        ; Yes                        ; 3.08 V                      ; 1.58e-07 V                  ; 3.09 V             ; -0.13 V            ; 0.032 V                             ; 0.298 V                             ; 4.39e-10 s                 ; 1.69e-10 s                 ; Yes                       ; Yes                       ;
; VGA_G[0]            ; 3.3-V LVTTL  ; 0 s                 ; 0 s                 ; 3.08 V                       ; 2.01e-07 V                   ; 3.13 V              ; -0.229 V            ; 0.131 V                              ; 0.38 V                               ; 4.37e-10 s                  ; 1.58e-10 s                  ; Yes                        ; No                         ; 3.08 V                      ; 2.01e-07 V                  ; 3.13 V             ; -0.229 V           ; 0.131 V                             ; 0.38 V                              ; 4.37e-10 s                 ; 1.58e-10 s                 ; Yes                       ; No                        ;
; VGA_G[1]            ; 3.3-V LVTTL  ; 0 s                 ; 0 s                 ; 3.08 V                       ; 2.01e-07 V                   ; 3.13 V              ; -0.229 V            ; 0.132 V                              ; 0.377 V                              ; 4.37e-10 s                  ; 1.58e-10 s                  ; Yes                        ; No                         ; 3.08 V                      ; 2.01e-07 V                  ; 3.13 V             ; -0.229 V           ; 0.132 V                             ; 0.377 V                             ; 4.37e-10 s                 ; 1.58e-10 s                 ; Yes                       ; No                        ;
; VGA_G[2]            ; 3.3-V LVTTL  ; 0 s                 ; 0 s                 ; 3.08 V                       ; 2.1e-07 V                    ; 3.12 V              ; -0.169 V            ; 0.165 V                              ; 0.384 V                              ; 4.57e-10 s                  ; 1.75e-10 s                  ; Yes                        ; No                         ; 3.08 V                      ; 2.1e-07 V                   ; 3.12 V             ; -0.169 V           ; 0.165 V                             ; 0.384 V                             ; 4.57e-10 s                 ; 1.75e-10 s                 ; Yes                       ; No                        ;
; VGA_G[3]            ; 3.3-V LVTTL  ; 0 s                 ; 0 s                 ; 3.08 V                       ; 1.58e-07 V                   ; 3.09 V              ; -0.13 V             ; 0.032 V                              ; 0.298 V                              ; 4.39e-10 s                  ; 1.69e-10 s                  ; Yes                        ; Yes                        ; 3.08 V                      ; 1.58e-07 V                  ; 3.09 V             ; -0.13 V            ; 0.032 V                             ; 0.298 V                             ; 4.39e-10 s                 ; 1.69e-10 s                 ; Yes                       ; Yes                       ;
; VGA_HS              ; 3.3-V LVTTL  ; 0 s                 ; 0 s                 ; 3.08 V                       ; 2.01e-07 V                   ; 3.13 V              ; -0.229 V            ; 0.131 V                              ; 0.38 V                               ; 4.37e-10 s                  ; 1.58e-10 s                  ; Yes                        ; No                         ; 3.08 V                      ; 2.01e-07 V                  ; 3.13 V             ; -0.229 V           ; 0.131 V                             ; 0.38 V                              ; 4.37e-10 s                 ; 1.58e-10 s                 ; Yes                       ; No                        ;
; VGA_R[0]            ; 3.3-V LVTTL  ; 0 s                 ; 0 s                 ; 3.08 V                       ; 2.01e-07 V                   ; 3.13 V              ; -0.229 V            ; 0.132 V                              ; 0.377 V                              ; 4.37e-10 s                  ; 1.58e-10 s                  ; Yes                        ; No                         ; 3.08 V                      ; 2.01e-07 V                  ; 3.13 V             ; -0.229 V           ; 0.132 V                             ; 0.377 V                             ; 4.37e-10 s                 ; 1.58e-10 s                 ; Yes                       ; No                        ;
; VGA_R[1]            ; 3.3-V LVTTL  ; 0 s                 ; 0 s                 ; 3.08 V                       ; 2.1e-07 V                    ; 3.12 V              ; -0.169 V            ; 0.165 V                              ; 0.384 V                              ; 4.57e-10 s                  ; 1.75e-10 s                  ; Yes                        ; No                         ; 3.08 V                      ; 2.1e-07 V                   ; 3.12 V             ; -0.169 V           ; 0.165 V                             ; 0.384 V                             ; 4.57e-10 s                 ; 1.75e-10 s                 ; Yes                       ; No                        ;
; VGA_R[2]            ; 3.3-V LVTTL  ; 0 s                 ; 0 s                 ; 3.08 V                       ; 1.58e-07 V                   ; 3.09 V              ; -0.13 V             ; 0.032 V                              ; 0.298 V                              ; 4.39e-10 s                  ; 1.69e-10 s                  ; Yes                        ; Yes                        ; 3.08 V                      ; 1.58e-07 V                  ; 3.09 V             ; -0.13 V            ; 0.032 V                             ; 0.298 V                             ; 4.39e-10 s                 ; 1.69e-10 s                 ; Yes                       ; Yes                       ;
; VGA_R[3]            ; 3.3-V LVTTL  ; 0 s                 ; 0 s                 ; 3.08 V                       ; 2.01e-07 V                   ; 3.13 V              ; -0.229 V            ; 0.131 V                              ; 0.38 V                               ; 4.37e-10 s                  ; 1.58e-10 s                  ; Yes                        ; No                         ; 3.08 V                      ; 2.01e-07 V                  ; 3.13 V             ; -0.229 V           ; 0.131 V                             ; 0.38 V                              ; 4.37e-10 s                 ; 1.58e-10 s                 ; Yes                       ; No                        ;
; VGA_VS              ; 3.3-V LVTTL  ; 0 s                 ; 0 s                 ; 3.08 V                       ; 2.01e-07 V                   ; 3.13 V              ; -0.229 V            ; 0.132 V                              ; 0.377 V                              ; 4.37e-10 s                  ; 1.58e-10 s                  ; Yes                        ; No                         ; 3.08 V                      ; 2.01e-07 V                  ; 3.13 V             ; -0.229 V           ; 0.132 V                             ; 0.377 V                             ; 4.37e-10 s                 ; 1.58e-10 s                 ; Yes                       ; No                        ;
; CLOCK4_50           ; 3.3-V LVTTL  ; 0 s                 ; 0 s                 ; 3.08 V                       ; 2.1e-07 V                    ; 3.12 V              ; -0.169 V            ; 0.165 V                              ; 0.384 V                              ; 4.57e-10 s                  ; 1.75e-10 s                  ; Yes                        ; No                         ; 3.08 V                      ; 2.1e-07 V                   ; 3.12 V             ; -0.169 V           ; 0.165 V                             ; 0.384 V                             ; 4.57e-10 s                 ; 1.75e-10 s                 ; Yes                       ; No                        ;
; DRAM_DQ[0]          ; 3.3-V LVTTL  ; 0 s                 ; 0 s                 ; 3.08 V                       ; 2.01e-07 V                   ; 3.13 V              ; -0.229 V            ; 0.131 V                              ; 0.38 V                               ; 4.37e-10 s                  ; 1.58e-10 s                  ; Yes                        ; No                         ; 3.08 V                      ; 2.01e-07 V                  ; 3.13 V             ; -0.229 V           ; 0.131 V                             ; 0.38 V                              ; 4.37e-10 s                 ; 1.58e-10 s                 ; Yes                       ; No                        ;
; DRAM_DQ[1]          ; 3.3-V LVTTL  ; 0 s                 ; 0 s                 ; 3.08 V                       ; 1.58e-07 V                   ; 3.09 V              ; -0.13 V             ; 0.032 V                              ; 0.298 V                              ; 4.39e-10 s                  ; 1.69e-10 s                  ; Yes                        ; Yes                        ; 3.08 V                      ; 1.58e-07 V                  ; 3.09 V             ; -0.13 V            ; 0.032 V                             ; 0.298 V                             ; 4.39e-10 s                 ; 1.69e-10 s                 ; Yes                       ; Yes                       ;
; DRAM_DQ[2]          ; 3.3-V LVTTL  ; 0 s                 ; 0 s                 ; 3.08 V                       ; 2.1e-07 V                    ; 3.12 V              ; -0.169 V            ; 0.165 V                              ; 0.384 V                              ; 4.57e-10 s                  ; 1.75e-10 s                  ; Yes                        ; No                         ; 3.08 V                      ; 2.1e-07 V                   ; 3.12 V             ; -0.169 V           ; 0.165 V                             ; 0.384 V                             ; 4.57e-10 s                 ; 1.75e-10 s                 ; Yes                       ; No                        ;
; DRAM_DQ[3]          ; 3.3-V LVTTL  ; 0 s                 ; 0 s                 ; 3.08 V                       ; 2.01e-07 V                   ; 3.13 V              ; -0.229 V            ; 0.132 V                              ; 0.377 V                              ; 4.37e-10 s                  ; 1.58e-10 s                  ; Yes                        ; No                         ; 3.08 V                      ; 2.01e-07 V                  ; 3.13 V             ; -0.229 V           ; 0.132 V                             ; 0.377 V                             ; 4.37e-10 s                 ; 1.58e-10 s                 ; Yes                       ; No                        ;
; DRAM_DQ[4]          ; 3.3-V LVTTL  ; 0 s                 ; 0 s                 ; 3.08 V                       ; 1.58e-07 V                   ; 3.09 V              ; -0.13 V             ; 0.032 V                              ; 0.298 V                              ; 4.39e-10 s                  ; 1.69e-10 s                  ; Yes                        ; Yes                        ; 3.08 V                      ; 1.58e-07 V                  ; 3.09 V             ; -0.13 V            ; 0.032 V                             ; 0.298 V                             ; 4.39e-10 s                 ; 1.69e-10 s                 ; Yes                       ; Yes                       ;
; DRAM_DQ[5]          ; 3.3-V LVTTL  ; 0 s                 ; 0 s                 ; 3.08 V                       ; 2.1e-07 V                    ; 3.12 V              ; -0.169 V            ; 0.165 V                              ; 0.384 V                              ; 4.57e-10 s                  ; 1.75e-10 s                  ; Yes                        ; No                         ; 3.08 V                      ; 2.1e-07 V                   ; 3.12 V             ; -0.169 V           ; 0.165 V                             ; 0.384 V                             ; 4.57e-10 s                 ; 1.75e-10 s                 ; Yes                       ; No                        ;
; DRAM_DQ[6]          ; 3.3-V LVTTL  ; 0 s                 ; 0 s                 ; 3.08 V                       ; 2.01e-07 V                   ; 3.13 V              ; -0.229 V            ; 0.132 V                              ; 0.377 V                              ; 4.37e-10 s                  ; 1.58e-10 s                  ; Yes                        ; No                         ; 3.08 V                      ; 2.01e-07 V                  ; 3.13 V             ; -0.229 V           ; 0.132 V                             ; 0.377 V                             ; 4.37e-10 s                 ; 1.58e-10 s                 ; Yes                       ; No                        ;
; DRAM_DQ[7]          ; 3.3-V LVTTL  ; 0 s                 ; 0 s                 ; 3.08 V                       ; 2.01e-07 V                   ; 3.13 V              ; -0.229 V            ; 0.131 V                              ; 0.38 V                               ; 4.37e-10 s                  ; 1.58e-10 s                  ; Yes                        ; No                         ; 3.08 V                      ; 2.01e-07 V                  ; 3.13 V             ; -0.229 V           ; 0.131 V                             ; 0.38 V                              ; 4.37e-10 s                 ; 1.58e-10 s                 ; Yes                       ; No                        ;
; DRAM_DQ[8]          ; 3.3-V LVTTL  ; 0 s                 ; 0 s                 ; 3.08 V                       ; 2.01e-07 V                   ; 3.13 V              ; -0.229 V            ; 0.131 V                              ; 0.38 V                               ; 4.37e-10 s                  ; 1.58e-10 s                  ; Yes                        ; No                         ; 3.08 V                      ; 2.01e-07 V                  ; 3.13 V             ; -0.229 V           ; 0.131 V                             ; 0.38 V                              ; 4.37e-10 s                 ; 1.58e-10 s                 ; Yes                       ; No                        ;
; DRAM_DQ[9]          ; 3.3-V LVTTL  ; 0 s                 ; 0 s                 ; 3.08 V                       ; 2.01e-07 V                   ; 3.13 V              ; -0.229 V            ; 0.131 V                              ; 0.38 V                               ; 4.37e-10 s                  ; 1.58e-10 s                  ; Yes                        ; No                         ; 3.08 V                      ; 2.01e-07 V                  ; 3.13 V             ; -0.229 V           ; 0.131 V                             ; 0.38 V                              ; 4.37e-10 s                 ; 1.58e-10 s                 ; Yes                       ; No                        ;
; DRAM_DQ[10]         ; 3.3-V LVTTL  ; 0 s                 ; 0 s                 ; 3.08 V                       ; 2.01e-07 V                   ; 3.13 V              ; -0.229 V            ; 0.132 V                              ; 0.377 V                              ; 4.37e-10 s                  ; 1.58e-10 s                  ; Yes                        ; No                         ; 3.08 V                      ; 2.01e-07 V                  ; 3.13 V             ; -0.229 V           ; 0.132 V                             ; 0.377 V                             ; 4.37e-10 s                 ; 1.58e-10 s                 ; Yes                       ; No                        ;
; DRAM_DQ[11]         ; 3.3-V LVTTL  ; 0 s                 ; 0 s                 ; 3.08 V                       ; 2.01e-07 V                   ; 3.13 V              ; -0.229 V            ; 0.132 V                              ; 0.377 V                              ; 4.37e-10 s                  ; 1.58e-10 s                  ; Yes                        ; No                         ; 3.08 V                      ; 2.01e-07 V                  ; 3.13 V             ; -0.229 V           ; 0.132 V                             ; 0.377 V                             ; 4.37e-10 s                 ; 1.58e-10 s                 ; Yes                       ; No                        ;
; DRAM_DQ[12]         ; 3.3-V LVTTL  ; 0 s                 ; 0 s                 ; 3.08 V                       ; 2.1e-07 V                    ; 3.12 V              ; -0.169 V            ; 0.165 V                              ; 0.384 V                              ; 4.57e-10 s                  ; 1.75e-10 s                  ; Yes                        ; No                         ; 3.08 V                      ; 2.1e-07 V                   ; 3.12 V             ; -0.169 V           ; 0.165 V                             ; 0.384 V                             ; 4.57e-10 s                 ; 1.75e-10 s                 ; Yes                       ; No                        ;
; DRAM_DQ[13]         ; 3.3-V LVTTL  ; 0 s                 ; 0 s                 ; 3.08 V                       ; 1.58e-07 V                   ; 3.09 V              ; -0.13 V             ; 0.032 V                              ; 0.298 V                              ; 4.39e-10 s                  ; 1.69e-10 s                  ; Yes                        ; Yes                        ; 3.08 V                      ; 1.58e-07 V                  ; 3.09 V             ; -0.13 V            ; 0.032 V                             ; 0.298 V                             ; 4.39e-10 s                 ; 1.69e-10 s                 ; Yes                       ; Yes                       ;
; DRAM_DQ[14]         ; 3.3-V LVTTL  ; 0 s                 ; 0 s                 ; 3.08 V                       ; 2.1e-07 V                    ; 3.12 V              ; -0.169 V            ; 0.165 V                              ; 0.384 V                              ; 4.57e-10 s                  ; 1.75e-10 s                  ; Yes                        ; No                         ; 3.08 V                      ; 2.1e-07 V                   ; 3.12 V             ; -0.169 V           ; 0.165 V                             ; 0.384 V                             ; 4.57e-10 s                 ; 1.75e-10 s                 ; Yes                       ; No                        ;
; DRAM_DQ[15]         ; 3.3-V LVTTL  ; 0 s                 ; 0 s                 ; 3.08 V                       ; 1.58e-07 V                   ; 3.09 V              ; -0.13 V             ; 0.032 V                              ; 0.298 V                              ; 4.39e-10 s                  ; 1.69e-10 s                  ; Yes                        ; Yes                        ; 3.08 V                      ; 1.58e-07 V                  ; 3.09 V             ; -0.13 V            ; 0.032 V                             ; 0.298 V                             ; 4.39e-10 s                 ; 1.69e-10 s                 ; Yes                       ; Yes                       ;
; GPIO_0[6]           ; 3.3-V LVTTL  ; 0 s                 ; 0 s                 ; 3.08 V                       ; 2.01e-07 V                   ; 3.13 V              ; -0.229 V            ; 0.131 V                              ; 0.38 V                               ; 4.37e-10 s                  ; 1.58e-10 s                  ; Yes                        ; No                         ; 3.08 V                      ; 2.01e-07 V                  ; 3.13 V             ; -0.229 V           ; 0.131 V                             ; 0.38 V                              ; 4.37e-10 s                 ; 1.58e-10 s                 ; Yes                       ; No                        ;
; GPIO_0[7]           ; 3.3-V LVTTL  ; 0 s                 ; 0 s                 ; 3.08 V                       ; 2.01e-07 V                   ; 3.13 V              ; -0.229 V            ; 0.132 V                              ; 0.377 V                              ; 4.37e-10 s                  ; 1.58e-10 s                  ; Yes                        ; No                         ; 3.08 V                      ; 2.01e-07 V                  ; 3.13 V             ; -0.229 V           ; 0.132 V                             ; 0.377 V                             ; 4.37e-10 s                 ; 1.58e-10 s                 ; Yes                       ; No                        ;
; GPIO_0[8]           ; 3.3-V LVTTL  ; 0 s                 ; 0 s                 ; 3.08 V                       ; 2.01e-07 V                   ; 3.13 V              ; -0.229 V            ; 0.131 V                              ; 0.38 V                               ; 4.37e-10 s                  ; 1.58e-10 s                  ; Yes                        ; No                         ; 3.08 V                      ; 2.01e-07 V                  ; 3.13 V             ; -0.229 V           ; 0.131 V                             ; 0.38 V                              ; 4.37e-10 s                 ; 1.58e-10 s                 ; Yes                       ; No                        ;
; GPIO_0[9]           ; 3.3-V LVTTL  ; 0 s                 ; 0 s                 ; 3.08 V                       ; 2.01e-07 V                   ; 3.13 V              ; -0.229 V            ; 0.132 V                              ; 0.377 V                              ; 4.37e-10 s                  ; 1.58e-10 s                  ; Yes                        ; No                         ; 3.08 V                      ; 2.01e-07 V                  ; 3.13 V             ; -0.229 V           ; 0.132 V                             ; 0.377 V                             ; 4.37e-10 s                 ; 1.58e-10 s                 ; Yes                       ; No                        ;
; GPIO_0[10]          ; 3.3-V LVTTL  ; 0 s                 ; 0 s                 ; 3.08 V                       ; 2.01e-07 V                   ; 3.13 V              ; -0.229 V            ; 0.132 V                              ; 0.377 V                              ; 4.37e-10 s                  ; 1.58e-10 s                  ; Yes                        ; No                         ; 3.08 V                      ; 2.01e-07 V                  ; 3.13 V             ; -0.229 V           ; 0.132 V                             ; 0.377 V                             ; 4.37e-10 s                 ; 1.58e-10 s                 ; Yes                       ; No                        ;
; GPIO_0[11]          ; 3.3-V LVTTL  ; 0 s                 ; 0 s                 ; 3.08 V                       ; 2.01e-07 V                   ; 3.13 V              ; -0.229 V            ; 0.132 V                              ; 0.377 V                              ; 4.37e-10 s                  ; 1.58e-10 s                  ; Yes                        ; No                         ; 3.08 V                      ; 2.01e-07 V                  ; 3.13 V             ; -0.229 V           ; 0.132 V                             ; 0.377 V                             ; 4.37e-10 s                 ; 1.58e-10 s                 ; Yes                       ; No                        ;
; GPIO_0[12]          ; 3.3-V LVTTL  ; 0 s                 ; 0 s                 ; 3.08 V                       ; 2.01e-07 V                   ; 3.13 V              ; -0.229 V            ; 0.131 V                              ; 0.38 V                               ; 4.37e-10 s                  ; 1.58e-10 s                  ; Yes                        ; No                         ; 3.08 V                      ; 2.01e-07 V                  ; 3.13 V             ; -0.229 V           ; 0.131 V                             ; 0.38 V                              ; 4.37e-10 s                 ; 1.58e-10 s                 ; Yes                       ; No                        ;
; GPIO_0[13]          ; 3.3-V LVTTL  ; 0 s                 ; 0 s                 ; 3.08 V                       ; 2.01e-07 V                   ; 3.13 V              ; -0.229 V            ; 0.131 V                              ; 0.38 V                               ; 4.37e-10 s                  ; 1.58e-10 s                  ; Yes                        ; No                         ; 3.08 V                      ; 2.01e-07 V                  ; 3.13 V             ; -0.229 V           ; 0.131 V                             ; 0.38 V                              ; 4.37e-10 s                 ; 1.58e-10 s                 ; Yes                       ; No                        ;
; GPIO_0[14]          ; 3.3-V LVTTL  ; 0 s                 ; 0 s                 ; 3.08 V                       ; 2.01e-07 V                   ; 3.13 V              ; -0.229 V            ; 0.131 V                              ; 0.38 V                               ; 4.37e-10 s                  ; 1.58e-10 s                  ; Yes                        ; No                         ; 3.08 V                      ; 2.01e-07 V                  ; 3.13 V             ; -0.229 V           ; 0.131 V                             ; 0.38 V                              ; 4.37e-10 s                 ; 1.58e-10 s                 ; Yes                       ; No                        ;
; GPIO_0[15]          ; 3.3-V LVTTL  ; 0 s                 ; 0 s                 ; 3.08 V                       ; 2.1e-07 V                    ; 3.12 V              ; -0.169 V            ; 0.165 V                              ; 0.384 V                              ; 4.57e-10 s                  ; 1.75e-10 s                  ; Yes                        ; No                         ; 3.08 V                      ; 2.1e-07 V                   ; 3.12 V             ; -0.169 V           ; 0.165 V                             ; 0.384 V                             ; 4.57e-10 s                 ; 1.75e-10 s                 ; Yes                       ; No                        ;
; GPIO_0[16]          ; 3.3-V LVTTL  ; 0 s                 ; 0 s                 ; 3.08 V                       ; 2.01e-07 V                   ; 3.13 V              ; -0.229 V            ; 0.131 V                              ; 0.38 V                               ; 4.37e-10 s                  ; 1.58e-10 s                  ; Yes                        ; No                         ; 3.08 V                      ; 2.01e-07 V                  ; 3.13 V             ; -0.229 V           ; 0.131 V                             ; 0.38 V                              ; 4.37e-10 s                 ; 1.58e-10 s                 ; Yes                       ; No                        ;
; GPIO_0[17]          ; 3.3-V LVTTL  ; 0 s                 ; 0 s                 ; 3.08 V                       ; 2.01e-07 V                   ; 3.13 V              ; -0.229 V            ; 0.131 V                              ; 0.38 V                               ; 4.37e-10 s                  ; 1.58e-10 s                  ; Yes                        ; No                         ; 3.08 V                      ; 2.01e-07 V                  ; 3.13 V             ; -0.229 V           ; 0.131 V                             ; 0.38 V                              ; 4.37e-10 s                 ; 1.58e-10 s                 ; Yes                       ; No                        ;
; GPIO_0[18]          ; 3.3-V LVTTL  ; 0 s                 ; 0 s                 ; 3.08 V                       ; 2.01e-07 V                   ; 3.13 V              ; -0.229 V            ; 0.132 V                              ; 0.377 V                              ; 4.37e-10 s                  ; 1.58e-10 s                  ; Yes                        ; No                         ; 3.08 V                      ; 2.01e-07 V                  ; 3.13 V             ; -0.229 V           ; 0.132 V                             ; 0.377 V                             ; 4.37e-10 s                 ; 1.58e-10 s                 ; Yes                       ; No                        ;
; GPIO_0[19]          ; 3.3-V LVTTL  ; 0 s                 ; 0 s                 ; 3.08 V                       ; 1.58e-07 V                   ; 3.09 V              ; -0.13 V             ; 0.032 V                              ; 0.298 V                              ; 4.39e-10 s                  ; 1.69e-10 s                  ; Yes                        ; Yes                        ; 3.08 V                      ; 1.58e-07 V                  ; 3.09 V             ; -0.13 V            ; 0.032 V                             ; 0.298 V                             ; 4.39e-10 s                 ; 1.69e-10 s                 ; Yes                       ; Yes                       ;
; GPIO_0[20]          ; 3.3-V LVTTL  ; 0 s                 ; 0 s                 ; 3.08 V                       ; 2.1e-07 V                    ; 3.12 V              ; -0.169 V            ; 0.165 V                              ; 0.384 V                              ; 4.57e-10 s                  ; 1.75e-10 s                  ; Yes                        ; No                         ; 3.08 V                      ; 2.1e-07 V                   ; 3.12 V             ; -0.169 V           ; 0.165 V                             ; 0.384 V                             ; 4.57e-10 s                 ; 1.75e-10 s                 ; Yes                       ; No                        ;
; GPIO_0[21]          ; 3.3-V LVTTL  ; 0 s                 ; 0 s                 ; 3.08 V                       ; 1.58e-07 V                   ; 3.09 V              ; -0.13 V             ; 0.032 V                              ; 0.298 V                              ; 4.39e-10 s                  ; 1.69e-10 s                  ; Yes                        ; Yes                        ; 3.08 V                      ; 1.58e-07 V                  ; 3.09 V             ; -0.13 V            ; 0.032 V                             ; 0.298 V                             ; 4.39e-10 s                 ; 1.69e-10 s                 ; Yes                       ; Yes                       ;
; GPIO_0[22]          ; 3.3-V LVTTL  ; 0 s                 ; 0 s                 ; 3.08 V                       ; 1.58e-07 V                   ; 3.09 V              ; -0.13 V             ; 0.032 V                              ; 0.298 V                              ; 4.39e-10 s                  ; 1.69e-10 s                  ; Yes                        ; Yes                        ; 3.08 V                      ; 1.58e-07 V                  ; 3.09 V             ; -0.13 V            ; 0.032 V                             ; 0.298 V                             ; 4.39e-10 s                 ; 1.69e-10 s                 ; Yes                       ; Yes                       ;
; GPIO_0[23]          ; 3.3-V LVTTL  ; 0 s                 ; 0 s                 ; 3.08 V                       ; 1.58e-07 V                   ; 3.09 V              ; -0.13 V             ; 0.032 V                              ; 0.298 V                              ; 4.39e-10 s                  ; 1.69e-10 s                  ; Yes                        ; Yes                        ; 3.08 V                      ; 1.58e-07 V                  ; 3.09 V             ; -0.13 V            ; 0.032 V                             ; 0.298 V                             ; 4.39e-10 s                 ; 1.69e-10 s                 ; Yes                       ; Yes                       ;
; GPIO_0[24]          ; 3.3-V LVTTL  ; 0 s                 ; 0 s                 ; 3.08 V                       ; 2.1e-07 V                    ; 3.12 V              ; -0.169 V            ; 0.165 V                              ; 0.384 V                              ; 4.57e-10 s                  ; 1.75e-10 s                  ; Yes                        ; No                         ; 3.08 V                      ; 2.1e-07 V                   ; 3.12 V             ; -0.169 V           ; 0.165 V                             ; 0.384 V                             ; 4.57e-10 s                 ; 1.75e-10 s                 ; Yes                       ; No                        ;
; GPIO_0[25]          ; 3.3-V LVTTL  ; 0 s                 ; 0 s                 ; 3.08 V                       ; 2.1e-07 V                    ; 3.12 V              ; -0.169 V            ; 0.165 V                              ; 0.384 V                              ; 4.57e-10 s                  ; 1.75e-10 s                  ; Yes                        ; No                         ; 3.08 V                      ; 2.1e-07 V                   ; 3.12 V             ; -0.169 V           ; 0.165 V                             ; 0.384 V                             ; 4.57e-10 s                 ; 1.75e-10 s                 ; Yes                       ; No                        ;
; GPIO_0[26]          ; 3.3-V LVTTL  ; 0 s                 ; 0 s                 ; 3.08 V                       ; 1.58e-07 V                   ; 3.09 V              ; -0.13 V             ; 0.032 V                              ; 0.298 V                              ; 4.39e-10 s                  ; 1.69e-10 s                  ; Yes                        ; Yes                        ; 3.08 V                      ; 1.58e-07 V                  ; 3.09 V             ; -0.13 V            ; 0.032 V                             ; 0.298 V                             ; 4.39e-10 s                 ; 1.69e-10 s                 ; Yes                       ; Yes                       ;
; GPIO_0[27]          ; 3.3-V LVTTL  ; 0 s                 ; 0 s                 ; 3.08 V                       ; 2.01e-07 V                   ; 3.13 V              ; -0.229 V            ; 0.132 V                              ; 0.377 V                              ; 4.37e-10 s                  ; 1.58e-10 s                  ; Yes                        ; No                         ; 3.08 V                      ; 2.01e-07 V                  ; 3.13 V             ; -0.229 V           ; 0.132 V                             ; 0.377 V                             ; 4.37e-10 s                 ; 1.58e-10 s                 ; Yes                       ; No                        ;
; GPIO_1[0]           ; 3.3-V LVTTL  ; 0 s                 ; 0 s                 ; 3.08 V                       ; 2.1e-07 V                    ; 3.12 V              ; -0.169 V            ; 0.165 V                              ; 0.384 V                              ; 4.57e-10 s                  ; 1.75e-10 s                  ; Yes                        ; No                         ; 3.08 V                      ; 2.1e-07 V                   ; 3.12 V             ; -0.169 V           ; 0.165 V                             ; 0.384 V                             ; 4.57e-10 s                 ; 1.75e-10 s                 ; Yes                       ; No                        ;
; GPIO_1[1]           ; 3.3-V LVTTL  ; 0 s                 ; 0 s                 ; 3.08 V                       ; 2.01e-07 V                   ; 3.13 V              ; -0.229 V            ; 0.132 V                              ; 0.377 V                              ; 4.37e-10 s                  ; 1.58e-10 s                  ; Yes                        ; No                         ; 3.08 V                      ; 2.01e-07 V                  ; 3.13 V             ; -0.229 V           ; 0.132 V                             ; 0.377 V                             ; 4.37e-10 s                 ; 1.58e-10 s                 ; Yes                       ; No                        ;
; GPIO_1[2]           ; 3.3-V LVTTL  ; 0 s                 ; 0 s                 ; 3.08 V                       ; 1.58e-07 V                   ; 3.09 V              ; -0.13 V             ; 0.032 V                              ; 0.298 V                              ; 4.39e-10 s                  ; 1.69e-10 s                  ; Yes                        ; Yes                        ; 3.08 V                      ; 1.58e-07 V                  ; 3.09 V             ; -0.13 V            ; 0.032 V                             ; 0.298 V                             ; 4.39e-10 s                 ; 1.69e-10 s                 ; Yes                       ; Yes                       ;
; GPIO_1[3]           ; 3.3-V LVTTL  ; 0 s                 ; 0 s                 ; 3.08 V                       ; 2.01e-07 V                   ; 3.13 V              ; -0.229 V            ; 0.131 V                              ; 0.38 V                               ; 4.37e-10 s                  ; 1.58e-10 s                  ; Yes                        ; No                         ; 3.08 V                      ; 2.01e-07 V                  ; 3.13 V             ; -0.229 V           ; 0.131 V                             ; 0.38 V                              ; 4.37e-10 s                 ; 1.58e-10 s                 ; Yes                       ; No                        ;
; GPIO_1[4]           ; 3.3-V LVTTL  ; 0 s                 ; 0 s                 ; 3.08 V                       ; 2.01e-07 V                   ; 3.13 V              ; -0.229 V            ; 0.132 V                              ; 0.377 V                              ; 4.37e-10 s                  ; 1.58e-10 s                  ; Yes                        ; No                         ; 3.08 V                      ; 2.01e-07 V                  ; 3.13 V             ; -0.229 V           ; 0.132 V                             ; 0.377 V                             ; 4.37e-10 s                 ; 1.58e-10 s                 ; Yes                       ; No                        ;
; GPIO_1[5]           ; 3.3-V LVTTL  ; 0 s                 ; 0 s                 ; 3.08 V                       ; 2.01e-07 V                   ; 3.13 V              ; -0.229 V            ; 0.131 V                              ; 0.38 V                               ; 4.37e-10 s                  ; 1.58e-10 s                  ; Yes                        ; No                         ; 3.08 V                      ; 2.01e-07 V                  ; 3.13 V             ; -0.229 V           ; 0.131 V                             ; 0.38 V                              ; 4.37e-10 s                 ; 1.58e-10 s                 ; Yes                       ; No                        ;
; GPIO_1[6]           ; 3.3-V LVTTL  ; 0 s                 ; 0 s                 ; 3.08 V                       ; 1.58e-07 V                   ; 3.09 V              ; -0.13 V             ; 0.032 V                              ; 0.298 V                              ; 4.39e-10 s                  ; 1.69e-10 s                  ; Yes                        ; Yes                        ; 3.08 V                      ; 1.58e-07 V                  ; 3.09 V             ; -0.13 V            ; 0.032 V                             ; 0.298 V                             ; 4.39e-10 s                 ; 1.69e-10 s                 ; Yes                       ; Yes                       ;
; GPIO_1[7]           ; 3.3-V LVTTL  ; 0 s                 ; 0 s                 ; 3.08 V                       ; 2.1e-07 V                    ; 3.12 V              ; -0.169 V            ; 0.165 V                              ; 0.384 V                              ; 4.57e-10 s                  ; 1.75e-10 s                  ; Yes                        ; No                         ; 3.08 V                      ; 2.1e-07 V                   ; 3.12 V             ; -0.169 V           ; 0.165 V                             ; 0.384 V                             ; 4.57e-10 s                 ; 1.75e-10 s                 ; Yes                       ; No                        ;
; GPIO_1[8]           ; 3.3-V LVTTL  ; 0 s                 ; 0 s                 ; 3.08 V                       ; 2.1e-07 V                    ; 3.12 V              ; -0.169 V            ; 0.165 V                              ; 0.384 V                              ; 4.57e-10 s                  ; 1.75e-10 s                  ; Yes                        ; No                         ; 3.08 V                      ; 2.1e-07 V                   ; 3.12 V             ; -0.169 V           ; 0.165 V                             ; 0.384 V                             ; 4.57e-10 s                 ; 1.75e-10 s                 ; Yes                       ; No                        ;
; GPIO_1[9]           ; 3.3-V LVTTL  ; 0 s                 ; 0 s                 ; 3.08 V                       ; 2.01e-07 V                   ; 3.13 V              ; -0.229 V            ; 0.131 V                              ; 0.38 V                               ; 4.37e-10 s                  ; 1.58e-10 s                  ; Yes                        ; No                         ; 3.08 V                      ; 2.01e-07 V                  ; 3.13 V             ; -0.229 V           ; 0.131 V                             ; 0.38 V                              ; 4.37e-10 s                 ; 1.58e-10 s                 ; Yes                       ; No                        ;
; GPIO_1[10]          ; 3.3-V LVTTL  ; 0 s                 ; 0 s                 ; 3.08 V                       ; 1.58e-07 V                   ; 3.09 V              ; -0.13 V             ; 0.032 V                              ; 0.298 V                              ; 4.39e-10 s                  ; 1.69e-10 s                  ; Yes                        ; Yes                        ; 3.08 V                      ; 1.58e-07 V                  ; 3.09 V             ; -0.13 V            ; 0.032 V                             ; 0.298 V                             ; 4.39e-10 s                 ; 1.69e-10 s                 ; Yes                       ; Yes                       ;
; GPIO_1[11]          ; 3.3-V LVTTL  ; 0 s                 ; 0 s                 ; 3.08 V                       ; 2.01e-07 V                   ; 3.13 V              ; -0.229 V            ; 0.132 V                              ; 0.377 V                              ; 4.37e-10 s                  ; 1.58e-10 s                  ; Yes                        ; No                         ; 3.08 V                      ; 2.01e-07 V                  ; 3.13 V             ; -0.229 V           ; 0.132 V                             ; 0.377 V                             ; 4.37e-10 s                 ; 1.58e-10 s                 ; Yes                       ; No                        ;
; GPIO_1[12]          ; 3.3-V LVTTL  ; 0 s                 ; 0 s                 ; 3.08 V                       ; 2.01e-07 V                   ; 3.13 V              ; -0.229 V            ; 0.131 V                              ; 0.38 V                               ; 4.37e-10 s                  ; 1.58e-10 s                  ; Yes                        ; No                         ; 3.08 V                      ; 2.01e-07 V                  ; 3.13 V             ; -0.229 V           ; 0.131 V                             ; 0.38 V                              ; 4.37e-10 s                 ; 1.58e-10 s                 ; Yes                       ; No                        ;
; GPIO_1[13]          ; 3.3-V LVTTL  ; 0 s                 ; 0 s                 ; 3.08 V                       ; 2.01e-07 V                   ; 3.13 V              ; -0.229 V            ; 0.131 V                              ; 0.38 V                               ; 4.37e-10 s                  ; 1.58e-10 s                  ; Yes                        ; No                         ; 3.08 V                      ; 2.01e-07 V                  ; 3.13 V             ; -0.229 V           ; 0.131 V                             ; 0.38 V                              ; 4.37e-10 s                 ; 1.58e-10 s                 ; Yes                       ; No                        ;
; GPIO_1[14]          ; 3.3-V LVTTL  ; 0 s                 ; 0 s                 ; 3.08 V                       ; 2.01e-07 V                   ; 3.13 V              ; -0.229 V            ; 0.132 V                              ; 0.377 V                              ; 4.37e-10 s                  ; 1.58e-10 s                  ; Yes                        ; No                         ; 3.08 V                      ; 2.01e-07 V                  ; 3.13 V             ; -0.229 V           ; 0.132 V                             ; 0.377 V                             ; 4.37e-10 s                 ; 1.58e-10 s                 ; Yes                       ; No                        ;
; GPIO_1[15]          ; 3.3-V LVTTL  ; 0 s                 ; 0 s                 ; 3.08 V                       ; 2.01e-07 V                   ; 3.13 V              ; -0.229 V            ; 0.131 V                              ; 0.38 V                               ; 4.37e-10 s                  ; 1.58e-10 s                  ; Yes                        ; No                         ; 3.08 V                      ; 2.01e-07 V                  ; 3.13 V             ; -0.229 V           ; 0.131 V                             ; 0.38 V                              ; 4.37e-10 s                 ; 1.58e-10 s                 ; Yes                       ; No                        ;
; GPIO_1[16]          ; 3.3-V LVTTL  ; 0 s                 ; 0 s                 ; 3.08 V                       ; 2.1e-07 V                    ; 3.12 V              ; -0.169 V            ; 0.165 V                              ; 0.384 V                              ; 4.57e-10 s                  ; 1.75e-10 s                  ; Yes                        ; No                         ; 3.08 V                      ; 2.1e-07 V                   ; 3.12 V             ; -0.169 V           ; 0.165 V                             ; 0.384 V                             ; 4.57e-10 s                 ; 1.75e-10 s                 ; Yes                       ; No                        ;
; GPIO_1[17]          ; 3.3-V LVTTL  ; 0 s                 ; 0 s                 ; 3.08 V                       ; 2.01e-07 V                   ; 3.13 V              ; -0.229 V            ; 0.131 V                              ; 0.38 V                               ; 4.37e-10 s                  ; 1.58e-10 s                  ; Yes                        ; No                         ; 3.08 V                      ; 2.01e-07 V                  ; 3.13 V             ; -0.229 V           ; 0.131 V                             ; 0.38 V                              ; 4.37e-10 s                 ; 1.58e-10 s                 ; Yes                       ; No                        ;
; GPIO_1[18]          ; 3.3-V LVTTL  ; 0 s                 ; 0 s                 ; 3.08 V                       ; 1.58e-07 V                   ; 3.09 V              ; -0.13 V             ; 0.032 V                              ; 0.298 V                              ; 4.39e-10 s                  ; 1.69e-10 s                  ; Yes                        ; Yes                        ; 3.08 V                      ; 1.58e-07 V                  ; 3.09 V             ; -0.13 V            ; 0.032 V                             ; 0.298 V                             ; 4.39e-10 s                 ; 1.69e-10 s                 ; Yes                       ; Yes                       ;
; GPIO_1[19]          ; 3.3-V LVTTL  ; 0 s                 ; 0 s                 ; 3.08 V                       ; 2.01e-07 V                   ; 3.13 V              ; -0.229 V            ; 0.131 V                              ; 0.38 V                               ; 4.37e-10 s                  ; 1.58e-10 s                  ; Yes                        ; No                         ; 3.08 V                      ; 2.01e-07 V                  ; 3.13 V             ; -0.229 V           ; 0.131 V                             ; 0.38 V                              ; 4.37e-10 s                 ; 1.58e-10 s                 ; Yes                       ; No                        ;
; GPIO_1[20]          ; 3.3-V LVTTL  ; 0 s                 ; 0 s                 ; 3.08 V                       ; 2.01e-07 V                   ; 3.13 V              ; -0.229 V            ; 0.132 V                              ; 0.377 V                              ; 4.37e-10 s                  ; 1.58e-10 s                  ; Yes                        ; No                         ; 3.08 V                      ; 2.01e-07 V                  ; 3.13 V             ; -0.229 V           ; 0.132 V                             ; 0.377 V                             ; 4.37e-10 s                 ; 1.58e-10 s                 ; Yes                       ; No                        ;
; GPIO_1[21]          ; 3.3-V LVTTL  ; 0 s                 ; 0 s                 ; 3.08 V                       ; 1.58e-07 V                   ; 3.09 V              ; -0.13 V             ; 0.032 V                              ; 0.298 V                              ; 4.39e-10 s                  ; 1.69e-10 s                  ; Yes                        ; Yes                        ; 3.08 V                      ; 1.58e-07 V                  ; 3.09 V             ; -0.13 V            ; 0.032 V                             ; 0.298 V                             ; 4.39e-10 s                 ; 1.69e-10 s                 ; Yes                       ; Yes                       ;
; GPIO_1[22]          ; 3.3-V LVTTL  ; 0 s                 ; 0 s                 ; 3.08 V                       ; 2.1e-07 V                    ; 3.12 V              ; -0.169 V            ; 0.165 V                              ; 0.384 V                              ; 4.57e-10 s                  ; 1.75e-10 s                  ; Yes                        ; No                         ; 3.08 V                      ; 2.1e-07 V                   ; 3.12 V             ; -0.169 V           ; 0.165 V                             ; 0.384 V                             ; 4.57e-10 s                 ; 1.75e-10 s                 ; Yes                       ; No                        ;
; GPIO_1[23]          ; 3.3-V LVTTL  ; 0 s                 ; 0 s                 ; 3.08 V                       ; 2.1e-07 V                    ; 3.12 V              ; -0.169 V            ; 0.165 V                              ; 0.384 V                              ; 4.57e-10 s                  ; 1.75e-10 s                  ; Yes                        ; No                         ; 3.08 V                      ; 2.1e-07 V                   ; 3.12 V             ; -0.169 V           ; 0.165 V                             ; 0.384 V                             ; 4.57e-10 s                 ; 1.75e-10 s                 ; Yes                       ; No                        ;
; GPIO_1[24]          ; 3.3-V LVTTL  ; 0 s                 ; 0 s                 ; 3.08 V                       ; 2.1e-07 V                    ; 3.12 V              ; -0.169 V            ; 0.165 V                              ; 0.384 V                              ; 4.57e-10 s                  ; 1.75e-10 s                  ; Yes                        ; No                         ; 3.08 V                      ; 2.1e-07 V                   ; 3.12 V             ; -0.169 V           ; 0.165 V                             ; 0.384 V                             ; 4.57e-10 s                 ; 1.75e-10 s                 ; Yes                       ; No                        ;
; GPIO_1[25]          ; 3.3-V LVTTL  ; 0 s                 ; 0 s                 ; 3.08 V                       ; 1.58e-07 V                   ; 3.09 V              ; -0.13 V             ; 0.032 V                              ; 0.298 V                              ; 4.39e-10 s                  ; 1.69e-10 s                  ; Yes                        ; Yes                        ; 3.08 V                      ; 1.58e-07 V                  ; 3.09 V             ; -0.13 V            ; 0.032 V                             ; 0.298 V                             ; 4.39e-10 s                 ; 1.69e-10 s                 ; Yes                       ; Yes                       ;
; GPIO_1[26]          ; 3.3-V LVTTL  ; 0 s                 ; 0 s                 ; 3.08 V                       ; 2.01e-07 V                   ; 3.13 V              ; -0.229 V            ; 0.132 V                              ; 0.377 V                              ; 4.37e-10 s                  ; 1.58e-10 s                  ; Yes                        ; No                         ; 3.08 V                      ; 2.01e-07 V                  ; 3.13 V             ; -0.229 V           ; 0.132 V                             ; 0.377 V                             ; 4.37e-10 s                 ; 1.58e-10 s                 ; Yes                       ; No                        ;
; GPIO_1[27]          ; 3.3-V LVTTL  ; 0 s                 ; 0 s                 ; 3.08 V                       ; 1.58e-07 V                   ; 3.09 V              ; -0.13 V             ; 0.032 V                              ; 0.298 V                              ; 4.39e-10 s                  ; 1.69e-10 s                  ; Yes                        ; Yes                        ; 3.08 V                      ; 1.58e-07 V                  ; 3.09 V             ; -0.13 V            ; 0.032 V                             ; 0.298 V                             ; 4.39e-10 s                 ; 1.69e-10 s                 ; Yes                       ; Yes                       ;
; GPIO_1[28]          ; 3.3-V LVTTL  ; 0 s                 ; 0 s                 ; 3.08 V                       ; 1.58e-07 V                   ; 3.09 V              ; -0.13 V             ; 0.032 V                              ; 0.298 V                              ; 4.39e-10 s                  ; 1.69e-10 s                  ; Yes                        ; Yes                        ; 3.08 V                      ; 1.58e-07 V                  ; 3.09 V             ; -0.13 V            ; 0.032 V                             ; 0.298 V                             ; 4.39e-10 s                 ; 1.69e-10 s                 ; Yes                       ; Yes                       ;
; GPIO_1[29]          ; 3.3-V LVTTL  ; 0 s                 ; 0 s                 ; 3.08 V                       ; 2.01e-07 V                   ; 3.13 V              ; -0.229 V            ; 0.132 V                              ; 0.377 V                              ; 4.37e-10 s                  ; 1.58e-10 s                  ; Yes                        ; No                         ; 3.08 V                      ; 2.01e-07 V                  ; 3.13 V             ; -0.229 V           ; 0.132 V                             ; 0.377 V                             ; 4.37e-10 s                 ; 1.58e-10 s                 ; Yes                       ; No                        ;
; GPIO_1[30]          ; 3.3-V LVTTL  ; 0 s                 ; 0 s                 ; 3.08 V                       ; 2.01e-07 V                   ; 3.13 V              ; -0.229 V            ; 0.132 V                              ; 0.377 V                              ; 4.37e-10 s                  ; 1.58e-10 s                  ; Yes                        ; No                         ; 3.08 V                      ; 2.01e-07 V                  ; 3.13 V             ; -0.229 V           ; 0.132 V                             ; 0.377 V                             ; 4.37e-10 s                 ; 1.58e-10 s                 ; Yes                       ; No                        ;
; GPIO_1[31]          ; 3.3-V LVTTL  ; 0 s                 ; 0 s                 ; 3.08 V                       ; 2.01e-07 V                   ; 3.13 V              ; -0.229 V            ; 0.131 V                              ; 0.38 V                               ; 4.37e-10 s                  ; 1.58e-10 s                  ; Yes                        ; No                         ; 3.08 V                      ; 2.01e-07 V                  ; 3.13 V             ; -0.229 V           ; 0.131 V                             ; 0.38 V                              ; 4.37e-10 s                 ; 1.58e-10 s                 ; Yes                       ; No                        ;
; GPIO_1[32]          ; 3.3-V LVTTL  ; 0 s                 ; 0 s                 ; 3.08 V                       ; 1.58e-07 V                   ; 3.09 V              ; -0.13 V             ; 0.032 V                              ; 0.298 V                              ; 4.39e-10 s                  ; 1.69e-10 s                  ; Yes                        ; Yes                        ; 3.08 V                      ; 1.58e-07 V                  ; 3.09 V             ; -0.13 V            ; 0.032 V                             ; 0.298 V                             ; 4.39e-10 s                 ; 1.69e-10 s                 ; Yes                       ; Yes                       ;
; GPIO_1[33]          ; 3.3-V LVTTL  ; 0 s                 ; 0 s                 ; 3.08 V                       ; 1.58e-07 V                   ; 3.09 V              ; -0.13 V             ; 0.032 V                              ; 0.298 V                              ; 4.39e-10 s                  ; 1.69e-10 s                  ; Yes                        ; Yes                        ; 3.08 V                      ; 1.58e-07 V                  ; 3.09 V             ; -0.13 V            ; 0.032 V                             ; 0.298 V                             ; 4.39e-10 s                 ; 1.69e-10 s                 ; Yes                       ; Yes                       ;
; GPIO_1[34]          ; 3.3-V LVTTL  ; 0 s                 ; 0 s                 ; 3.08 V                       ; 2.01e-07 V                   ; 3.13 V              ; -0.229 V            ; 0.131 V                              ; 0.38 V                               ; 4.37e-10 s                  ; 1.58e-10 s                  ; Yes                        ; No                         ; 3.08 V                      ; 2.01e-07 V                  ; 3.13 V             ; -0.229 V           ; 0.131 V                             ; 0.38 V                              ; 4.37e-10 s                 ; 1.58e-10 s                 ; Yes                       ; No                        ;
; GPIO_1[35]          ; 3.3-V LVTTL  ; 0 s                 ; 0 s                 ; 3.08 V                       ; 2.01e-07 V                   ; 3.13 V              ; -0.229 V            ; 0.132 V                              ; 0.377 V                              ; 4.37e-10 s                  ; 1.58e-10 s                  ; Yes                        ; No                         ; 3.08 V                      ; 2.01e-07 V                  ; 3.13 V             ; -0.229 V           ; 0.132 V                             ; 0.377 V                             ; 4.37e-10 s                 ; 1.58e-10 s                 ; Yes                       ; No                        ;
; PS2_CLK             ; 3.3-V LVTTL  ; 0 s                 ; 0 s                 ; 3.08 V                       ; 2.1e-07 V                    ; 3.12 V              ; -0.169 V            ; 0.165 V                              ; 0.384 V                              ; 4.57e-10 s                  ; 1.75e-10 s                  ; Yes                        ; No                         ; 3.08 V                      ; 2.1e-07 V                   ; 3.12 V             ; -0.169 V           ; 0.165 V                             ; 0.384 V                             ; 4.57e-10 s                 ; 1.75e-10 s                 ; Yes                       ; No                        ;
; PS2_CLK2            ; 3.3-V LVTTL  ; 0 s                 ; 0 s                 ; 3.08 V                       ; 1.58e-07 V                   ; 3.09 V              ; -0.13 V             ; 0.032 V                              ; 0.298 V                              ; 4.39e-10 s                  ; 1.69e-10 s                  ; Yes                        ; Yes                        ; 3.08 V                      ; 1.58e-07 V                  ; 3.09 V             ; -0.13 V            ; 0.032 V                             ; 0.298 V                             ; 4.39e-10 s                 ; 1.69e-10 s                 ; Yes                       ; Yes                       ;
; PS2_DAT             ; 3.3-V LVTTL  ; 0 s                 ; 0 s                 ; 3.08 V                       ; 2.1e-07 V                    ; 3.12 V              ; -0.169 V            ; 0.165 V                              ; 0.384 V                              ; 4.57e-10 s                  ; 1.75e-10 s                  ; Yes                        ; No                         ; 3.08 V                      ; 2.1e-07 V                   ; 3.12 V             ; -0.169 V           ; 0.165 V                             ; 0.384 V                             ; 4.57e-10 s                 ; 1.75e-10 s                 ; Yes                       ; No                        ;
; PS2_DAT2            ; 3.3-V LVTTL  ; 0 s                 ; 0 s                 ; 3.08 V                       ; 1.58e-07 V                   ; 3.09 V              ; -0.13 V             ; 0.032 V                              ; 0.298 V                              ; 4.39e-10 s                  ; 1.69e-10 s                  ; Yes                        ; Yes                        ; 3.08 V                      ; 1.58e-07 V                  ; 3.09 V             ; -0.13 V            ; 0.032 V                             ; 0.298 V                             ; 4.39e-10 s                 ; 1.69e-10 s                 ; Yes                       ; Yes                       ;
; SD_CMD              ; 3.3-V LVTTL  ; 0 s                 ; 0 s                 ; 3.08 V                       ; 2.01e-07 V                   ; 3.13 V              ; -0.229 V            ; 0.132 V                              ; 0.377 V                              ; 4.37e-10 s                  ; 1.58e-10 s                  ; Yes                        ; No                         ; 3.08 V                      ; 2.01e-07 V                  ; 3.13 V             ; -0.229 V           ; 0.132 V                             ; 0.377 V                             ; 4.37e-10 s                 ; 1.58e-10 s                 ; Yes                       ; No                        ;
; SD_DATA[0]          ; 3.3-V LVTTL  ; 0 s                 ; 0 s                 ; 3.08 V                       ; 2.01e-07 V                   ; 3.13 V              ; -0.229 V            ; 0.132 V                              ; 0.377 V                              ; 4.37e-10 s                  ; 1.58e-10 s                  ; Yes                        ; No                         ; 3.08 V                      ; 2.01e-07 V                  ; 3.13 V             ; -0.229 V           ; 0.132 V                             ; 0.377 V                             ; 4.37e-10 s                 ; 1.58e-10 s                 ; Yes                       ; No                        ;
; SD_DATA[1]          ; 3.3-V LVTTL  ; 0 s                 ; 0 s                 ; 3.08 V                       ; 2.1e-07 V                    ; 3.12 V              ; -0.169 V            ; 0.165 V                              ; 0.384 V                              ; 4.57e-10 s                  ; 1.75e-10 s                  ; Yes                        ; No                         ; 3.08 V                      ; 2.1e-07 V                   ; 3.12 V             ; -0.169 V           ; 0.165 V                             ; 0.384 V                             ; 4.57e-10 s                 ; 1.75e-10 s                 ; Yes                       ; No                        ;
; SD_DATA[2]          ; 3.3-V LVTTL  ; 0 s                 ; 0 s                 ; 3.08 V                       ; 1.58e-07 V                   ; 3.09 V              ; -0.13 V             ; 0.032 V                              ; 0.298 V                              ; 4.39e-10 s                  ; 1.69e-10 s                  ; Yes                        ; Yes                        ; 3.08 V                      ; 1.58e-07 V                  ; 3.09 V             ; -0.13 V            ; 0.032 V                             ; 0.298 V                             ; 4.39e-10 s                 ; 1.69e-10 s                 ; Yes                       ; Yes                       ;
; SD_DATA[3]          ; 3.3-V LVTTL  ; 0 s                 ; 0 s                 ; 3.08 V                       ; 2.01e-07 V                   ; 3.13 V              ; -0.229 V            ; 0.131 V                              ; 0.38 V                               ; 4.37e-10 s                  ; 1.58e-10 s                  ; Yes                        ; No                         ; 3.08 V                      ; 2.01e-07 V                  ; 3.13 V             ; -0.229 V           ; 0.131 V                             ; 0.38 V                              ; 4.37e-10 s                 ; 1.58e-10 s                 ; Yes                       ; No                        ;
; GPIO_0[0]           ; 3.3-V LVTTL  ; 0 s                 ; 0 s                 ; 3.08 V                       ; 2.1e-07 V                    ; 3.12 V              ; -0.169 V            ; 0.165 V                              ; 0.384 V                              ; 4.57e-10 s                  ; 1.75e-10 s                  ; Yes                        ; No                         ; 3.08 V                      ; 2.1e-07 V                   ; 3.12 V             ; -0.169 V           ; 0.165 V                             ; 0.384 V                             ; 4.57e-10 s                 ; 1.75e-10 s                 ; Yes                       ; No                        ;
; GPIO_0[1]           ; 3.3-V LVTTL  ; 0 s                 ; 0 s                 ; 3.08 V                       ; 2.01e-07 V                   ; 3.13 V              ; -0.229 V            ; 0.131 V                              ; 0.38 V                               ; 4.37e-10 s                  ; 1.58e-10 s                  ; Yes                        ; No                         ; 3.08 V                      ; 2.01e-07 V                  ; 3.13 V             ; -0.229 V           ; 0.131 V                             ; 0.38 V                              ; 4.37e-10 s                 ; 1.58e-10 s                 ; Yes                       ; No                        ;
; GPIO_0[2]           ; 3.3-V LVTTL  ; 0 s                 ; 0 s                 ; 3.08 V                       ; 1.58e-07 V                   ; 3.09 V              ; -0.13 V             ; 0.032 V                              ; 0.298 V                              ; 4.39e-10 s                  ; 1.69e-10 s                  ; Yes                        ; Yes                        ; 3.08 V                      ; 1.58e-07 V                  ; 3.09 V             ; -0.13 V            ; 0.032 V                             ; 0.298 V                             ; 4.39e-10 s                 ; 1.69e-10 s                 ; Yes                       ; Yes                       ;
; GPIO_0[3]           ; 3.3-V LVTTL  ; 0 s                 ; 0 s                 ; 3.08 V                       ; 2.01e-07 V                   ; 3.13 V              ; -0.229 V            ; 0.132 V                              ; 0.377 V                              ; 4.37e-10 s                  ; 1.58e-10 s                  ; Yes                        ; No                         ; 3.08 V                      ; 2.01e-07 V                  ; 3.13 V             ; -0.229 V           ; 0.132 V                             ; 0.377 V                             ; 4.37e-10 s                 ; 1.58e-10 s                 ; Yes                       ; No                        ;
; GPIO_0[4]           ; 3.3-V LVTTL  ; 0 s                 ; 0 s                 ; 3.08 V                       ; 2.1e-07 V                    ; 3.12 V              ; -0.169 V            ; 0.165 V                              ; 0.384 V                              ; 4.57e-10 s                  ; 1.75e-10 s                  ; Yes                        ; No                         ; 3.08 V                      ; 2.1e-07 V                   ; 3.12 V             ; -0.169 V           ; 0.165 V                             ; 0.384 V                             ; 4.57e-10 s                 ; 1.75e-10 s                 ; Yes                       ; No                        ;
; GPIO_0[5]           ; 3.3-V LVTTL  ; 0 s                 ; 0 s                 ; 3.08 V                       ; 2.1e-07 V                    ; 3.12 V              ; -0.169 V            ; 0.165 V                              ; 0.384 V                              ; 4.57e-10 s                  ; 1.75e-10 s                  ; Yes                        ; No                         ; 3.08 V                      ; 2.1e-07 V                   ; 3.12 V             ; -0.169 V           ; 0.165 V                             ; 0.384 V                             ; 4.57e-10 s                 ; 1.75e-10 s                 ; Yes                       ; No                        ;
; GPIO_0[28]          ; 3.3-V LVTTL  ; 0 s                 ; 0 s                 ; 3.08 V                       ; 1.58e-07 V                   ; 3.09 V              ; -0.13 V             ; 0.032 V                              ; 0.298 V                              ; 4.39e-10 s                  ; 1.69e-10 s                  ; Yes                        ; Yes                        ; 3.08 V                      ; 1.58e-07 V                  ; 3.09 V             ; -0.13 V            ; 0.032 V                             ; 0.298 V                             ; 4.39e-10 s                 ; 1.69e-10 s                 ; Yes                       ; Yes                       ;
; GPIO_0[29]          ; 3.3-V LVTTL  ; 0 s                 ; 0 s                 ; 3.08 V                       ; 1.58e-07 V                   ; 3.09 V              ; -0.13 V             ; 0.032 V                              ; 0.298 V                              ; 4.39e-10 s                  ; 1.69e-10 s                  ; Yes                        ; Yes                        ; 3.08 V                      ; 1.58e-07 V                  ; 3.09 V             ; -0.13 V            ; 0.032 V                             ; 0.298 V                             ; 4.39e-10 s                 ; 1.69e-10 s                 ; Yes                       ; Yes                       ;
; GPIO_0[30]          ; 3.3-V LVTTL  ; 0 s                 ; 0 s                 ; 3.08 V                       ; 2.1e-07 V                    ; 3.12 V              ; -0.169 V            ; 0.165 V                              ; 0.384 V                              ; 4.57e-10 s                  ; 1.75e-10 s                  ; Yes                        ; No                         ; 3.08 V                      ; 2.1e-07 V                   ; 3.12 V             ; -0.169 V           ; 0.165 V                             ; 0.384 V                             ; 4.57e-10 s                 ; 1.75e-10 s                 ; Yes                       ; No                        ;
; GPIO_0[31]          ; 3.3-V LVTTL  ; 0 s                 ; 0 s                 ; 3.08 V                       ; 2.01e-07 V                   ; 3.13 V              ; -0.229 V            ; 0.132 V                              ; 0.377 V                              ; 4.37e-10 s                  ; 1.58e-10 s                  ; Yes                        ; No                         ; 3.08 V                      ; 2.01e-07 V                  ; 3.13 V             ; -0.229 V           ; 0.132 V                             ; 0.377 V                             ; 4.37e-10 s                 ; 1.58e-10 s                 ; Yes                       ; No                        ;
; GPIO_0[32]          ; 3.3-V LVTTL  ; 0 s                 ; 0 s                 ; 3.08 V                       ; 2.01e-07 V                   ; 3.13 V              ; -0.229 V            ; 0.131 V                              ; 0.38 V                               ; 4.37e-10 s                  ; 1.58e-10 s                  ; Yes                        ; No                         ; 3.08 V                      ; 2.01e-07 V                  ; 3.13 V             ; -0.229 V           ; 0.131 V                             ; 0.38 V                              ; 4.37e-10 s                 ; 1.58e-10 s                 ; Yes                       ; No                        ;
; GPIO_0[33]          ; 3.3-V LVTTL  ; 0 s                 ; 0 s                 ; 3.08 V                       ; 2.1e-07 V                    ; 3.12 V              ; -0.169 V            ; 0.165 V                              ; 0.384 V                              ; 4.57e-10 s                  ; 1.75e-10 s                  ; Yes                        ; No                         ; 3.08 V                      ; 2.1e-07 V                   ; 3.12 V             ; -0.169 V           ; 0.165 V                             ; 0.384 V                             ; 4.57e-10 s                 ; 1.75e-10 s                 ; Yes                       ; No                        ;
; GPIO_0[34]          ; 3.3-V LVTTL  ; 0 s                 ; 0 s                 ; 3.08 V                       ; 1.58e-07 V                   ; 3.09 V              ; -0.13 V             ; 0.032 V                              ; 0.298 V                              ; 4.39e-10 s                  ; 1.69e-10 s                  ; Yes                        ; Yes                        ; 3.08 V                      ; 1.58e-07 V                  ; 3.09 V             ; -0.13 V            ; 0.032 V                             ; 0.298 V                             ; 4.39e-10 s                 ; 1.69e-10 s                 ; Yes                       ; Yes                       ;
; GPIO_0[35]          ; 3.3-V LVTTL  ; 0 s                 ; 0 s                 ; 3.08 V                       ; 2.1e-07 V                    ; 3.12 V              ; -0.169 V            ; 0.165 V                              ; 0.384 V                              ; 4.57e-10 s                  ; 1.75e-10 s                  ; Yes                        ; No                         ; 3.08 V                      ; 2.1e-07 V                   ; 3.12 V             ; -0.169 V           ; 0.165 V                             ; 0.384 V                             ; 4.57e-10 s                 ; 1.75e-10 s                 ; Yes                       ; No                        ;
; altera_reserved_tdo ; 3.3-V LVTTL  ; 0 s                 ; 0 s                 ; 3.08 V                       ; 2.72e-07 V                   ; 3.12 V              ; -0.0657 V           ; 0.199 V                              ; 0.194 V                              ; 5.99e-10 s                  ; 2.74e-10 s                  ; Yes                        ; Yes                        ; 3.08 V                      ; 2.72e-07 V                  ; 3.12 V             ; -0.0657 V          ; 0.199 V                             ; 0.194 V                             ; 5.99e-10 s                 ; 2.74e-10 s                 ; Yes                       ; Yes                       ;
+---------------------+--------------+---------------------+---------------------+------------------------------+------------------------------+---------------------+---------------------+--------------------------------------+--------------------------------------+-----------------------------+-----------------------------+----------------------------+----------------------------+-----------------------------+-----------------------------+--------------------+--------------------+-------------------------------------+-------------------------------------+----------------------------+----------------------------+---------------------------+---------------------------+


+--------------------------------------------------------------------------------------------------------------------------------------------------------------------------------------------------------------------------------------------------------------------------------------------------------------------------------------------------------------------------------------------------------------------------------------------------------------------------------------------------------------------------------------------------------------------------------------------------------------------------------------------------------------------------------------------------+
; Signal Integrity Metrics (Slow 1100mv 85c Model)                                                                                                                                                                                                                                                                                                                                                                                                                                                                                                                                                                                                                                                 ;
+---------------------+--------------+---------------------+---------------------+------------------------------+------------------------------+---------------------+---------------------+--------------------------------------+--------------------------------------+-----------------------------+-----------------------------+----------------------------+----------------------------+-----------------------------+-----------------------------+--------------------+--------------------+-------------------------------------+-------------------------------------+----------------------------+----------------------------+---------------------------+---------------------------+
; Pin                 ; I/O Standard ; Board Delay on Rise ; Board Delay on Fall ; Steady State Voh at FPGA Pin ; Steady State Vol at FPGA Pin ; Voh Max at FPGA Pin ; Vol Min at FPGA Pin ; Ringback Voltage on Rise at FPGA Pin ; Ringback Voltage on Fall at FPGA Pin ; 10-90 Rise Time at FPGA Pin ; 90-10 Fall Time at FPGA Pin ; Monotonic Rise at FPGA Pin ; Monotonic Fall at FPGA Pin ; Steady State Voh at Far-end ; Steady State Vol at Far-end ; Voh Max at Far-end ; Vol Min at Far-end ; Ringback Voltage on Rise at Far-end ; Ringback Voltage on Fall at Far-end ; 10-90 Rise Time at Far-end ; 90-10 Fall Time at Far-end ; Monotonic Rise at Far-end ; Monotonic Fall at Far-end ;
+---------------------+--------------+---------------------+---------------------+------------------------------+------------------------------+---------------------+---------------------+--------------------------------------+--------------------------------------+-----------------------------+-----------------------------+----------------------------+----------------------------+-----------------------------+-----------------------------+--------------------+--------------------+-------------------------------------+-------------------------------------+----------------------------+----------------------------+---------------------------+---------------------------+
; DRAM_ADDR[0]        ; 3.3-V LVTTL  ; 0 s                 ; 0 s                 ; 3.08 V                       ; 2.02e-05 V                   ; 3.11 V              ; -0.117 V            ; 0.087 V                              ; 0.148 V                              ; 5.31e-10 s                  ; 3.14e-10 s                  ; Yes                        ; No                         ; 3.08 V                      ; 2.02e-05 V                  ; 3.11 V             ; -0.117 V           ; 0.087 V                             ; 0.148 V                             ; 5.31e-10 s                 ; 3.14e-10 s                 ; Yes                       ; No                        ;
; DRAM_ADDR[1]        ; 3.3-V LVTTL  ; 0 s                 ; 0 s                 ; 3.08 V                       ; 2.1e-05 V                    ; 3.11 V              ; -0.0931 V           ; 0.115 V                              ; 0.142 V                              ; 5.74e-10 s                  ; 3.17e-10 s                  ; Yes                        ; Yes                        ; 3.08 V                      ; 2.1e-05 V                   ; 3.11 V             ; -0.0931 V          ; 0.115 V                             ; 0.142 V                             ; 5.74e-10 s                 ; 3.17e-10 s                 ; Yes                       ; Yes                       ;
; DRAM_ADDR[2]        ; 3.3-V LVTTL  ; 0 s                 ; 0 s                 ; 3.08 V                       ; 1.66e-05 V                   ; 3.09 V              ; -0.0542 V           ; 0.04 V                               ; 0.089 V                              ; 5.35e-10 s                  ; 3.01e-10 s                  ; Yes                        ; Yes                        ; 3.08 V                      ; 1.66e-05 V                  ; 3.09 V             ; -0.0542 V          ; 0.04 V                              ; 0.089 V                             ; 5.35e-10 s                 ; 3.01e-10 s                 ; Yes                       ; Yes                       ;
; DRAM_ADDR[3]        ; 3.3-V LVTTL  ; 0 s                 ; 0 s                 ; 3.08 V                       ; 2.02e-05 V                   ; 3.11 V              ; -0.117 V            ; 0.087 V                              ; 0.148 V                              ; 5.31e-10 s                  ; 3.14e-10 s                  ; Yes                        ; No                         ; 3.08 V                      ; 2.02e-05 V                  ; 3.11 V             ; -0.117 V           ; 0.087 V                             ; 0.148 V                             ; 5.31e-10 s                 ; 3.14e-10 s                 ; Yes                       ; No                        ;
; DRAM_ADDR[4]        ; 3.3-V LVTTL  ; 0 s                 ; 0 s                 ; 3.08 V                       ; 2.1e-05 V                    ; 3.11 V              ; -0.0931 V           ; 0.115 V                              ; 0.142 V                              ; 5.74e-10 s                  ; 3.17e-10 s                  ; Yes                        ; Yes                        ; 3.08 V                      ; 2.1e-05 V                   ; 3.11 V             ; -0.0931 V          ; 0.115 V                             ; 0.142 V                             ; 5.74e-10 s                 ; 3.17e-10 s                 ; Yes                       ; Yes                       ;
; DRAM_ADDR[5]        ; 3.3-V LVTTL  ; 0 s                 ; 0 s                 ; 3.08 V                       ; 2.02e-05 V                   ; 3.11 V              ; -0.117 V            ; 0.087 V                              ; 0.148 V                              ; 5.31e-10 s                  ; 3.14e-10 s                  ; Yes                        ; No                         ; 3.08 V                      ; 2.02e-05 V                  ; 3.11 V             ; -0.117 V           ; 0.087 V                             ; 0.148 V                             ; 5.31e-10 s                 ; 3.14e-10 s                 ; Yes                       ; No                        ;
; DRAM_ADDR[6]        ; 3.3-V LVTTL  ; 0 s                 ; 0 s                 ; 3.08 V                       ; 2.02e-05 V                   ; 3.11 V              ; -0.117 V            ; 0.087 V                              ; 0.147 V                              ; 5.3e-10 s                   ; 3.14e-10 s                  ; Yes                        ; No                         ; 3.08 V                      ; 2.02e-05 V                  ; 3.11 V             ; -0.117 V           ; 0.087 V                             ; 0.147 V                             ; 5.3e-10 s                  ; 3.14e-10 s                 ; Yes                       ; No                        ;
; DRAM_ADDR[7]        ; 3.3-V LVTTL  ; 0 s                 ; 0 s                 ; 3.08 V                       ; 2.02e-05 V                   ; 3.11 V              ; -0.117 V            ; 0.087 V                              ; 0.147 V                              ; 5.3e-10 s                   ; 3.14e-10 s                  ; Yes                        ; No                         ; 3.08 V                      ; 2.02e-05 V                  ; 3.11 V             ; -0.117 V           ; 0.087 V                             ; 0.147 V                             ; 5.3e-10 s                  ; 3.14e-10 s                 ; Yes                       ; No                        ;
; DRAM_ADDR[8]        ; 3.3-V LVTTL  ; 0 s                 ; 0 s                 ; 3.08 V                       ; 1.66e-05 V                   ; 3.09 V              ; -0.0542 V           ; 0.04 V                               ; 0.089 V                              ; 5.35e-10 s                  ; 3.01e-10 s                  ; Yes                        ; Yes                        ; 3.08 V                      ; 1.66e-05 V                  ; 3.09 V             ; -0.0542 V          ; 0.04 V                              ; 0.089 V                             ; 5.35e-10 s                 ; 3.01e-10 s                 ; Yes                       ; Yes                       ;
; DRAM_ADDR[9]        ; 3.3-V LVTTL  ; 0 s                 ; 0 s                 ; 3.08 V                       ; 2.1e-05 V                    ; 3.11 V              ; -0.0931 V           ; 0.115 V                              ; 0.142 V                              ; 5.74e-10 s                  ; 3.17e-10 s                  ; Yes                        ; Yes                        ; 3.08 V                      ; 2.1e-05 V                   ; 3.11 V             ; -0.0931 V          ; 0.115 V                             ; 0.142 V                             ; 5.74e-10 s                 ; 3.17e-10 s                 ; Yes                       ; Yes                       ;
; DRAM_ADDR[10]       ; 3.3-V LVTTL  ; 0 s                 ; 0 s                 ; 3.08 V                       ; 2.02e-05 V                   ; 3.11 V              ; -0.117 V            ; 0.087 V                              ; 0.147 V                              ; 5.3e-10 s                   ; 3.14e-10 s                  ; Yes                        ; No                         ; 3.08 V                      ; 2.02e-05 V                  ; 3.11 V             ; -0.117 V           ; 0.087 V                             ; 0.147 V                             ; 5.3e-10 s                  ; 3.14e-10 s                 ; Yes                       ; No                        ;
; DRAM_ADDR[11]       ; 3.3-V LVTTL  ; 0 s                 ; 0 s                 ; 3.08 V                       ; 1.66e-05 V                   ; 3.09 V              ; -0.0542 V           ; 0.04 V                               ; 0.089 V                              ; 5.35e-10 s                  ; 3.01e-10 s                  ; Yes                        ; Yes                        ; 3.08 V                      ; 1.66e-05 V                  ; 3.09 V             ; -0.0542 V          ; 0.04 V                              ; 0.089 V                             ; 5.35e-10 s                 ; 3.01e-10 s                 ; Yes                       ; Yes                       ;
; DRAM_ADDR[12]       ; 3.3-V LVTTL  ; 0 s                 ; 0 s                 ; 3.08 V                       ; 2.02e-05 V                   ; 3.11 V              ; -0.117 V            ; 0.087 V                              ; 0.148 V                              ; 5.31e-10 s                  ; 3.14e-10 s                  ; Yes                        ; No                         ; 3.08 V                      ; 2.02e-05 V                  ; 3.11 V             ; -0.117 V           ; 0.087 V                             ; 0.148 V                             ; 5.31e-10 s                 ; 3.14e-10 s                 ; Yes                       ; No                        ;
; DRAM_BA[0]          ; 3.3-V LVTTL  ; 0 s                 ; 0 s                 ; 3.08 V                       ; 1.66e-05 V                   ; 3.09 V              ; -0.0542 V           ; 0.04 V                               ; 0.089 V                              ; 5.35e-10 s                  ; 3.01e-10 s                  ; Yes                        ; Yes                        ; 3.08 V                      ; 1.66e-05 V                  ; 3.09 V             ; -0.0542 V          ; 0.04 V                              ; 0.089 V                             ; 5.35e-10 s                 ; 3.01e-10 s                 ; Yes                       ; Yes                       ;
; DRAM_BA[1]          ; 3.3-V LVTTL  ; 0 s                 ; 0 s                 ; 3.08 V                       ; 2.02e-05 V                   ; 3.11 V              ; -0.117 V            ; 0.087 V                              ; 0.147 V                              ; 5.3e-10 s                   ; 3.14e-10 s                  ; Yes                        ; No                         ; 3.08 V                      ; 2.02e-05 V                  ; 3.11 V             ; -0.117 V           ; 0.087 V                             ; 0.147 V                             ; 5.3e-10 s                  ; 3.14e-10 s                 ; Yes                       ; No                        ;
; DRAM_CAS_N          ; 3.3-V LVTTL  ; 0 s                 ; 0 s                 ; 3.08 V                       ; 2.02e-05 V                   ; 3.11 V              ; -0.117 V            ; 0.087 V                              ; 0.147 V                              ; 5.3e-10 s                   ; 3.14e-10 s                  ; Yes                        ; No                         ; 3.08 V                      ; 2.02e-05 V                  ; 3.11 V             ; -0.117 V           ; 0.087 V                             ; 0.147 V                             ; 5.3e-10 s                  ; 3.14e-10 s                 ; Yes                       ; No                        ;
; DRAM_CKE            ; 3.3-V LVTTL  ; 0 s                 ; 0 s                 ; 3.08 V                       ; 1.66e-05 V                   ; 3.09 V              ; -0.0542 V           ; 0.04 V                               ; 0.089 V                              ; 5.35e-10 s                  ; 3.01e-10 s                  ; Yes                        ; Yes                        ; 3.08 V                      ; 1.66e-05 V                  ; 3.09 V             ; -0.0542 V          ; 0.04 V                              ; 0.089 V                             ; 5.35e-10 s                 ; 3.01e-10 s                 ; Yes                       ; Yes                       ;
; DRAM_CLK            ; 3.3-V LVTTL  ; 0 s                 ; 0 s                 ; 3.08 V                       ; 2.02e-05 V                   ; 3.11 V              ; -0.117 V            ; 0.087 V                              ; 0.147 V                              ; 5.3e-10 s                   ; 3.14e-10 s                  ; Yes                        ; No                         ; 3.08 V                      ; 2.02e-05 V                  ; 3.11 V             ; -0.117 V           ; 0.087 V                             ; 0.147 V                             ; 5.3e-10 s                  ; 3.14e-10 s                 ; Yes                       ; No                        ;
; DRAM_CS_N           ; 3.3-V LVTTL  ; 0 s                 ; 0 s                 ; 3.08 V                       ; 2.02e-05 V                   ; 3.11 V              ; -0.117 V            ; 0.087 V                              ; 0.148 V                              ; 5.31e-10 s                  ; 3.14e-10 s                  ; Yes                        ; No                         ; 3.08 V                      ; 2.02e-05 V                  ; 3.11 V             ; -0.117 V           ; 0.087 V                             ; 0.148 V                             ; 5.31e-10 s                 ; 3.14e-10 s                 ; Yes                       ; No                        ;
; DRAM_LDQM           ; 3.3-V LVTTL  ; 0 s                 ; 0 s                 ; 3.08 V                       ; 2.1e-05 V                    ; 3.11 V              ; -0.0931 V           ; 0.115 V                              ; 0.142 V                              ; 5.74e-10 s                  ; 3.17e-10 s                  ; Yes                        ; Yes                        ; 3.08 V                      ; 2.1e-05 V                   ; 3.11 V             ; -0.0931 V          ; 0.115 V                             ; 0.142 V                             ; 5.74e-10 s                 ; 3.17e-10 s                 ; Yes                       ; Yes                       ;
; DRAM_RAS_N          ; 3.3-V LVTTL  ; 0 s                 ; 0 s                 ; 3.08 V                       ; 2.02e-05 V                   ; 3.11 V              ; -0.117 V            ; 0.087 V                              ; 0.148 V                              ; 5.31e-10 s                  ; 3.14e-10 s                  ; Yes                        ; No                         ; 3.08 V                      ; 2.02e-05 V                  ; 3.11 V             ; -0.117 V           ; 0.087 V                             ; 0.148 V                             ; 5.31e-10 s                 ; 3.14e-10 s                 ; Yes                       ; No                        ;
; DRAM_UDQM           ; 3.3-V LVTTL  ; 0 s                 ; 0 s                 ; 3.08 V                       ; 2.1e-05 V                    ; 3.11 V              ; -0.0931 V           ; 0.115 V                              ; 0.142 V                              ; 5.74e-10 s                  ; 3.17e-10 s                  ; Yes                        ; Yes                        ; 3.08 V                      ; 2.1e-05 V                   ; 3.11 V             ; -0.0931 V          ; 0.115 V                             ; 0.142 V                             ; 5.74e-10 s                 ; 3.17e-10 s                 ; Yes                       ; Yes                       ;
; DRAM_WE_N           ; 3.3-V LVTTL  ; 0 s                 ; 0 s                 ; 3.08 V                       ; 2.02e-05 V                   ; 3.11 V              ; -0.117 V            ; 0.087 V                              ; 0.147 V                              ; 5.3e-10 s                   ; 3.14e-10 s                  ; Yes                        ; No                         ; 3.08 V                      ; 2.02e-05 V                  ; 3.11 V             ; -0.117 V           ; 0.087 V                             ; 0.147 V                             ; 5.3e-10 s                  ; 3.14e-10 s                 ; Yes                       ; No                        ;
; HEX0[0]             ; 3.3-V LVTTL  ; 0 s                 ; 0 s                 ; 3.08 V                       ; 2.02e-05 V                   ; 3.11 V              ; -0.117 V            ; 0.087 V                              ; 0.148 V                              ; 5.31e-10 s                  ; 3.14e-10 s                  ; Yes                        ; No                         ; 3.08 V                      ; 2.02e-05 V                  ; 3.11 V             ; -0.117 V           ; 0.087 V                             ; 0.148 V                             ; 5.31e-10 s                 ; 3.14e-10 s                 ; Yes                       ; No                        ;
; HEX0[1]             ; 3.3-V LVTTL  ; 0 s                 ; 0 s                 ; 3.08 V                       ; 2.02e-05 V                   ; 3.11 V              ; -0.117 V            ; 0.087 V                              ; 0.147 V                              ; 5.3e-10 s                   ; 3.14e-10 s                  ; Yes                        ; No                         ; 3.08 V                      ; 2.02e-05 V                  ; 3.11 V             ; -0.117 V           ; 0.087 V                             ; 0.147 V                             ; 5.3e-10 s                  ; 3.14e-10 s                 ; Yes                       ; No                        ;
; HEX0[2]             ; 3.3-V LVTTL  ; 0 s                 ; 0 s                 ; 3.08 V                       ; 2.02e-05 V                   ; 3.11 V              ; -0.117 V            ; 0.087 V                              ; 0.147 V                              ; 5.3e-10 s                   ; 3.14e-10 s                  ; Yes                        ; No                         ; 3.08 V                      ; 2.02e-05 V                  ; 3.11 V             ; -0.117 V           ; 0.087 V                             ; 0.147 V                             ; 5.3e-10 s                  ; 3.14e-10 s                 ; Yes                       ; No                        ;
; HEX0[3]             ; 3.3-V LVTTL  ; 0 s                 ; 0 s                 ; 3.08 V                       ; 2.02e-05 V                   ; 3.11 V              ; -0.117 V            ; 0.087 V                              ; 0.147 V                              ; 5.3e-10 s                   ; 3.14e-10 s                  ; Yes                        ; No                         ; 3.08 V                      ; 2.02e-05 V                  ; 3.11 V             ; -0.117 V           ; 0.087 V                             ; 0.147 V                             ; 5.3e-10 s                  ; 3.14e-10 s                 ; Yes                       ; No                        ;
; HEX0[4]             ; 3.3-V LVTTL  ; 0 s                 ; 0 s                 ; 3.08 V                       ; 2.02e-05 V                   ; 3.11 V              ; -0.117 V            ; 0.087 V                              ; 0.148 V                              ; 5.31e-10 s                  ; 3.14e-10 s                  ; Yes                        ; No                         ; 3.08 V                      ; 2.02e-05 V                  ; 3.11 V             ; -0.117 V           ; 0.087 V                             ; 0.148 V                             ; 5.31e-10 s                 ; 3.14e-10 s                 ; Yes                       ; No                        ;
; HEX0[5]             ; 3.3-V LVTTL  ; 0 s                 ; 0 s                 ; 3.08 V                       ; 2.02e-05 V                   ; 3.11 V              ; -0.117 V            ; 0.087 V                              ; 0.148 V                              ; 5.31e-10 s                  ; 3.14e-10 s                  ; Yes                        ; No                         ; 3.08 V                      ; 2.02e-05 V                  ; 3.11 V             ; -0.117 V           ; 0.087 V                             ; 0.148 V                             ; 5.31e-10 s                 ; 3.14e-10 s                 ; Yes                       ; No                        ;
; HEX0[6]             ; 3.3-V LVTTL  ; 0 s                 ; 0 s                 ; 3.08 V                       ; 2.02e-05 V                   ; 3.11 V              ; -0.117 V            ; 0.087 V                              ; 0.147 V                              ; 5.3e-10 s                   ; 3.14e-10 s                  ; Yes                        ; No                         ; 3.08 V                      ; 2.02e-05 V                  ; 3.11 V             ; -0.117 V           ; 0.087 V                             ; 0.147 V                             ; 5.3e-10 s                  ; 3.14e-10 s                 ; Yes                       ; No                        ;
; HEX1[0]             ; 3.3-V LVTTL  ; 0 s                 ; 0 s                 ; 3.08 V                       ; 2.02e-05 V                   ; 3.11 V              ; -0.117 V            ; 0.087 V                              ; 0.147 V                              ; 5.3e-10 s                   ; 3.14e-10 s                  ; Yes                        ; No                         ; 3.08 V                      ; 2.02e-05 V                  ; 3.11 V             ; -0.117 V           ; 0.087 V                             ; 0.147 V                             ; 5.3e-10 s                  ; 3.14e-10 s                 ; Yes                       ; No                        ;
; HEX1[1]             ; 3.3-V LVTTL  ; 0 s                 ; 0 s                 ; 3.08 V                       ; 2.02e-05 V                   ; 3.11 V              ; -0.117 V            ; 0.087 V                              ; 0.148 V                              ; 5.31e-10 s                  ; 3.14e-10 s                  ; Yes                        ; No                         ; 3.08 V                      ; 2.02e-05 V                  ; 3.11 V             ; -0.117 V           ; 0.087 V                             ; 0.148 V                             ; 5.31e-10 s                 ; 3.14e-10 s                 ; Yes                       ; No                        ;
; HEX1[2]             ; 3.3-V LVTTL  ; 0 s                 ; 0 s                 ; 3.08 V                       ; 2.02e-05 V                   ; 3.11 V              ; -0.117 V            ; 0.087 V                              ; 0.148 V                              ; 5.31e-10 s                  ; 3.14e-10 s                  ; Yes                        ; No                         ; 3.08 V                      ; 2.02e-05 V                  ; 3.11 V             ; -0.117 V           ; 0.087 V                             ; 0.148 V                             ; 5.31e-10 s                 ; 3.14e-10 s                 ; Yes                       ; No                        ;
; HEX1[3]             ; 3.3-V LVTTL  ; 0 s                 ; 0 s                 ; 3.08 V                       ; 2.02e-05 V                   ; 3.11 V              ; -0.117 V            ; 0.087 V                              ; 0.147 V                              ; 5.3e-10 s                   ; 3.14e-10 s                  ; Yes                        ; No                         ; 3.08 V                      ; 2.02e-05 V                  ; 3.11 V             ; -0.117 V           ; 0.087 V                             ; 0.147 V                             ; 5.3e-10 s                  ; 3.14e-10 s                 ; Yes                       ; No                        ;
; HEX1[4]             ; 3.3-V LVTTL  ; 0 s                 ; 0 s                 ; 3.08 V                       ; 2.02e-05 V                   ; 3.11 V              ; -0.117 V            ; 0.087 V                              ; 0.147 V                              ; 5.3e-10 s                   ; 3.14e-10 s                  ; Yes                        ; No                         ; 3.08 V                      ; 2.02e-05 V                  ; 3.11 V             ; -0.117 V           ; 0.087 V                             ; 0.147 V                             ; 5.3e-10 s                  ; 3.14e-10 s                 ; Yes                       ; No                        ;
; HEX1[5]             ; 3.3-V LVTTL  ; 0 s                 ; 0 s                 ; 3.08 V                       ; 2.02e-05 V                   ; 3.11 V              ; -0.117 V            ; 0.087 V                              ; 0.148 V                              ; 5.31e-10 s                  ; 3.14e-10 s                  ; Yes                        ; No                         ; 3.08 V                      ; 2.02e-05 V                  ; 3.11 V             ; -0.117 V           ; 0.087 V                             ; 0.148 V                             ; 5.31e-10 s                 ; 3.14e-10 s                 ; Yes                       ; No                        ;
; HEX1[6]             ; 3.3-V LVTTL  ; 0 s                 ; 0 s                 ; 3.08 V                       ; 2.02e-05 V                   ; 3.11 V              ; -0.117 V            ; 0.087 V                              ; 0.148 V                              ; 5.31e-10 s                  ; 3.14e-10 s                  ; Yes                        ; No                         ; 3.08 V                      ; 2.02e-05 V                  ; 3.11 V             ; -0.117 V           ; 0.087 V                             ; 0.148 V                             ; 5.31e-10 s                 ; 3.14e-10 s                 ; Yes                       ; No                        ;
; HEX2[0]             ; 3.3-V LVTTL  ; 0 s                 ; 0 s                 ; 3.08 V                       ; 2.1e-05 V                    ; 3.11 V              ; -0.0931 V           ; 0.115 V                              ; 0.142 V                              ; 5.74e-10 s                  ; 3.17e-10 s                  ; Yes                        ; Yes                        ; 3.08 V                      ; 2.1e-05 V                   ; 3.11 V             ; -0.0931 V          ; 0.115 V                             ; 0.142 V                             ; 5.74e-10 s                 ; 3.17e-10 s                 ; Yes                       ; Yes                       ;
; HEX2[1]             ; 3.3-V LVTTL  ; 0 s                 ; 0 s                 ; 3.08 V                       ; 2.02e-05 V                   ; 3.11 V              ; -0.117 V            ; 0.087 V                              ; 0.148 V                              ; 5.31e-10 s                  ; 3.14e-10 s                  ; Yes                        ; No                         ; 3.08 V                      ; 2.02e-05 V                  ; 3.11 V             ; -0.117 V           ; 0.087 V                             ; 0.148 V                             ; 5.31e-10 s                 ; 3.14e-10 s                 ; Yes                       ; No                        ;
; HEX2[2]             ; 3.3-V LVTTL  ; 0 s                 ; 0 s                 ; 3.08 V                       ; 2.02e-05 V                   ; 3.11 V              ; -0.117 V            ; 0.087 V                              ; 0.148 V                              ; 5.31e-10 s                  ; 3.14e-10 s                  ; Yes                        ; No                         ; 3.08 V                      ; 2.02e-05 V                  ; 3.11 V             ; -0.117 V           ; 0.087 V                             ; 0.148 V                             ; 5.31e-10 s                 ; 3.14e-10 s                 ; Yes                       ; No                        ;
; HEX2[3]             ; 3.3-V LVTTL  ; 0 s                 ; 0 s                 ; 3.08 V                       ; 1.66e-05 V                   ; 3.09 V              ; -0.0542 V           ; 0.04 V                               ; 0.089 V                              ; 5.35e-10 s                  ; 3.01e-10 s                  ; Yes                        ; Yes                        ; 3.08 V                      ; 1.66e-05 V                  ; 3.09 V             ; -0.0542 V          ; 0.04 V                              ; 0.089 V                             ; 5.35e-10 s                 ; 3.01e-10 s                 ; Yes                       ; Yes                       ;
; HEX2[4]             ; 3.3-V LVTTL  ; 0 s                 ; 0 s                 ; 3.08 V                       ; 1.66e-05 V                   ; 3.09 V              ; -0.0542 V           ; 0.04 V                               ; 0.089 V                              ; 5.35e-10 s                  ; 3.01e-10 s                  ; Yes                        ; Yes                        ; 3.08 V                      ; 1.66e-05 V                  ; 3.09 V             ; -0.0542 V          ; 0.04 V                              ; 0.089 V                             ; 5.35e-10 s                 ; 3.01e-10 s                 ; Yes                       ; Yes                       ;
; HEX2[5]             ; 3.3-V LVTTL  ; 0 s                 ; 0 s                 ; 3.08 V                       ; 2.02e-05 V                   ; 3.11 V              ; -0.117 V            ; 0.087 V                              ; 0.148 V                              ; 5.31e-10 s                  ; 3.14e-10 s                  ; Yes                        ; No                         ; 3.08 V                      ; 2.02e-05 V                  ; 3.11 V             ; -0.117 V           ; 0.087 V                             ; 0.148 V                             ; 5.31e-10 s                 ; 3.14e-10 s                 ; Yes                       ; No                        ;
; HEX2[6]             ; 3.3-V LVTTL  ; 0 s                 ; 0 s                 ; 3.08 V                       ; 2.02e-05 V                   ; 3.11 V              ; -0.117 V            ; 0.087 V                              ; 0.147 V                              ; 5.3e-10 s                   ; 3.14e-10 s                  ; Yes                        ; No                         ; 3.08 V                      ; 2.02e-05 V                  ; 3.11 V             ; -0.117 V           ; 0.087 V                             ; 0.147 V                             ; 5.3e-10 s                  ; 3.14e-10 s                 ; Yes                       ; No                        ;
; HEX3[0]             ; 3.3-V LVTTL  ; 0 s                 ; 0 s                 ; 3.08 V                       ; 1.66e-05 V                   ; 3.09 V              ; -0.0542 V           ; 0.04 V                               ; 0.089 V                              ; 5.35e-10 s                  ; 3.01e-10 s                  ; Yes                        ; Yes                        ; 3.08 V                      ; 1.66e-05 V                  ; 3.09 V             ; -0.0542 V          ; 0.04 V                              ; 0.089 V                             ; 5.35e-10 s                 ; 3.01e-10 s                 ; Yes                       ; Yes                       ;
; HEX3[1]             ; 3.3-V LVTTL  ; 0 s                 ; 0 s                 ; 3.08 V                       ; 2.1e-05 V                    ; 3.11 V              ; -0.0931 V           ; 0.115 V                              ; 0.142 V                              ; 5.74e-10 s                  ; 3.17e-10 s                  ; Yes                        ; Yes                        ; 3.08 V                      ; 2.1e-05 V                   ; 3.11 V             ; -0.0931 V          ; 0.115 V                             ; 0.142 V                             ; 5.74e-10 s                 ; 3.17e-10 s                 ; Yes                       ; Yes                       ;
; HEX3[2]             ; 3.3-V LVTTL  ; 0 s                 ; 0 s                 ; 3.08 V                       ; 2.1e-05 V                    ; 3.11 V              ; -0.0931 V           ; 0.115 V                              ; 0.142 V                              ; 5.74e-10 s                  ; 3.17e-10 s                  ; Yes                        ; Yes                        ; 3.08 V                      ; 2.1e-05 V                   ; 3.11 V             ; -0.0931 V          ; 0.115 V                             ; 0.142 V                             ; 5.74e-10 s                 ; 3.17e-10 s                 ; Yes                       ; Yes                       ;
; HEX3[3]             ; 3.3-V LVTTL  ; 0 s                 ; 0 s                 ; 3.08 V                       ; 1.66e-05 V                   ; 3.09 V              ; -0.0542 V           ; 0.04 V                               ; 0.089 V                              ; 5.35e-10 s                  ; 3.01e-10 s                  ; Yes                        ; Yes                        ; 3.08 V                      ; 1.66e-05 V                  ; 3.09 V             ; -0.0542 V          ; 0.04 V                              ; 0.089 V                             ; 5.35e-10 s                 ; 3.01e-10 s                 ; Yes                       ; Yes                       ;
; HEX3[4]             ; 3.3-V LVTTL  ; 0 s                 ; 0 s                 ; 3.08 V                       ; 2.1e-05 V                    ; 3.11 V              ; -0.0931 V           ; 0.115 V                              ; 0.142 V                              ; 5.74e-10 s                  ; 3.17e-10 s                  ; Yes                        ; Yes                        ; 3.08 V                      ; 2.1e-05 V                   ; 3.11 V             ; -0.0931 V          ; 0.115 V                             ; 0.142 V                             ; 5.74e-10 s                 ; 3.17e-10 s                 ; Yes                       ; Yes                       ;
; HEX3[5]             ; 3.3-V LVTTL  ; 0 s                 ; 0 s                 ; 3.08 V                       ; 2.1e-05 V                    ; 3.11 V              ; -0.0931 V           ; 0.115 V                              ; 0.142 V                              ; 5.74e-10 s                  ; 3.17e-10 s                  ; Yes                        ; Yes                        ; 3.08 V                      ; 2.1e-05 V                   ; 3.11 V             ; -0.0931 V          ; 0.115 V                             ; 0.142 V                             ; 5.74e-10 s                 ; 3.17e-10 s                 ; Yes                       ; Yes                       ;
; HEX3[6]             ; 3.3-V LVTTL  ; 0 s                 ; 0 s                 ; 3.08 V                       ; 1.66e-05 V                   ; 3.09 V              ; -0.0542 V           ; 0.04 V                               ; 0.089 V                              ; 5.35e-10 s                  ; 3.01e-10 s                  ; Yes                        ; Yes                        ; 3.08 V                      ; 1.66e-05 V                  ; 3.09 V             ; -0.0542 V          ; 0.04 V                              ; 0.089 V                             ; 5.35e-10 s                 ; 3.01e-10 s                 ; Yes                       ; Yes                       ;
; HEX4[0]             ; 3.3-V LVTTL  ; 0 s                 ; 0 s                 ; 3.08 V                       ; 2.02e-05 V                   ; 3.11 V              ; -0.117 V            ; 0.087 V                              ; 0.147 V                              ; 5.3e-10 s                   ; 3.14e-10 s                  ; Yes                        ; No                         ; 3.08 V                      ; 2.02e-05 V                  ; 3.11 V             ; -0.117 V           ; 0.087 V                             ; 0.147 V                             ; 5.3e-10 s                  ; 3.14e-10 s                 ; Yes                       ; No                        ;
; HEX4[1]             ; 3.3-V LVTTL  ; 0 s                 ; 0 s                 ; 3.08 V                       ; 1.66e-05 V                   ; 3.09 V              ; -0.0542 V           ; 0.04 V                               ; 0.089 V                              ; 5.35e-10 s                  ; 3.01e-10 s                  ; Yes                        ; Yes                        ; 3.08 V                      ; 1.66e-05 V                  ; 3.09 V             ; -0.0542 V          ; 0.04 V                              ; 0.089 V                             ; 5.35e-10 s                 ; 3.01e-10 s                 ; Yes                       ; Yes                       ;
; HEX4[2]             ; 3.3-V LVTTL  ; 0 s                 ; 0 s                 ; 3.08 V                       ; 1.66e-05 V                   ; 3.09 V              ; -0.0542 V           ; 0.04 V                               ; 0.089 V                              ; 5.35e-10 s                  ; 3.01e-10 s                  ; Yes                        ; Yes                        ; 3.08 V                      ; 1.66e-05 V                  ; 3.09 V             ; -0.0542 V          ; 0.04 V                              ; 0.089 V                             ; 5.35e-10 s                 ; 3.01e-10 s                 ; Yes                       ; Yes                       ;
; HEX4[3]             ; 3.3-V LVTTL  ; 0 s                 ; 0 s                 ; 3.08 V                       ; 1.66e-05 V                   ; 3.09 V              ; -0.0542 V           ; 0.04 V                               ; 0.089 V                              ; 5.35e-10 s                  ; 3.01e-10 s                  ; Yes                        ; Yes                        ; 3.08 V                      ; 1.66e-05 V                  ; 3.09 V             ; -0.0542 V          ; 0.04 V                              ; 0.089 V                             ; 5.35e-10 s                 ; 3.01e-10 s                 ; Yes                       ; Yes                       ;
; HEX4[4]             ; 3.3-V LVTTL  ; 0 s                 ; 0 s                 ; 3.08 V                       ; 2.1e-05 V                    ; 3.11 V              ; -0.0931 V           ; 0.115 V                              ; 0.142 V                              ; 5.74e-10 s                  ; 3.17e-10 s                  ; Yes                        ; Yes                        ; 3.08 V                      ; 2.1e-05 V                   ; 3.11 V             ; -0.0931 V          ; 0.115 V                             ; 0.142 V                             ; 5.74e-10 s                 ; 3.17e-10 s                 ; Yes                       ; Yes                       ;
; HEX4[5]             ; 3.3-V LVTTL  ; 0 s                 ; 0 s                 ; 3.08 V                       ; 2.1e-05 V                    ; 3.11 V              ; -0.0931 V           ; 0.115 V                              ; 0.142 V                              ; 5.74e-10 s                  ; 3.17e-10 s                  ; Yes                        ; Yes                        ; 3.08 V                      ; 2.1e-05 V                   ; 3.11 V             ; -0.0931 V          ; 0.115 V                             ; 0.142 V                             ; 5.74e-10 s                 ; 3.17e-10 s                 ; Yes                       ; Yes                       ;
; HEX4[6]             ; 3.3-V LVTTL  ; 0 s                 ; 0 s                 ; 3.08 V                       ; 1.66e-05 V                   ; 3.09 V              ; -0.0542 V           ; 0.04 V                               ; 0.089 V                              ; 5.35e-10 s                  ; 3.01e-10 s                  ; Yes                        ; Yes                        ; 3.08 V                      ; 1.66e-05 V                  ; 3.09 V             ; -0.0542 V          ; 0.04 V                              ; 0.089 V                             ; 5.35e-10 s                 ; 3.01e-10 s                 ; Yes                       ; Yes                       ;
; HEX5[0]             ; 3.3-V LVTTL  ; 0 s                 ; 0 s                 ; 3.08 V                       ; 2.1e-05 V                    ; 3.11 V              ; -0.0931 V           ; 0.115 V                              ; 0.142 V                              ; 5.74e-10 s                  ; 3.17e-10 s                  ; Yes                        ; Yes                        ; 3.08 V                      ; 2.1e-05 V                   ; 3.11 V             ; -0.0931 V          ; 0.115 V                             ; 0.142 V                             ; 5.74e-10 s                 ; 3.17e-10 s                 ; Yes                       ; Yes                       ;
; HEX5[1]             ; 3.3-V LVTTL  ; 0 s                 ; 0 s                 ; 3.08 V                       ; 1.66e-05 V                   ; 3.09 V              ; -0.0542 V           ; 0.04 V                               ; 0.089 V                              ; 5.35e-10 s                  ; 3.01e-10 s                  ; Yes                        ; Yes                        ; 3.08 V                      ; 1.66e-05 V                  ; 3.09 V             ; -0.0542 V          ; 0.04 V                              ; 0.089 V                             ; 5.35e-10 s                 ; 3.01e-10 s                 ; Yes                       ; Yes                       ;
; HEX5[2]             ; 3.3-V LVTTL  ; 0 s                 ; 0 s                 ; 3.08 V                       ; 1.66e-05 V                   ; 3.09 V              ; -0.0542 V           ; 0.04 V                               ; 0.089 V                              ; 5.35e-10 s                  ; 3.01e-10 s                  ; Yes                        ; Yes                        ; 3.08 V                      ; 1.66e-05 V                  ; 3.09 V             ; -0.0542 V          ; 0.04 V                              ; 0.089 V                             ; 5.35e-10 s                 ; 3.01e-10 s                 ; Yes                       ; Yes                       ;
; HEX5[3]             ; 3.3-V LVTTL  ; 0 s                 ; 0 s                 ; 3.08 V                       ; 1.66e-05 V                   ; 3.09 V              ; -0.0542 V           ; 0.04 V                               ; 0.089 V                              ; 5.35e-10 s                  ; 3.01e-10 s                  ; Yes                        ; Yes                        ; 3.08 V                      ; 1.66e-05 V                  ; 3.09 V             ; -0.0542 V          ; 0.04 V                              ; 0.089 V                             ; 5.35e-10 s                 ; 3.01e-10 s                 ; Yes                       ; Yes                       ;
; HEX5[4]             ; 3.3-V LVTTL  ; 0 s                 ; 0 s                 ; 3.08 V                       ; 2.02e-05 V                   ; 3.11 V              ; -0.117 V            ; 0.087 V                              ; 0.148 V                              ; 5.31e-10 s                  ; 3.14e-10 s                  ; Yes                        ; No                         ; 3.08 V                      ; 2.02e-05 V                  ; 3.11 V             ; -0.117 V           ; 0.087 V                             ; 0.148 V                             ; 5.31e-10 s                 ; 3.14e-10 s                 ; Yes                       ; No                        ;
; HEX5[5]             ; 3.3-V LVTTL  ; 0 s                 ; 0 s                 ; 3.08 V                       ; 2.02e-05 V                   ; 3.11 V              ; -0.117 V            ; 0.087 V                              ; 0.147 V                              ; 5.3e-10 s                   ; 3.14e-10 s                  ; Yes                        ; No                         ; 3.08 V                      ; 2.02e-05 V                  ; 3.11 V             ; -0.117 V           ; 0.087 V                             ; 0.147 V                             ; 5.3e-10 s                  ; 3.14e-10 s                 ; Yes                       ; No                        ;
; HEX5[6]             ; 3.3-V LVTTL  ; 0 s                 ; 0 s                 ; 3.08 V                       ; 2.1e-05 V                    ; 3.11 V              ; -0.0931 V           ; 0.115 V                              ; 0.142 V                              ; 5.74e-10 s                  ; 3.17e-10 s                  ; Yes                        ; Yes                        ; 3.08 V                      ; 2.1e-05 V                   ; 3.11 V             ; -0.0931 V          ; 0.115 V                             ; 0.142 V                             ; 5.74e-10 s                 ; 3.17e-10 s                 ; Yes                       ; Yes                       ;
; LEDR[0]             ; 3.3-V LVTTL  ; 0 s                 ; 0 s                 ; 3.08 V                       ; 2.02e-05 V                   ; 3.11 V              ; -0.117 V            ; 0.087 V                              ; 0.147 V                              ; 5.3e-10 s                   ; 3.14e-10 s                  ; Yes                        ; No                         ; 3.08 V                      ; 2.02e-05 V                  ; 3.11 V             ; -0.117 V           ; 0.087 V                             ; 0.147 V                             ; 5.3e-10 s                  ; 3.14e-10 s                 ; Yes                       ; No                        ;
; LEDR[1]             ; 3.3-V LVTTL  ; 0 s                 ; 0 s                 ; 3.08 V                       ; 2.02e-05 V                   ; 3.11 V              ; -0.117 V            ; 0.087 V                              ; 0.148 V                              ; 5.31e-10 s                  ; 3.14e-10 s                  ; Yes                        ; No                         ; 3.08 V                      ; 2.02e-05 V                  ; 3.11 V             ; -0.117 V           ; 0.087 V                             ; 0.148 V                             ; 5.31e-10 s                 ; 3.14e-10 s                 ; Yes                       ; No                        ;
; LEDR[2]             ; 3.3-V LVTTL  ; 0 s                 ; 0 s                 ; 3.08 V                       ; 1.66e-05 V                   ; 3.09 V              ; -0.0542 V           ; 0.04 V                               ; 0.089 V                              ; 5.35e-10 s                  ; 3.01e-10 s                  ; Yes                        ; Yes                        ; 3.08 V                      ; 1.66e-05 V                  ; 3.09 V             ; -0.0542 V          ; 0.04 V                              ; 0.089 V                             ; 5.35e-10 s                 ; 3.01e-10 s                 ; Yes                       ; Yes                       ;
; LEDR[3]             ; 3.3-V LVTTL  ; 0 s                 ; 0 s                 ; 3.08 V                       ; 2.1e-05 V                    ; 3.11 V              ; -0.0931 V           ; 0.115 V                              ; 0.142 V                              ; 5.74e-10 s                  ; 3.17e-10 s                  ; Yes                        ; Yes                        ; 3.08 V                      ; 2.1e-05 V                   ; 3.11 V             ; -0.0931 V          ; 0.115 V                             ; 0.142 V                             ; 5.74e-10 s                 ; 3.17e-10 s                 ; Yes                       ; Yes                       ;
; LEDR[4]             ; 3.3-V LVTTL  ; 0 s                 ; 0 s                 ; 3.08 V                       ; 2.02e-05 V                   ; 3.11 V              ; -0.117 V            ; 0.087 V                              ; 0.147 V                              ; 5.3e-10 s                   ; 3.14e-10 s                  ; Yes                        ; No                         ; 3.08 V                      ; 2.02e-05 V                  ; 3.11 V             ; -0.117 V           ; 0.087 V                             ; 0.147 V                             ; 5.3e-10 s                  ; 3.14e-10 s                 ; Yes                       ; No                        ;
; LEDR[5]             ; 3.3-V LVTTL  ; 0 s                 ; 0 s                 ; 3.08 V                       ; 2.02e-05 V                   ; 3.11 V              ; -0.117 V            ; 0.087 V                              ; 0.148 V                              ; 5.31e-10 s                  ; 3.14e-10 s                  ; Yes                        ; No                         ; 3.08 V                      ; 2.02e-05 V                  ; 3.11 V             ; -0.117 V           ; 0.087 V                             ; 0.148 V                             ; 5.31e-10 s                 ; 3.14e-10 s                 ; Yes                       ; No                        ;
; LEDR[6]             ; 3.3-V LVTTL  ; 0 s                 ; 0 s                 ; 3.08 V                       ; 2.1e-05 V                    ; 3.11 V              ; -0.0931 V           ; 0.115 V                              ; 0.142 V                              ; 5.74e-10 s                  ; 3.17e-10 s                  ; Yes                        ; Yes                        ; 3.08 V                      ; 2.1e-05 V                   ; 3.11 V             ; -0.0931 V          ; 0.115 V                             ; 0.142 V                             ; 5.74e-10 s                 ; 3.17e-10 s                 ; Yes                       ; Yes                       ;
; LEDR[7]             ; 3.3-V LVTTL  ; 0 s                 ; 0 s                 ; 3.08 V                       ; 1.66e-05 V                   ; 3.09 V              ; -0.0542 V           ; 0.04 V                               ; 0.089 V                              ; 5.35e-10 s                  ; 3.01e-10 s                  ; Yes                        ; Yes                        ; 3.08 V                      ; 1.66e-05 V                  ; 3.09 V             ; -0.0542 V          ; 0.04 V                              ; 0.089 V                             ; 5.35e-10 s                 ; 3.01e-10 s                 ; Yes                       ; Yes                       ;
; LEDR[8]             ; 3.3-V LVTTL  ; 0 s                 ; 0 s                 ; 3.08 V                       ; 2.02e-05 V                   ; 3.11 V              ; -0.117 V            ; 0.087 V                              ; 0.147 V                              ; 5.3e-10 s                   ; 3.14e-10 s                  ; Yes                        ; No                         ; 3.08 V                      ; 2.02e-05 V                  ; 3.11 V             ; -0.117 V           ; 0.087 V                             ; 0.147 V                             ; 5.3e-10 s                  ; 3.14e-10 s                 ; Yes                       ; No                        ;
; LEDR[9]             ; 3.3-V LVTTL  ; 0 s                 ; 0 s                 ; 3.08 V                       ; 2.02e-05 V                   ; 3.11 V              ; -0.117 V            ; 0.087 V                              ; 0.148 V                              ; 5.31e-10 s                  ; 3.14e-10 s                  ; Yes                        ; No                         ; 3.08 V                      ; 2.02e-05 V                  ; 3.11 V             ; -0.117 V           ; 0.087 V                             ; 0.148 V                             ; 5.31e-10 s                 ; 3.14e-10 s                 ; Yes                       ; No                        ;
; SD_CLK              ; 3.3-V LVTTL  ; 0 s                 ; 0 s                 ; 3.08 V                       ; 2.1e-05 V                    ; 3.11 V              ; -0.0931 V           ; 0.115 V                              ; 0.142 V                              ; 5.74e-10 s                  ; 3.17e-10 s                  ; Yes                        ; Yes                        ; 3.08 V                      ; 2.1e-05 V                   ; 3.11 V             ; -0.0931 V          ; 0.115 V                             ; 0.142 V                             ; 5.74e-10 s                 ; 3.17e-10 s                 ; Yes                       ; Yes                       ;
; VGA_B[0]            ; 3.3-V LVTTL  ; 0 s                 ; 0 s                 ; 3.08 V                       ; 2.02e-05 V                   ; 3.11 V              ; -0.117 V            ; 0.087 V                              ; 0.147 V                              ; 5.3e-10 s                   ; 3.14e-10 s                  ; Yes                        ; No                         ; 3.08 V                      ; 2.02e-05 V                  ; 3.11 V             ; -0.117 V           ; 0.087 V                             ; 0.147 V                             ; 5.3e-10 s                  ; 3.14e-10 s                 ; Yes                       ; No                        ;
; VGA_B[1]            ; 3.3-V LVTTL  ; 0 s                 ; 0 s                 ; 3.08 V                       ; 2.02e-05 V                   ; 3.11 V              ; -0.117 V            ; 0.087 V                              ; 0.148 V                              ; 5.31e-10 s                  ; 3.14e-10 s                  ; Yes                        ; No                         ; 3.08 V                      ; 2.02e-05 V                  ; 3.11 V             ; -0.117 V           ; 0.087 V                             ; 0.148 V                             ; 5.31e-10 s                 ; 3.14e-10 s                 ; Yes                       ; No                        ;
; VGA_B[2]            ; 3.3-V LVTTL  ; 0 s                 ; 0 s                 ; 3.08 V                       ; 2.1e-05 V                    ; 3.11 V              ; -0.0931 V           ; 0.115 V                              ; 0.142 V                              ; 5.74e-10 s                  ; 3.17e-10 s                  ; Yes                        ; Yes                        ; 3.08 V                      ; 2.1e-05 V                   ; 3.11 V             ; -0.0931 V          ; 0.115 V                             ; 0.142 V                             ; 5.74e-10 s                 ; 3.17e-10 s                 ; Yes                       ; Yes                       ;
; VGA_B[3]            ; 3.3-V LVTTL  ; 0 s                 ; 0 s                 ; 3.08 V                       ; 1.66e-05 V                   ; 3.09 V              ; -0.0542 V           ; 0.04 V                               ; 0.089 V                              ; 5.35e-10 s                  ; 3.01e-10 s                  ; Yes                        ; Yes                        ; 3.08 V                      ; 1.66e-05 V                  ; 3.09 V             ; -0.0542 V          ; 0.04 V                              ; 0.089 V                             ; 5.35e-10 s                 ; 3.01e-10 s                 ; Yes                       ; Yes                       ;
; VGA_G[0]            ; 3.3-V LVTTL  ; 0 s                 ; 0 s                 ; 3.08 V                       ; 2.02e-05 V                   ; 3.11 V              ; -0.117 V            ; 0.087 V                              ; 0.147 V                              ; 5.3e-10 s                   ; 3.14e-10 s                  ; Yes                        ; No                         ; 3.08 V                      ; 2.02e-05 V                  ; 3.11 V             ; -0.117 V           ; 0.087 V                             ; 0.147 V                             ; 5.3e-10 s                  ; 3.14e-10 s                 ; Yes                       ; No                        ;
; VGA_G[1]            ; 3.3-V LVTTL  ; 0 s                 ; 0 s                 ; 3.08 V                       ; 2.02e-05 V                   ; 3.11 V              ; -0.117 V            ; 0.087 V                              ; 0.148 V                              ; 5.31e-10 s                  ; 3.14e-10 s                  ; Yes                        ; No                         ; 3.08 V                      ; 2.02e-05 V                  ; 3.11 V             ; -0.117 V           ; 0.087 V                             ; 0.148 V                             ; 5.31e-10 s                 ; 3.14e-10 s                 ; Yes                       ; No                        ;
; VGA_G[2]            ; 3.3-V LVTTL  ; 0 s                 ; 0 s                 ; 3.08 V                       ; 2.1e-05 V                    ; 3.11 V              ; -0.0931 V           ; 0.115 V                              ; 0.142 V                              ; 5.74e-10 s                  ; 3.17e-10 s                  ; Yes                        ; Yes                        ; 3.08 V                      ; 2.1e-05 V                   ; 3.11 V             ; -0.0931 V          ; 0.115 V                             ; 0.142 V                             ; 5.74e-10 s                 ; 3.17e-10 s                 ; Yes                       ; Yes                       ;
; VGA_G[3]            ; 3.3-V LVTTL  ; 0 s                 ; 0 s                 ; 3.08 V                       ; 1.66e-05 V                   ; 3.09 V              ; -0.0542 V           ; 0.04 V                               ; 0.089 V                              ; 5.35e-10 s                  ; 3.01e-10 s                  ; Yes                        ; Yes                        ; 3.08 V                      ; 1.66e-05 V                  ; 3.09 V             ; -0.0542 V          ; 0.04 V                              ; 0.089 V                             ; 5.35e-10 s                 ; 3.01e-10 s                 ; Yes                       ; Yes                       ;
; VGA_HS              ; 3.3-V LVTTL  ; 0 s                 ; 0 s                 ; 3.08 V                       ; 2.02e-05 V                   ; 3.11 V              ; -0.117 V            ; 0.087 V                              ; 0.147 V                              ; 5.3e-10 s                   ; 3.14e-10 s                  ; Yes                        ; No                         ; 3.08 V                      ; 2.02e-05 V                  ; 3.11 V             ; -0.117 V           ; 0.087 V                             ; 0.147 V                             ; 5.3e-10 s                  ; 3.14e-10 s                 ; Yes                       ; No                        ;
; VGA_R[0]            ; 3.3-V LVTTL  ; 0 s                 ; 0 s                 ; 3.08 V                       ; 2.02e-05 V                   ; 3.11 V              ; -0.117 V            ; 0.087 V                              ; 0.148 V                              ; 5.31e-10 s                  ; 3.14e-10 s                  ; Yes                        ; No                         ; 3.08 V                      ; 2.02e-05 V                  ; 3.11 V             ; -0.117 V           ; 0.087 V                             ; 0.148 V                             ; 5.31e-10 s                 ; 3.14e-10 s                 ; Yes                       ; No                        ;
; VGA_R[1]            ; 3.3-V LVTTL  ; 0 s                 ; 0 s                 ; 3.08 V                       ; 2.1e-05 V                    ; 3.11 V              ; -0.0931 V           ; 0.115 V                              ; 0.142 V                              ; 5.74e-10 s                  ; 3.17e-10 s                  ; Yes                        ; Yes                        ; 3.08 V                      ; 2.1e-05 V                   ; 3.11 V             ; -0.0931 V          ; 0.115 V                             ; 0.142 V                             ; 5.74e-10 s                 ; 3.17e-10 s                 ; Yes                       ; Yes                       ;
; VGA_R[2]            ; 3.3-V LVTTL  ; 0 s                 ; 0 s                 ; 3.08 V                       ; 1.66e-05 V                   ; 3.09 V              ; -0.0542 V           ; 0.04 V                               ; 0.089 V                              ; 5.35e-10 s                  ; 3.01e-10 s                  ; Yes                        ; Yes                        ; 3.08 V                      ; 1.66e-05 V                  ; 3.09 V             ; -0.0542 V          ; 0.04 V                              ; 0.089 V                             ; 5.35e-10 s                 ; 3.01e-10 s                 ; Yes                       ; Yes                       ;
; VGA_R[3]            ; 3.3-V LVTTL  ; 0 s                 ; 0 s                 ; 3.08 V                       ; 2.02e-05 V                   ; 3.11 V              ; -0.117 V            ; 0.087 V                              ; 0.147 V                              ; 5.3e-10 s                   ; 3.14e-10 s                  ; Yes                        ; No                         ; 3.08 V                      ; 2.02e-05 V                  ; 3.11 V             ; -0.117 V           ; 0.087 V                             ; 0.147 V                             ; 5.3e-10 s                  ; 3.14e-10 s                 ; Yes                       ; No                        ;
; VGA_VS              ; 3.3-V LVTTL  ; 0 s                 ; 0 s                 ; 3.08 V                       ; 2.02e-05 V                   ; 3.11 V              ; -0.117 V            ; 0.087 V                              ; 0.148 V                              ; 5.31e-10 s                  ; 3.14e-10 s                  ; Yes                        ; No                         ; 3.08 V                      ; 2.02e-05 V                  ; 3.11 V             ; -0.117 V           ; 0.087 V                             ; 0.148 V                             ; 5.31e-10 s                 ; 3.14e-10 s                 ; Yes                       ; No                        ;
; CLOCK4_50           ; 3.3-V LVTTL  ; 0 s                 ; 0 s                 ; 3.08 V                       ; 2.1e-05 V                    ; 3.11 V              ; -0.0931 V           ; 0.115 V                              ; 0.142 V                              ; 5.74e-10 s                  ; 3.17e-10 s                  ; Yes                        ; Yes                        ; 3.08 V                      ; 2.1e-05 V                   ; 3.11 V             ; -0.0931 V          ; 0.115 V                             ; 0.142 V                             ; 5.74e-10 s                 ; 3.17e-10 s                 ; Yes                       ; Yes                       ;
; DRAM_DQ[0]          ; 3.3-V LVTTL  ; 0 s                 ; 0 s                 ; 3.08 V                       ; 2.02e-05 V                   ; 3.11 V              ; -0.117 V            ; 0.087 V                              ; 0.147 V                              ; 5.3e-10 s                   ; 3.14e-10 s                  ; Yes                        ; No                         ; 3.08 V                      ; 2.02e-05 V                  ; 3.11 V             ; -0.117 V           ; 0.087 V                             ; 0.147 V                             ; 5.3e-10 s                  ; 3.14e-10 s                 ; Yes                       ; No                        ;
; DRAM_DQ[1]          ; 3.3-V LVTTL  ; 0 s                 ; 0 s                 ; 3.08 V                       ; 1.66e-05 V                   ; 3.09 V              ; -0.0542 V           ; 0.04 V                               ; 0.089 V                              ; 5.35e-10 s                  ; 3.01e-10 s                  ; Yes                        ; Yes                        ; 3.08 V                      ; 1.66e-05 V                  ; 3.09 V             ; -0.0542 V          ; 0.04 V                              ; 0.089 V                             ; 5.35e-10 s                 ; 3.01e-10 s                 ; Yes                       ; Yes                       ;
; DRAM_DQ[2]          ; 3.3-V LVTTL  ; 0 s                 ; 0 s                 ; 3.08 V                       ; 2.1e-05 V                    ; 3.11 V              ; -0.0931 V           ; 0.115 V                              ; 0.142 V                              ; 5.74e-10 s                  ; 3.17e-10 s                  ; Yes                        ; Yes                        ; 3.08 V                      ; 2.1e-05 V                   ; 3.11 V             ; -0.0931 V          ; 0.115 V                             ; 0.142 V                             ; 5.74e-10 s                 ; 3.17e-10 s                 ; Yes                       ; Yes                       ;
; DRAM_DQ[3]          ; 3.3-V LVTTL  ; 0 s                 ; 0 s                 ; 3.08 V                       ; 2.02e-05 V                   ; 3.11 V              ; -0.117 V            ; 0.087 V                              ; 0.148 V                              ; 5.31e-10 s                  ; 3.14e-10 s                  ; Yes                        ; No                         ; 3.08 V                      ; 2.02e-05 V                  ; 3.11 V             ; -0.117 V           ; 0.087 V                             ; 0.148 V                             ; 5.31e-10 s                 ; 3.14e-10 s                 ; Yes                       ; No                        ;
; DRAM_DQ[4]          ; 3.3-V LVTTL  ; 0 s                 ; 0 s                 ; 3.08 V                       ; 1.66e-05 V                   ; 3.09 V              ; -0.0542 V           ; 0.04 V                               ; 0.089 V                              ; 5.35e-10 s                  ; 3.01e-10 s                  ; Yes                        ; Yes                        ; 3.08 V                      ; 1.66e-05 V                  ; 3.09 V             ; -0.0542 V          ; 0.04 V                              ; 0.089 V                             ; 5.35e-10 s                 ; 3.01e-10 s                 ; Yes                       ; Yes                       ;
; DRAM_DQ[5]          ; 3.3-V LVTTL  ; 0 s                 ; 0 s                 ; 3.08 V                       ; 2.1e-05 V                    ; 3.11 V              ; -0.0931 V           ; 0.115 V                              ; 0.142 V                              ; 5.74e-10 s                  ; 3.17e-10 s                  ; Yes                        ; Yes                        ; 3.08 V                      ; 2.1e-05 V                   ; 3.11 V             ; -0.0931 V          ; 0.115 V                             ; 0.142 V                             ; 5.74e-10 s                 ; 3.17e-10 s                 ; Yes                       ; Yes                       ;
; DRAM_DQ[6]          ; 3.3-V LVTTL  ; 0 s                 ; 0 s                 ; 3.08 V                       ; 2.02e-05 V                   ; 3.11 V              ; -0.117 V            ; 0.087 V                              ; 0.148 V                              ; 5.31e-10 s                  ; 3.14e-10 s                  ; Yes                        ; No                         ; 3.08 V                      ; 2.02e-05 V                  ; 3.11 V             ; -0.117 V           ; 0.087 V                             ; 0.148 V                             ; 5.31e-10 s                 ; 3.14e-10 s                 ; Yes                       ; No                        ;
; DRAM_DQ[7]          ; 3.3-V LVTTL  ; 0 s                 ; 0 s                 ; 3.08 V                       ; 2.02e-05 V                   ; 3.11 V              ; -0.117 V            ; 0.087 V                              ; 0.147 V                              ; 5.3e-10 s                   ; 3.14e-10 s                  ; Yes                        ; No                         ; 3.08 V                      ; 2.02e-05 V                  ; 3.11 V             ; -0.117 V           ; 0.087 V                             ; 0.147 V                             ; 5.3e-10 s                  ; 3.14e-10 s                 ; Yes                       ; No                        ;
; DRAM_DQ[8]          ; 3.3-V LVTTL  ; 0 s                 ; 0 s                 ; 3.08 V                       ; 2.02e-05 V                   ; 3.11 V              ; -0.117 V            ; 0.087 V                              ; 0.147 V                              ; 5.3e-10 s                   ; 3.14e-10 s                  ; Yes                        ; No                         ; 3.08 V                      ; 2.02e-05 V                  ; 3.11 V             ; -0.117 V           ; 0.087 V                             ; 0.147 V                             ; 5.3e-10 s                  ; 3.14e-10 s                 ; Yes                       ; No                        ;
; DRAM_DQ[9]          ; 3.3-V LVTTL  ; 0 s                 ; 0 s                 ; 3.08 V                       ; 2.02e-05 V                   ; 3.11 V              ; -0.117 V            ; 0.087 V                              ; 0.147 V                              ; 5.3e-10 s                   ; 3.14e-10 s                  ; Yes                        ; No                         ; 3.08 V                      ; 2.02e-05 V                  ; 3.11 V             ; -0.117 V           ; 0.087 V                             ; 0.147 V                             ; 5.3e-10 s                  ; 3.14e-10 s                 ; Yes                       ; No                        ;
; DRAM_DQ[10]         ; 3.3-V LVTTL  ; 0 s                 ; 0 s                 ; 3.08 V                       ; 2.02e-05 V                   ; 3.11 V              ; -0.117 V            ; 0.087 V                              ; 0.148 V                              ; 5.31e-10 s                  ; 3.14e-10 s                  ; Yes                        ; No                         ; 3.08 V                      ; 2.02e-05 V                  ; 3.11 V             ; -0.117 V           ; 0.087 V                             ; 0.148 V                             ; 5.31e-10 s                 ; 3.14e-10 s                 ; Yes                       ; No                        ;
; DRAM_DQ[11]         ; 3.3-V LVTTL  ; 0 s                 ; 0 s                 ; 3.08 V                       ; 2.02e-05 V                   ; 3.11 V              ; -0.117 V            ; 0.087 V                              ; 0.148 V                              ; 5.31e-10 s                  ; 3.14e-10 s                  ; Yes                        ; No                         ; 3.08 V                      ; 2.02e-05 V                  ; 3.11 V             ; -0.117 V           ; 0.087 V                             ; 0.148 V                             ; 5.31e-10 s                 ; 3.14e-10 s                 ; Yes                       ; No                        ;
; DRAM_DQ[12]         ; 3.3-V LVTTL  ; 0 s                 ; 0 s                 ; 3.08 V                       ; 2.1e-05 V                    ; 3.11 V              ; -0.0931 V           ; 0.115 V                              ; 0.142 V                              ; 5.74e-10 s                  ; 3.17e-10 s                  ; Yes                        ; Yes                        ; 3.08 V                      ; 2.1e-05 V                   ; 3.11 V             ; -0.0931 V          ; 0.115 V                             ; 0.142 V                             ; 5.74e-10 s                 ; 3.17e-10 s                 ; Yes                       ; Yes                       ;
; DRAM_DQ[13]         ; 3.3-V LVTTL  ; 0 s                 ; 0 s                 ; 3.08 V                       ; 1.66e-05 V                   ; 3.09 V              ; -0.0542 V           ; 0.04 V                               ; 0.089 V                              ; 5.35e-10 s                  ; 3.01e-10 s                  ; Yes                        ; Yes                        ; 3.08 V                      ; 1.66e-05 V                  ; 3.09 V             ; -0.0542 V          ; 0.04 V                              ; 0.089 V                             ; 5.35e-10 s                 ; 3.01e-10 s                 ; Yes                       ; Yes                       ;
; DRAM_DQ[14]         ; 3.3-V LVTTL  ; 0 s                 ; 0 s                 ; 3.08 V                       ; 2.1e-05 V                    ; 3.11 V              ; -0.0931 V           ; 0.115 V                              ; 0.142 V                              ; 5.74e-10 s                  ; 3.17e-10 s                  ; Yes                        ; Yes                        ; 3.08 V                      ; 2.1e-05 V                   ; 3.11 V             ; -0.0931 V          ; 0.115 V                             ; 0.142 V                             ; 5.74e-10 s                 ; 3.17e-10 s                 ; Yes                       ; Yes                       ;
; DRAM_DQ[15]         ; 3.3-V LVTTL  ; 0 s                 ; 0 s                 ; 3.08 V                       ; 1.66e-05 V                   ; 3.09 V              ; -0.0542 V           ; 0.04 V                               ; 0.089 V                              ; 5.35e-10 s                  ; 3.01e-10 s                  ; Yes                        ; Yes                        ; 3.08 V                      ; 1.66e-05 V                  ; 3.09 V             ; -0.0542 V          ; 0.04 V                              ; 0.089 V                             ; 5.35e-10 s                 ; 3.01e-10 s                 ; Yes                       ; Yes                       ;
; GPIO_0[6]           ; 3.3-V LVTTL  ; 0 s                 ; 0 s                 ; 3.08 V                       ; 2.02e-05 V                   ; 3.11 V              ; -0.117 V            ; 0.087 V                              ; 0.147 V                              ; 5.3e-10 s                   ; 3.14e-10 s                  ; Yes                        ; No                         ; 3.08 V                      ; 2.02e-05 V                  ; 3.11 V             ; -0.117 V           ; 0.087 V                             ; 0.147 V                             ; 5.3e-10 s                  ; 3.14e-10 s                 ; Yes                       ; No                        ;
; GPIO_0[7]           ; 3.3-V LVTTL  ; 0 s                 ; 0 s                 ; 3.08 V                       ; 2.02e-05 V                   ; 3.11 V              ; -0.117 V            ; 0.087 V                              ; 0.148 V                              ; 5.31e-10 s                  ; 3.14e-10 s                  ; Yes                        ; No                         ; 3.08 V                      ; 2.02e-05 V                  ; 3.11 V             ; -0.117 V           ; 0.087 V                             ; 0.148 V                             ; 5.31e-10 s                 ; 3.14e-10 s                 ; Yes                       ; No                        ;
; GPIO_0[8]           ; 3.3-V LVTTL  ; 0 s                 ; 0 s                 ; 3.08 V                       ; 2.02e-05 V                   ; 3.11 V              ; -0.117 V            ; 0.087 V                              ; 0.147 V                              ; 5.3e-10 s                   ; 3.14e-10 s                  ; Yes                        ; No                         ; 3.08 V                      ; 2.02e-05 V                  ; 3.11 V             ; -0.117 V           ; 0.087 V                             ; 0.147 V                             ; 5.3e-10 s                  ; 3.14e-10 s                 ; Yes                       ; No                        ;
; GPIO_0[9]           ; 3.3-V LVTTL  ; 0 s                 ; 0 s                 ; 3.08 V                       ; 2.02e-05 V                   ; 3.11 V              ; -0.117 V            ; 0.087 V                              ; 0.148 V                              ; 5.31e-10 s                  ; 3.14e-10 s                  ; Yes                        ; No                         ; 3.08 V                      ; 2.02e-05 V                  ; 3.11 V             ; -0.117 V           ; 0.087 V                             ; 0.148 V                             ; 5.31e-10 s                 ; 3.14e-10 s                 ; Yes                       ; No                        ;
; GPIO_0[10]          ; 3.3-V LVTTL  ; 0 s                 ; 0 s                 ; 3.08 V                       ; 2.02e-05 V                   ; 3.11 V              ; -0.117 V            ; 0.087 V                              ; 0.148 V                              ; 5.31e-10 s                  ; 3.14e-10 s                  ; Yes                        ; No                         ; 3.08 V                      ; 2.02e-05 V                  ; 3.11 V             ; -0.117 V           ; 0.087 V                             ; 0.148 V                             ; 5.31e-10 s                 ; 3.14e-10 s                 ; Yes                       ; No                        ;
; GPIO_0[11]          ; 3.3-V LVTTL  ; 0 s                 ; 0 s                 ; 3.08 V                       ; 2.02e-05 V                   ; 3.11 V              ; -0.117 V            ; 0.087 V                              ; 0.148 V                              ; 5.31e-10 s                  ; 3.14e-10 s                  ; Yes                        ; No                         ; 3.08 V                      ; 2.02e-05 V                  ; 3.11 V             ; -0.117 V           ; 0.087 V                             ; 0.148 V                             ; 5.31e-10 s                 ; 3.14e-10 s                 ; Yes                       ; No                        ;
; GPIO_0[12]          ; 3.3-V LVTTL  ; 0 s                 ; 0 s                 ; 3.08 V                       ; 2.02e-05 V                   ; 3.11 V              ; -0.117 V            ; 0.087 V                              ; 0.147 V                              ; 5.3e-10 s                   ; 3.14e-10 s                  ; Yes                        ; No                         ; 3.08 V                      ; 2.02e-05 V                  ; 3.11 V             ; -0.117 V           ; 0.087 V                             ; 0.147 V                             ; 5.3e-10 s                  ; 3.14e-10 s                 ; Yes                       ; No                        ;
; GPIO_0[13]          ; 3.3-V LVTTL  ; 0 s                 ; 0 s                 ; 3.08 V                       ; 2.02e-05 V                   ; 3.11 V              ; -0.117 V            ; 0.087 V                              ; 0.147 V                              ; 5.3e-10 s                   ; 3.14e-10 s                  ; Yes                        ; No                         ; 3.08 V                      ; 2.02e-05 V                  ; 3.11 V             ; -0.117 V           ; 0.087 V                             ; 0.147 V                             ; 5.3e-10 s                  ; 3.14e-10 s                 ; Yes                       ; No                        ;
; GPIO_0[14]          ; 3.3-V LVTTL  ; 0 s                 ; 0 s                 ; 3.08 V                       ; 2.02e-05 V                   ; 3.11 V              ; -0.117 V            ; 0.087 V                              ; 0.147 V                              ; 5.3e-10 s                   ; 3.14e-10 s                  ; Yes                        ; No                         ; 3.08 V                      ; 2.02e-05 V                  ; 3.11 V             ; -0.117 V           ; 0.087 V                             ; 0.147 V                             ; 5.3e-10 s                  ; 3.14e-10 s                 ; Yes                       ; No                        ;
; GPIO_0[15]          ; 3.3-V LVTTL  ; 0 s                 ; 0 s                 ; 3.08 V                       ; 2.1e-05 V                    ; 3.11 V              ; -0.0931 V           ; 0.115 V                              ; 0.142 V                              ; 5.74e-10 s                  ; 3.17e-10 s                  ; Yes                        ; Yes                        ; 3.08 V                      ; 2.1e-05 V                   ; 3.11 V             ; -0.0931 V          ; 0.115 V                             ; 0.142 V                             ; 5.74e-10 s                 ; 3.17e-10 s                 ; Yes                       ; Yes                       ;
; GPIO_0[16]          ; 3.3-V LVTTL  ; 0 s                 ; 0 s                 ; 3.08 V                       ; 2.02e-05 V                   ; 3.11 V              ; -0.117 V            ; 0.087 V                              ; 0.147 V                              ; 5.3e-10 s                   ; 3.14e-10 s                  ; Yes                        ; No                         ; 3.08 V                      ; 2.02e-05 V                  ; 3.11 V             ; -0.117 V           ; 0.087 V                             ; 0.147 V                             ; 5.3e-10 s                  ; 3.14e-10 s                 ; Yes                       ; No                        ;
; GPIO_0[17]          ; 3.3-V LVTTL  ; 0 s                 ; 0 s                 ; 3.08 V                       ; 2.02e-05 V                   ; 3.11 V              ; -0.117 V            ; 0.087 V                              ; 0.147 V                              ; 5.3e-10 s                   ; 3.14e-10 s                  ; Yes                        ; No                         ; 3.08 V                      ; 2.02e-05 V                  ; 3.11 V             ; -0.117 V           ; 0.087 V                             ; 0.147 V                             ; 5.3e-10 s                  ; 3.14e-10 s                 ; Yes                       ; No                        ;
; GPIO_0[18]          ; 3.3-V LVTTL  ; 0 s                 ; 0 s                 ; 3.08 V                       ; 2.02e-05 V                   ; 3.11 V              ; -0.117 V            ; 0.087 V                              ; 0.148 V                              ; 5.31e-10 s                  ; 3.14e-10 s                  ; Yes                        ; No                         ; 3.08 V                      ; 2.02e-05 V                  ; 3.11 V             ; -0.117 V           ; 0.087 V                             ; 0.148 V                             ; 5.31e-10 s                 ; 3.14e-10 s                 ; Yes                       ; No                        ;
; GPIO_0[19]          ; 3.3-V LVTTL  ; 0 s                 ; 0 s                 ; 3.08 V                       ; 1.66e-05 V                   ; 3.09 V              ; -0.0542 V           ; 0.04 V                               ; 0.089 V                              ; 5.35e-10 s                  ; 3.01e-10 s                  ; Yes                        ; Yes                        ; 3.08 V                      ; 1.66e-05 V                  ; 3.09 V             ; -0.0542 V          ; 0.04 V                              ; 0.089 V                             ; 5.35e-10 s                 ; 3.01e-10 s                 ; Yes                       ; Yes                       ;
; GPIO_0[20]          ; 3.3-V LVTTL  ; 0 s                 ; 0 s                 ; 3.08 V                       ; 2.1e-05 V                    ; 3.11 V              ; -0.0931 V           ; 0.115 V                              ; 0.142 V                              ; 5.74e-10 s                  ; 3.17e-10 s                  ; Yes                        ; Yes                        ; 3.08 V                      ; 2.1e-05 V                   ; 3.11 V             ; -0.0931 V          ; 0.115 V                             ; 0.142 V                             ; 5.74e-10 s                 ; 3.17e-10 s                 ; Yes                       ; Yes                       ;
; GPIO_0[21]          ; 3.3-V LVTTL  ; 0 s                 ; 0 s                 ; 3.08 V                       ; 1.66e-05 V                   ; 3.09 V              ; -0.0542 V           ; 0.04 V                               ; 0.089 V                              ; 5.35e-10 s                  ; 3.01e-10 s                  ; Yes                        ; Yes                        ; 3.08 V                      ; 1.66e-05 V                  ; 3.09 V             ; -0.0542 V          ; 0.04 V                              ; 0.089 V                             ; 5.35e-10 s                 ; 3.01e-10 s                 ; Yes                       ; Yes                       ;
; GPIO_0[22]          ; 3.3-V LVTTL  ; 0 s                 ; 0 s                 ; 3.08 V                       ; 1.66e-05 V                   ; 3.09 V              ; -0.0542 V           ; 0.04 V                               ; 0.089 V                              ; 5.35e-10 s                  ; 3.01e-10 s                  ; Yes                        ; Yes                        ; 3.08 V                      ; 1.66e-05 V                  ; 3.09 V             ; -0.0542 V          ; 0.04 V                              ; 0.089 V                             ; 5.35e-10 s                 ; 3.01e-10 s                 ; Yes                       ; Yes                       ;
; GPIO_0[23]          ; 3.3-V LVTTL  ; 0 s                 ; 0 s                 ; 3.08 V                       ; 1.66e-05 V                   ; 3.09 V              ; -0.0542 V           ; 0.04 V                               ; 0.089 V                              ; 5.35e-10 s                  ; 3.01e-10 s                  ; Yes                        ; Yes                        ; 3.08 V                      ; 1.66e-05 V                  ; 3.09 V             ; -0.0542 V          ; 0.04 V                              ; 0.089 V                             ; 5.35e-10 s                 ; 3.01e-10 s                 ; Yes                       ; Yes                       ;
; GPIO_0[24]          ; 3.3-V LVTTL  ; 0 s                 ; 0 s                 ; 3.08 V                       ; 2.1e-05 V                    ; 3.11 V              ; -0.0931 V           ; 0.115 V                              ; 0.142 V                              ; 5.74e-10 s                  ; 3.17e-10 s                  ; Yes                        ; Yes                        ; 3.08 V                      ; 2.1e-05 V                   ; 3.11 V             ; -0.0931 V          ; 0.115 V                             ; 0.142 V                             ; 5.74e-10 s                 ; 3.17e-10 s                 ; Yes                       ; Yes                       ;
; GPIO_0[25]          ; 3.3-V LVTTL  ; 0 s                 ; 0 s                 ; 3.08 V                       ; 2.1e-05 V                    ; 3.11 V              ; -0.0931 V           ; 0.115 V                              ; 0.142 V                              ; 5.74e-10 s                  ; 3.17e-10 s                  ; Yes                        ; Yes                        ; 3.08 V                      ; 2.1e-05 V                   ; 3.11 V             ; -0.0931 V          ; 0.115 V                             ; 0.142 V                             ; 5.74e-10 s                 ; 3.17e-10 s                 ; Yes                       ; Yes                       ;
; GPIO_0[26]          ; 3.3-V LVTTL  ; 0 s                 ; 0 s                 ; 3.08 V                       ; 1.66e-05 V                   ; 3.09 V              ; -0.0542 V           ; 0.04 V                               ; 0.089 V                              ; 5.35e-10 s                  ; 3.01e-10 s                  ; Yes                        ; Yes                        ; 3.08 V                      ; 1.66e-05 V                  ; 3.09 V             ; -0.0542 V          ; 0.04 V                              ; 0.089 V                             ; 5.35e-10 s                 ; 3.01e-10 s                 ; Yes                       ; Yes                       ;
; GPIO_0[27]          ; 3.3-V LVTTL  ; 0 s                 ; 0 s                 ; 3.08 V                       ; 2.02e-05 V                   ; 3.11 V              ; -0.117 V            ; 0.087 V                              ; 0.148 V                              ; 5.31e-10 s                  ; 3.14e-10 s                  ; Yes                        ; No                         ; 3.08 V                      ; 2.02e-05 V                  ; 3.11 V             ; -0.117 V           ; 0.087 V                             ; 0.148 V                             ; 5.31e-10 s                 ; 3.14e-10 s                 ; Yes                       ; No                        ;
; GPIO_1[0]           ; 3.3-V LVTTL  ; 0 s                 ; 0 s                 ; 3.08 V                       ; 2.1e-05 V                    ; 3.11 V              ; -0.0931 V           ; 0.115 V                              ; 0.142 V                              ; 5.74e-10 s                  ; 3.17e-10 s                  ; Yes                        ; Yes                        ; 3.08 V                      ; 2.1e-05 V                   ; 3.11 V             ; -0.0931 V          ; 0.115 V                             ; 0.142 V                             ; 5.74e-10 s                 ; 3.17e-10 s                 ; Yes                       ; Yes                       ;
; GPIO_1[1]           ; 3.3-V LVTTL  ; 0 s                 ; 0 s                 ; 3.08 V                       ; 2.02e-05 V                   ; 3.11 V              ; -0.117 V            ; 0.087 V                              ; 0.148 V                              ; 5.31e-10 s                  ; 3.14e-10 s                  ; Yes                        ; No                         ; 3.08 V                      ; 2.02e-05 V                  ; 3.11 V             ; -0.117 V           ; 0.087 V                             ; 0.148 V                             ; 5.31e-10 s                 ; 3.14e-10 s                 ; Yes                       ; No                        ;
; GPIO_1[2]           ; 3.3-V LVTTL  ; 0 s                 ; 0 s                 ; 3.08 V                       ; 1.66e-05 V                   ; 3.09 V              ; -0.0542 V           ; 0.04 V                               ; 0.089 V                              ; 5.35e-10 s                  ; 3.01e-10 s                  ; Yes                        ; Yes                        ; 3.08 V                      ; 1.66e-05 V                  ; 3.09 V             ; -0.0542 V          ; 0.04 V                              ; 0.089 V                             ; 5.35e-10 s                 ; 3.01e-10 s                 ; Yes                       ; Yes                       ;
; GPIO_1[3]           ; 3.3-V LVTTL  ; 0 s                 ; 0 s                 ; 3.08 V                       ; 2.02e-05 V                   ; 3.11 V              ; -0.117 V            ; 0.087 V                              ; 0.147 V                              ; 5.3e-10 s                   ; 3.14e-10 s                  ; Yes                        ; No                         ; 3.08 V                      ; 2.02e-05 V                  ; 3.11 V             ; -0.117 V           ; 0.087 V                             ; 0.147 V                             ; 5.3e-10 s                  ; 3.14e-10 s                 ; Yes                       ; No                        ;
; GPIO_1[4]           ; 3.3-V LVTTL  ; 0 s                 ; 0 s                 ; 3.08 V                       ; 2.02e-05 V                   ; 3.11 V              ; -0.117 V            ; 0.087 V                              ; 0.148 V                              ; 5.31e-10 s                  ; 3.14e-10 s                  ; Yes                        ; No                         ; 3.08 V                      ; 2.02e-05 V                  ; 3.11 V             ; -0.117 V           ; 0.087 V                             ; 0.148 V                             ; 5.31e-10 s                 ; 3.14e-10 s                 ; Yes                       ; No                        ;
; GPIO_1[5]           ; 3.3-V LVTTL  ; 0 s                 ; 0 s                 ; 3.08 V                       ; 2.02e-05 V                   ; 3.11 V              ; -0.117 V            ; 0.087 V                              ; 0.147 V                              ; 5.3e-10 s                   ; 3.14e-10 s                  ; Yes                        ; No                         ; 3.08 V                      ; 2.02e-05 V                  ; 3.11 V             ; -0.117 V           ; 0.087 V                             ; 0.147 V                             ; 5.3e-10 s                  ; 3.14e-10 s                 ; Yes                       ; No                        ;
; GPIO_1[6]           ; 3.3-V LVTTL  ; 0 s                 ; 0 s                 ; 3.08 V                       ; 1.66e-05 V                   ; 3.09 V              ; -0.0542 V           ; 0.04 V                               ; 0.089 V                              ; 5.35e-10 s                  ; 3.01e-10 s                  ; Yes                        ; Yes                        ; 3.08 V                      ; 1.66e-05 V                  ; 3.09 V             ; -0.0542 V          ; 0.04 V                              ; 0.089 V                             ; 5.35e-10 s                 ; 3.01e-10 s                 ; Yes                       ; Yes                       ;
; GPIO_1[7]           ; 3.3-V LVTTL  ; 0 s                 ; 0 s                 ; 3.08 V                       ; 2.1e-05 V                    ; 3.11 V              ; -0.0931 V           ; 0.115 V                              ; 0.142 V                              ; 5.74e-10 s                  ; 3.17e-10 s                  ; Yes                        ; Yes                        ; 3.08 V                      ; 2.1e-05 V                   ; 3.11 V             ; -0.0931 V          ; 0.115 V                             ; 0.142 V                             ; 5.74e-10 s                 ; 3.17e-10 s                 ; Yes                       ; Yes                       ;
; GPIO_1[8]           ; 3.3-V LVTTL  ; 0 s                 ; 0 s                 ; 3.08 V                       ; 2.1e-05 V                    ; 3.11 V              ; -0.0931 V           ; 0.115 V                              ; 0.142 V                              ; 5.74e-10 s                  ; 3.17e-10 s                  ; Yes                        ; Yes                        ; 3.08 V                      ; 2.1e-05 V                   ; 3.11 V             ; -0.0931 V          ; 0.115 V                             ; 0.142 V                             ; 5.74e-10 s                 ; 3.17e-10 s                 ; Yes                       ; Yes                       ;
; GPIO_1[9]           ; 3.3-V LVTTL  ; 0 s                 ; 0 s                 ; 3.08 V                       ; 2.02e-05 V                   ; 3.11 V              ; -0.117 V            ; 0.087 V                              ; 0.147 V                              ; 5.3e-10 s                   ; 3.14e-10 s                  ; Yes                        ; No                         ; 3.08 V                      ; 2.02e-05 V                  ; 3.11 V             ; -0.117 V           ; 0.087 V                             ; 0.147 V                             ; 5.3e-10 s                  ; 3.14e-10 s                 ; Yes                       ; No                        ;
; GPIO_1[10]          ; 3.3-V LVTTL  ; 0 s                 ; 0 s                 ; 3.08 V                       ; 1.66e-05 V                   ; 3.09 V              ; -0.0542 V           ; 0.04 V                               ; 0.089 V                              ; 5.35e-10 s                  ; 3.01e-10 s                  ; Yes                        ; Yes                        ; 3.08 V                      ; 1.66e-05 V                  ; 3.09 V             ; -0.0542 V          ; 0.04 V                              ; 0.089 V                             ; 5.35e-10 s                 ; 3.01e-10 s                 ; Yes                       ; Yes                       ;
; GPIO_1[11]          ; 3.3-V LVTTL  ; 0 s                 ; 0 s                 ; 3.08 V                       ; 2.02e-05 V                   ; 3.11 V              ; -0.117 V            ; 0.087 V                              ; 0.148 V                              ; 5.31e-10 s                  ; 3.14e-10 s                  ; Yes                        ; No                         ; 3.08 V                      ; 2.02e-05 V                  ; 3.11 V             ; -0.117 V           ; 0.087 V                             ; 0.148 V                             ; 5.31e-10 s                 ; 3.14e-10 s                 ; Yes                       ; No                        ;
; GPIO_1[12]          ; 3.3-V LVTTL  ; 0 s                 ; 0 s                 ; 3.08 V                       ; 2.02e-05 V                   ; 3.11 V              ; -0.117 V            ; 0.087 V                              ; 0.147 V                              ; 5.3e-10 s                   ; 3.14e-10 s                  ; Yes                        ; No                         ; 3.08 V                      ; 2.02e-05 V                  ; 3.11 V             ; -0.117 V           ; 0.087 V                             ; 0.147 V                             ; 5.3e-10 s                  ; 3.14e-10 s                 ; Yes                       ; No                        ;
; GPIO_1[13]          ; 3.3-V LVTTL  ; 0 s                 ; 0 s                 ; 3.08 V                       ; 2.02e-05 V                   ; 3.11 V              ; -0.117 V            ; 0.087 V                              ; 0.147 V                              ; 5.3e-10 s                   ; 3.14e-10 s                  ; Yes                        ; No                         ; 3.08 V                      ; 2.02e-05 V                  ; 3.11 V             ; -0.117 V           ; 0.087 V                             ; 0.147 V                             ; 5.3e-10 s                  ; 3.14e-10 s                 ; Yes                       ; No                        ;
; GPIO_1[14]          ; 3.3-V LVTTL  ; 0 s                 ; 0 s                 ; 3.08 V                       ; 2.02e-05 V                   ; 3.11 V              ; -0.117 V            ; 0.087 V                              ; 0.148 V                              ; 5.31e-10 s                  ; 3.14e-10 s                  ; Yes                        ; No                         ; 3.08 V                      ; 2.02e-05 V                  ; 3.11 V             ; -0.117 V           ; 0.087 V                             ; 0.148 V                             ; 5.31e-10 s                 ; 3.14e-10 s                 ; Yes                       ; No                        ;
; GPIO_1[15]          ; 3.3-V LVTTL  ; 0 s                 ; 0 s                 ; 3.08 V                       ; 2.02e-05 V                   ; 3.11 V              ; -0.117 V            ; 0.087 V                              ; 0.147 V                              ; 5.3e-10 s                   ; 3.14e-10 s                  ; Yes                        ; No                         ; 3.08 V                      ; 2.02e-05 V                  ; 3.11 V             ; -0.117 V           ; 0.087 V                             ; 0.147 V                             ; 5.3e-10 s                  ; 3.14e-10 s                 ; Yes                       ; No                        ;
; GPIO_1[16]          ; 3.3-V LVTTL  ; 0 s                 ; 0 s                 ; 3.08 V                       ; 2.1e-05 V                    ; 3.11 V              ; -0.0931 V           ; 0.115 V                              ; 0.142 V                              ; 5.74e-10 s                  ; 3.17e-10 s                  ; Yes                        ; Yes                        ; 3.08 V                      ; 2.1e-05 V                   ; 3.11 V             ; -0.0931 V          ; 0.115 V                             ; 0.142 V                             ; 5.74e-10 s                 ; 3.17e-10 s                 ; Yes                       ; Yes                       ;
; GPIO_1[17]          ; 3.3-V LVTTL  ; 0 s                 ; 0 s                 ; 3.08 V                       ; 2.02e-05 V                   ; 3.11 V              ; -0.117 V            ; 0.087 V                              ; 0.147 V                              ; 5.3e-10 s                   ; 3.14e-10 s                  ; Yes                        ; No                         ; 3.08 V                      ; 2.02e-05 V                  ; 3.11 V             ; -0.117 V           ; 0.087 V                             ; 0.147 V                             ; 5.3e-10 s                  ; 3.14e-10 s                 ; Yes                       ; No                        ;
; GPIO_1[18]          ; 3.3-V LVTTL  ; 0 s                 ; 0 s                 ; 3.08 V                       ; 1.66e-05 V                   ; 3.09 V              ; -0.0542 V           ; 0.04 V                               ; 0.089 V                              ; 5.35e-10 s                  ; 3.01e-10 s                  ; Yes                        ; Yes                        ; 3.08 V                      ; 1.66e-05 V                  ; 3.09 V             ; -0.0542 V          ; 0.04 V                              ; 0.089 V                             ; 5.35e-10 s                 ; 3.01e-10 s                 ; Yes                       ; Yes                       ;
; GPIO_1[19]          ; 3.3-V LVTTL  ; 0 s                 ; 0 s                 ; 3.08 V                       ; 2.02e-05 V                   ; 3.11 V              ; -0.117 V            ; 0.087 V                              ; 0.147 V                              ; 5.3e-10 s                   ; 3.14e-10 s                  ; Yes                        ; No                         ; 3.08 V                      ; 2.02e-05 V                  ; 3.11 V             ; -0.117 V           ; 0.087 V                             ; 0.147 V                             ; 5.3e-10 s                  ; 3.14e-10 s                 ; Yes                       ; No                        ;
; GPIO_1[20]          ; 3.3-V LVTTL  ; 0 s                 ; 0 s                 ; 3.08 V                       ; 2.02e-05 V                   ; 3.11 V              ; -0.117 V            ; 0.087 V                              ; 0.148 V                              ; 5.31e-10 s                  ; 3.14e-10 s                  ; Yes                        ; No                         ; 3.08 V                      ; 2.02e-05 V                  ; 3.11 V             ; -0.117 V           ; 0.087 V                             ; 0.148 V                             ; 5.31e-10 s                 ; 3.14e-10 s                 ; Yes                       ; No                        ;
; GPIO_1[21]          ; 3.3-V LVTTL  ; 0 s                 ; 0 s                 ; 3.08 V                       ; 1.66e-05 V                   ; 3.09 V              ; -0.0542 V           ; 0.04 V                               ; 0.089 V                              ; 5.35e-10 s                  ; 3.01e-10 s                  ; Yes                        ; Yes                        ; 3.08 V                      ; 1.66e-05 V                  ; 3.09 V             ; -0.0542 V          ; 0.04 V                              ; 0.089 V                             ; 5.35e-10 s                 ; 3.01e-10 s                 ; Yes                       ; Yes                       ;
; GPIO_1[22]          ; 3.3-V LVTTL  ; 0 s                 ; 0 s                 ; 3.08 V                       ; 2.1e-05 V                    ; 3.11 V              ; -0.0931 V           ; 0.115 V                              ; 0.142 V                              ; 5.74e-10 s                  ; 3.17e-10 s                  ; Yes                        ; Yes                        ; 3.08 V                      ; 2.1e-05 V                   ; 3.11 V             ; -0.0931 V          ; 0.115 V                             ; 0.142 V                             ; 5.74e-10 s                 ; 3.17e-10 s                 ; Yes                       ; Yes                       ;
; GPIO_1[23]          ; 3.3-V LVTTL  ; 0 s                 ; 0 s                 ; 3.08 V                       ; 2.1e-05 V                    ; 3.11 V              ; -0.0931 V           ; 0.115 V                              ; 0.142 V                              ; 5.74e-10 s                  ; 3.17e-10 s                  ; Yes                        ; Yes                        ; 3.08 V                      ; 2.1e-05 V                   ; 3.11 V             ; -0.0931 V          ; 0.115 V                             ; 0.142 V                             ; 5.74e-10 s                 ; 3.17e-10 s                 ; Yes                       ; Yes                       ;
; GPIO_1[24]          ; 3.3-V LVTTL  ; 0 s                 ; 0 s                 ; 3.08 V                       ; 2.1e-05 V                    ; 3.11 V              ; -0.0931 V           ; 0.115 V                              ; 0.142 V                              ; 5.74e-10 s                  ; 3.17e-10 s                  ; Yes                        ; Yes                        ; 3.08 V                      ; 2.1e-05 V                   ; 3.11 V             ; -0.0931 V          ; 0.115 V                             ; 0.142 V                             ; 5.74e-10 s                 ; 3.17e-10 s                 ; Yes                       ; Yes                       ;
; GPIO_1[25]          ; 3.3-V LVTTL  ; 0 s                 ; 0 s                 ; 3.08 V                       ; 1.66e-05 V                   ; 3.09 V              ; -0.0542 V           ; 0.04 V                               ; 0.089 V                              ; 5.35e-10 s                  ; 3.01e-10 s                  ; Yes                        ; Yes                        ; 3.08 V                      ; 1.66e-05 V                  ; 3.09 V             ; -0.0542 V          ; 0.04 V                              ; 0.089 V                             ; 5.35e-10 s                 ; 3.01e-10 s                 ; Yes                       ; Yes                       ;
; GPIO_1[26]          ; 3.3-V LVTTL  ; 0 s                 ; 0 s                 ; 3.08 V                       ; 2.02e-05 V                   ; 3.11 V              ; -0.117 V            ; 0.087 V                              ; 0.148 V                              ; 5.31e-10 s                  ; 3.14e-10 s                  ; Yes                        ; No                         ; 3.08 V                      ; 2.02e-05 V                  ; 3.11 V             ; -0.117 V           ; 0.087 V                             ; 0.148 V                             ; 5.31e-10 s                 ; 3.14e-10 s                 ; Yes                       ; No                        ;
; GPIO_1[27]          ; 3.3-V LVTTL  ; 0 s                 ; 0 s                 ; 3.08 V                       ; 1.66e-05 V                   ; 3.09 V              ; -0.0542 V           ; 0.04 V                               ; 0.089 V                              ; 5.35e-10 s                  ; 3.01e-10 s                  ; Yes                        ; Yes                        ; 3.08 V                      ; 1.66e-05 V                  ; 3.09 V             ; -0.0542 V          ; 0.04 V                              ; 0.089 V                             ; 5.35e-10 s                 ; 3.01e-10 s                 ; Yes                       ; Yes                       ;
; GPIO_1[28]          ; 3.3-V LVTTL  ; 0 s                 ; 0 s                 ; 3.08 V                       ; 1.66e-05 V                   ; 3.09 V              ; -0.0542 V           ; 0.04 V                               ; 0.089 V                              ; 5.35e-10 s                  ; 3.01e-10 s                  ; Yes                        ; Yes                        ; 3.08 V                      ; 1.66e-05 V                  ; 3.09 V             ; -0.0542 V          ; 0.04 V                              ; 0.089 V                             ; 5.35e-10 s                 ; 3.01e-10 s                 ; Yes                       ; Yes                       ;
; GPIO_1[29]          ; 3.3-V LVTTL  ; 0 s                 ; 0 s                 ; 3.08 V                       ; 2.02e-05 V                   ; 3.11 V              ; -0.117 V            ; 0.087 V                              ; 0.148 V                              ; 5.31e-10 s                  ; 3.14e-10 s                  ; Yes                        ; No                         ; 3.08 V                      ; 2.02e-05 V                  ; 3.11 V             ; -0.117 V           ; 0.087 V                             ; 0.148 V                             ; 5.31e-10 s                 ; 3.14e-10 s                 ; Yes                       ; No                        ;
; GPIO_1[30]          ; 3.3-V LVTTL  ; 0 s                 ; 0 s                 ; 3.08 V                       ; 2.02e-05 V                   ; 3.11 V              ; -0.117 V            ; 0.087 V                              ; 0.148 V                              ; 5.31e-10 s                  ; 3.14e-10 s                  ; Yes                        ; No                         ; 3.08 V                      ; 2.02e-05 V                  ; 3.11 V             ; -0.117 V           ; 0.087 V                             ; 0.148 V                             ; 5.31e-10 s                 ; 3.14e-10 s                 ; Yes                       ; No                        ;
; GPIO_1[31]          ; 3.3-V LVTTL  ; 0 s                 ; 0 s                 ; 3.08 V                       ; 2.02e-05 V                   ; 3.11 V              ; -0.117 V            ; 0.087 V                              ; 0.147 V                              ; 5.3e-10 s                   ; 3.14e-10 s                  ; Yes                        ; No                         ; 3.08 V                      ; 2.02e-05 V                  ; 3.11 V             ; -0.117 V           ; 0.087 V                             ; 0.147 V                             ; 5.3e-10 s                  ; 3.14e-10 s                 ; Yes                       ; No                        ;
; GPIO_1[32]          ; 3.3-V LVTTL  ; 0 s                 ; 0 s                 ; 3.08 V                       ; 1.66e-05 V                   ; 3.09 V              ; -0.0542 V           ; 0.04 V                               ; 0.089 V                              ; 5.35e-10 s                  ; 3.01e-10 s                  ; Yes                        ; Yes                        ; 3.08 V                      ; 1.66e-05 V                  ; 3.09 V             ; -0.0542 V          ; 0.04 V                              ; 0.089 V                             ; 5.35e-10 s                 ; 3.01e-10 s                 ; Yes                       ; Yes                       ;
; GPIO_1[33]          ; 3.3-V LVTTL  ; 0 s                 ; 0 s                 ; 3.08 V                       ; 1.66e-05 V                   ; 3.09 V              ; -0.0542 V           ; 0.04 V                               ; 0.089 V                              ; 5.35e-10 s                  ; 3.01e-10 s                  ; Yes                        ; Yes                        ; 3.08 V                      ; 1.66e-05 V                  ; 3.09 V             ; -0.0542 V          ; 0.04 V                              ; 0.089 V                             ; 5.35e-10 s                 ; 3.01e-10 s                 ; Yes                       ; Yes                       ;
; GPIO_1[34]          ; 3.3-V LVTTL  ; 0 s                 ; 0 s                 ; 3.08 V                       ; 2.02e-05 V                   ; 3.11 V              ; -0.117 V            ; 0.087 V                              ; 0.147 V                              ; 5.3e-10 s                   ; 3.14e-10 s                  ; Yes                        ; No                         ; 3.08 V                      ; 2.02e-05 V                  ; 3.11 V             ; -0.117 V           ; 0.087 V                             ; 0.147 V                             ; 5.3e-10 s                  ; 3.14e-10 s                 ; Yes                       ; No                        ;
; GPIO_1[35]          ; 3.3-V LVTTL  ; 0 s                 ; 0 s                 ; 3.08 V                       ; 2.02e-05 V                   ; 3.11 V              ; -0.117 V            ; 0.087 V                              ; 0.148 V                              ; 5.31e-10 s                  ; 3.14e-10 s                  ; Yes                        ; No                         ; 3.08 V                      ; 2.02e-05 V                  ; 3.11 V             ; -0.117 V           ; 0.087 V                             ; 0.148 V                             ; 5.31e-10 s                 ; 3.14e-10 s                 ; Yes                       ; No                        ;
; PS2_CLK             ; 3.3-V LVTTL  ; 0 s                 ; 0 s                 ; 3.08 V                       ; 2.1e-05 V                    ; 3.11 V              ; -0.0931 V           ; 0.115 V                              ; 0.142 V                              ; 5.74e-10 s                  ; 3.17e-10 s                  ; Yes                        ; Yes                        ; 3.08 V                      ; 2.1e-05 V                   ; 3.11 V             ; -0.0931 V          ; 0.115 V                             ; 0.142 V                             ; 5.74e-10 s                 ; 3.17e-10 s                 ; Yes                       ; Yes                       ;
; PS2_CLK2            ; 3.3-V LVTTL  ; 0 s                 ; 0 s                 ; 3.08 V                       ; 1.66e-05 V                   ; 3.09 V              ; -0.0542 V           ; 0.04 V                               ; 0.089 V                              ; 5.35e-10 s                  ; 3.01e-10 s                  ; Yes                        ; Yes                        ; 3.08 V                      ; 1.66e-05 V                  ; 3.09 V             ; -0.0542 V          ; 0.04 V                              ; 0.089 V                             ; 5.35e-10 s                 ; 3.01e-10 s                 ; Yes                       ; Yes                       ;
; PS2_DAT             ; 3.3-V LVTTL  ; 0 s                 ; 0 s                 ; 3.08 V                       ; 2.1e-05 V                    ; 3.11 V              ; -0.0931 V           ; 0.115 V                              ; 0.142 V                              ; 5.74e-10 s                  ; 3.17e-10 s                  ; Yes                        ; Yes                        ; 3.08 V                      ; 2.1e-05 V                   ; 3.11 V             ; -0.0931 V          ; 0.115 V                             ; 0.142 V                             ; 5.74e-10 s                 ; 3.17e-10 s                 ; Yes                       ; Yes                       ;
; PS2_DAT2            ; 3.3-V LVTTL  ; 0 s                 ; 0 s                 ; 3.08 V                       ; 1.66e-05 V                   ; 3.09 V              ; -0.0542 V           ; 0.04 V                               ; 0.089 V                              ; 5.35e-10 s                  ; 3.01e-10 s                  ; Yes                        ; Yes                        ; 3.08 V                      ; 1.66e-05 V                  ; 3.09 V             ; -0.0542 V          ; 0.04 V                              ; 0.089 V                             ; 5.35e-10 s                 ; 3.01e-10 s                 ; Yes                       ; Yes                       ;
; SD_CMD              ; 3.3-V LVTTL  ; 0 s                 ; 0 s                 ; 3.08 V                       ; 2.02e-05 V                   ; 3.11 V              ; -0.117 V            ; 0.087 V                              ; 0.148 V                              ; 5.31e-10 s                  ; 3.14e-10 s                  ; Yes                        ; No                         ; 3.08 V                      ; 2.02e-05 V                  ; 3.11 V             ; -0.117 V           ; 0.087 V                             ; 0.148 V                             ; 5.31e-10 s                 ; 3.14e-10 s                 ; Yes                       ; No                        ;
; SD_DATA[0]          ; 3.3-V LVTTL  ; 0 s                 ; 0 s                 ; 3.08 V                       ; 2.02e-05 V                   ; 3.11 V              ; -0.117 V            ; 0.087 V                              ; 0.148 V                              ; 5.31e-10 s                  ; 3.14e-10 s                  ; Yes                        ; No                         ; 3.08 V                      ; 2.02e-05 V                  ; 3.11 V             ; -0.117 V           ; 0.087 V                             ; 0.148 V                             ; 5.31e-10 s                 ; 3.14e-10 s                 ; Yes                       ; No                        ;
; SD_DATA[1]          ; 3.3-V LVTTL  ; 0 s                 ; 0 s                 ; 3.08 V                       ; 2.1e-05 V                    ; 3.11 V              ; -0.0931 V           ; 0.115 V                              ; 0.142 V                              ; 5.74e-10 s                  ; 3.17e-10 s                  ; Yes                        ; Yes                        ; 3.08 V                      ; 2.1e-05 V                   ; 3.11 V             ; -0.0931 V          ; 0.115 V                             ; 0.142 V                             ; 5.74e-10 s                 ; 3.17e-10 s                 ; Yes                       ; Yes                       ;
; SD_DATA[2]          ; 3.3-V LVTTL  ; 0 s                 ; 0 s                 ; 3.08 V                       ; 1.66e-05 V                   ; 3.09 V              ; -0.0542 V           ; 0.04 V                               ; 0.089 V                              ; 5.35e-10 s                  ; 3.01e-10 s                  ; Yes                        ; Yes                        ; 3.08 V                      ; 1.66e-05 V                  ; 3.09 V             ; -0.0542 V          ; 0.04 V                              ; 0.089 V                             ; 5.35e-10 s                 ; 3.01e-10 s                 ; Yes                       ; Yes                       ;
; SD_DATA[3]          ; 3.3-V LVTTL  ; 0 s                 ; 0 s                 ; 3.08 V                       ; 2.02e-05 V                   ; 3.11 V              ; -0.117 V            ; 0.087 V                              ; 0.147 V                              ; 5.3e-10 s                   ; 3.14e-10 s                  ; Yes                        ; No                         ; 3.08 V                      ; 2.02e-05 V                  ; 3.11 V             ; -0.117 V           ; 0.087 V                             ; 0.147 V                             ; 5.3e-10 s                  ; 3.14e-10 s                 ; Yes                       ; No                        ;
; GPIO_0[0]           ; 3.3-V LVTTL  ; 0 s                 ; 0 s                 ; 3.08 V                       ; 2.1e-05 V                    ; 3.11 V              ; -0.0931 V           ; 0.115 V                              ; 0.142 V                              ; 5.74e-10 s                  ; 3.17e-10 s                  ; Yes                        ; Yes                        ; 3.08 V                      ; 2.1e-05 V                   ; 3.11 V             ; -0.0931 V          ; 0.115 V                             ; 0.142 V                             ; 5.74e-10 s                 ; 3.17e-10 s                 ; Yes                       ; Yes                       ;
; GPIO_0[1]           ; 3.3-V LVTTL  ; 0 s                 ; 0 s                 ; 3.08 V                       ; 2.02e-05 V                   ; 3.11 V              ; -0.117 V            ; 0.087 V                              ; 0.147 V                              ; 5.3e-10 s                   ; 3.14e-10 s                  ; Yes                        ; No                         ; 3.08 V                      ; 2.02e-05 V                  ; 3.11 V             ; -0.117 V           ; 0.087 V                             ; 0.147 V                             ; 5.3e-10 s                  ; 3.14e-10 s                 ; Yes                       ; No                        ;
; GPIO_0[2]           ; 3.3-V LVTTL  ; 0 s                 ; 0 s                 ; 3.08 V                       ; 1.66e-05 V                   ; 3.09 V              ; -0.0542 V           ; 0.04 V                               ; 0.089 V                              ; 5.35e-10 s                  ; 3.01e-10 s                  ; Yes                        ; Yes                        ; 3.08 V                      ; 1.66e-05 V                  ; 3.09 V             ; -0.0542 V          ; 0.04 V                              ; 0.089 V                             ; 5.35e-10 s                 ; 3.01e-10 s                 ; Yes                       ; Yes                       ;
; GPIO_0[3]           ; 3.3-V LVTTL  ; 0 s                 ; 0 s                 ; 3.08 V                       ; 2.02e-05 V                   ; 3.11 V              ; -0.117 V            ; 0.087 V                              ; 0.148 V                              ; 5.31e-10 s                  ; 3.14e-10 s                  ; Yes                        ; No                         ; 3.08 V                      ; 2.02e-05 V                  ; 3.11 V             ; -0.117 V           ; 0.087 V                             ; 0.148 V                             ; 5.31e-10 s                 ; 3.14e-10 s                 ; Yes                       ; No                        ;
; GPIO_0[4]           ; 3.3-V LVTTL  ; 0 s                 ; 0 s                 ; 3.08 V                       ; 2.1e-05 V                    ; 3.11 V              ; -0.0931 V           ; 0.115 V                              ; 0.142 V                              ; 5.74e-10 s                  ; 3.17e-10 s                  ; Yes                        ; Yes                        ; 3.08 V                      ; 2.1e-05 V                   ; 3.11 V             ; -0.0931 V          ; 0.115 V                             ; 0.142 V                             ; 5.74e-10 s                 ; 3.17e-10 s                 ; Yes                       ; Yes                       ;
; GPIO_0[5]           ; 3.3-V LVTTL  ; 0 s                 ; 0 s                 ; 3.08 V                       ; 2.1e-05 V                    ; 3.11 V              ; -0.0931 V           ; 0.115 V                              ; 0.142 V                              ; 5.74e-10 s                  ; 3.17e-10 s                  ; Yes                        ; Yes                        ; 3.08 V                      ; 2.1e-05 V                   ; 3.11 V             ; -0.0931 V          ; 0.115 V                             ; 0.142 V                             ; 5.74e-10 s                 ; 3.17e-10 s                 ; Yes                       ; Yes                       ;
; GPIO_0[28]          ; 3.3-V LVTTL  ; 0 s                 ; 0 s                 ; 3.08 V                       ; 1.66e-05 V                   ; 3.09 V              ; -0.0542 V           ; 0.04 V                               ; 0.089 V                              ; 5.35e-10 s                  ; 3.01e-10 s                  ; Yes                        ; Yes                        ; 3.08 V                      ; 1.66e-05 V                  ; 3.09 V             ; -0.0542 V          ; 0.04 V                              ; 0.089 V                             ; 5.35e-10 s                 ; 3.01e-10 s                 ; Yes                       ; Yes                       ;
; GPIO_0[29]          ; 3.3-V LVTTL  ; 0 s                 ; 0 s                 ; 3.08 V                       ; 1.66e-05 V                   ; 3.09 V              ; -0.0542 V           ; 0.04 V                               ; 0.089 V                              ; 5.35e-10 s                  ; 3.01e-10 s                  ; Yes                        ; Yes                        ; 3.08 V                      ; 1.66e-05 V                  ; 3.09 V             ; -0.0542 V          ; 0.04 V                              ; 0.089 V                             ; 5.35e-10 s                 ; 3.01e-10 s                 ; Yes                       ; Yes                       ;
; GPIO_0[30]          ; 3.3-V LVTTL  ; 0 s                 ; 0 s                 ; 3.08 V                       ; 2.1e-05 V                    ; 3.11 V              ; -0.0931 V           ; 0.115 V                              ; 0.142 V                              ; 5.74e-10 s                  ; 3.17e-10 s                  ; Yes                        ; Yes                        ; 3.08 V                      ; 2.1e-05 V                   ; 3.11 V             ; -0.0931 V          ; 0.115 V                             ; 0.142 V                             ; 5.74e-10 s                 ; 3.17e-10 s                 ; Yes                       ; Yes                       ;
; GPIO_0[31]          ; 3.3-V LVTTL  ; 0 s                 ; 0 s                 ; 3.08 V                       ; 2.02e-05 V                   ; 3.11 V              ; -0.117 V            ; 0.087 V                              ; 0.148 V                              ; 5.31e-10 s                  ; 3.14e-10 s                  ; Yes                        ; No                         ; 3.08 V                      ; 2.02e-05 V                  ; 3.11 V             ; -0.117 V           ; 0.087 V                             ; 0.148 V                             ; 5.31e-10 s                 ; 3.14e-10 s                 ; Yes                       ; No                        ;
; GPIO_0[32]          ; 3.3-V LVTTL  ; 0 s                 ; 0 s                 ; 3.08 V                       ; 2.02e-05 V                   ; 3.11 V              ; -0.117 V            ; 0.087 V                              ; 0.147 V                              ; 5.3e-10 s                   ; 3.14e-10 s                  ; Yes                        ; No                         ; 3.08 V                      ; 2.02e-05 V                  ; 3.11 V             ; -0.117 V           ; 0.087 V                             ; 0.147 V                             ; 5.3e-10 s                  ; 3.14e-10 s                 ; Yes                       ; No                        ;
; GPIO_0[33]          ; 3.3-V LVTTL  ; 0 s                 ; 0 s                 ; 3.08 V                       ; 2.1e-05 V                    ; 3.11 V              ; -0.0931 V           ; 0.115 V                              ; 0.142 V                              ; 5.74e-10 s                  ; 3.17e-10 s                  ; Yes                        ; Yes                        ; 3.08 V                      ; 2.1e-05 V                   ; 3.11 V             ; -0.0931 V          ; 0.115 V                             ; 0.142 V                             ; 5.74e-10 s                 ; 3.17e-10 s                 ; Yes                       ; Yes                       ;
; GPIO_0[34]          ; 3.3-V LVTTL  ; 0 s                 ; 0 s                 ; 3.08 V                       ; 1.66e-05 V                   ; 3.09 V              ; -0.0542 V           ; 0.04 V                               ; 0.089 V                              ; 5.35e-10 s                  ; 3.01e-10 s                  ; Yes                        ; Yes                        ; 3.08 V                      ; 1.66e-05 V                  ; 3.09 V             ; -0.0542 V          ; 0.04 V                              ; 0.089 V                             ; 5.35e-10 s                 ; 3.01e-10 s                 ; Yes                       ; Yes                       ;
; GPIO_0[35]          ; 3.3-V LVTTL  ; 0 s                 ; 0 s                 ; 3.08 V                       ; 2.1e-05 V                    ; 3.11 V              ; -0.0931 V           ; 0.115 V                              ; 0.142 V                              ; 5.74e-10 s                  ; 3.17e-10 s                  ; Yes                        ; Yes                        ; 3.08 V                      ; 2.1e-05 V                   ; 3.11 V             ; -0.0931 V          ; 0.115 V                             ; 0.142 V                             ; 5.74e-10 s                 ; 3.17e-10 s                 ; Yes                       ; Yes                       ;
; altera_reserved_tdo ; 3.3-V LVTTL  ; 0 s                 ; 0 s                 ; 3.08 V                       ; 2.78e-05 V                   ; 3.12 V              ; -0.0384 V           ; 0.318 V                              ; 0.101 V                              ; 6.66e-10 s                  ; 4.04e-10 s                  ; No                         ; Yes                        ; 3.08 V                      ; 2.78e-05 V                  ; 3.12 V             ; -0.0384 V          ; 0.318 V                             ; 0.101 V                             ; 6.66e-10 s                 ; 4.04e-10 s                 ; No                        ; Yes                       ;
+---------------------+--------------+---------------------+---------------------+------------------------------+------------------------------+---------------------+---------------------+--------------------------------------+--------------------------------------+-----------------------------+-----------------------------+----------------------------+----------------------------+-----------------------------+-----------------------------+--------------------+--------------------+-------------------------------------+-------------------------------------+----------------------------+----------------------------+---------------------------+---------------------------+


+--------------------------------------------------------------------------------------------------------------------------------------------------------------------------------------------------------------------------------------------------------------------------------------------------------------------------------------------------------------------------------------------------------------------------------------------------------------------------------------------------------------------------------------------------------------------------------------------------------------------------------------------------------------------------------------------------+
; Signal Integrity Metrics (Fast 1100mv 0c Model)                                                                                                                                                                                                                                                                                                                                                                                                                                                                                                                                                                                                                                                  ;
+---------------------+--------------+---------------------+---------------------+------------------------------+------------------------------+---------------------+---------------------+--------------------------------------+--------------------------------------+-----------------------------+-----------------------------+----------------------------+----------------------------+-----------------------------+-----------------------------+--------------------+--------------------+-------------------------------------+-------------------------------------+----------------------------+----------------------------+---------------------------+---------------------------+
; Pin                 ; I/O Standard ; Board Delay on Rise ; Board Delay on Fall ; Steady State Voh at FPGA Pin ; Steady State Vol at FPGA Pin ; Voh Max at FPGA Pin ; Vol Min at FPGA Pin ; Ringback Voltage on Rise at FPGA Pin ; Ringback Voltage on Fall at FPGA Pin ; 10-90 Rise Time at FPGA Pin ; 90-10 Fall Time at FPGA Pin ; Monotonic Rise at FPGA Pin ; Monotonic Fall at FPGA Pin ; Steady State Voh at Far-end ; Steady State Vol at Far-end ; Voh Max at Far-end ; Vol Min at Far-end ; Ringback Voltage on Rise at Far-end ; Ringback Voltage on Fall at Far-end ; 10-90 Rise Time at Far-end ; 90-10 Fall Time at Far-end ; Monotonic Rise at Far-end ; Monotonic Fall at Far-end ;
+---------------------+--------------+---------------------+---------------------+------------------------------+------------------------------+---------------------+---------------------+--------------------------------------+--------------------------------------+-----------------------------+-----------------------------+----------------------------+----------------------------+-----------------------------+-----------------------------+--------------------+--------------------+-------------------------------------+-------------------------------------+----------------------------+----------------------------+---------------------------+---------------------------+
; DRAM_ADDR[0]        ; 3.3-V LVTTL  ; 0 s                 ; 0 s                 ; 3.63 V                       ; 4.72e-06 V                   ; 3.7 V               ; -0.49 V             ; 0.117 V                              ; 0.621 V                              ; 3.84e-10 s                  ; 1.48e-10 s                  ; Yes                        ; No                         ; 3.63 V                      ; 4.72e-06 V                  ; 3.7 V              ; -0.49 V            ; 0.117 V                             ; 0.621 V                             ; 3.84e-10 s                 ; 1.48e-10 s                 ; Yes                       ; No                        ;
; DRAM_ADDR[1]        ; 3.3-V LVTTL  ; 0 s                 ; 0 s                 ; 3.63 V                       ; 4.94e-06 V                   ; 3.69 V              ; -0.414 V            ; 0.134 V                              ; 0.585 V                              ; 4.19e-10 s                  ; 1.53e-10 s                  ; Yes                        ; No                         ; 3.63 V                      ; 4.94e-06 V                  ; 3.69 V             ; -0.414 V           ; 0.134 V                             ; 0.585 V                             ; 4.19e-10 s                 ; 1.53e-10 s                 ; Yes                       ; No                        ;
; DRAM_ADDR[2]        ; 3.3-V LVTTL  ; 0 s                 ; 0 s                 ; 3.63 V                       ; 3.63e-06 V                   ; 3.64 V              ; -0.326 V            ; 0.091 V                              ; 0.479 V                              ; 3.83e-10 s                  ; 1.5e-10 s                   ; Yes                        ; No                         ; 3.63 V                      ; 3.63e-06 V                  ; 3.64 V             ; -0.326 V           ; 0.091 V                             ; 0.479 V                             ; 3.83e-10 s                 ; 1.5e-10 s                  ; Yes                       ; No                        ;
; DRAM_ADDR[3]        ; 3.3-V LVTTL  ; 0 s                 ; 0 s                 ; 3.63 V                       ; 4.72e-06 V                   ; 3.7 V               ; -0.49 V             ; 0.117 V                              ; 0.621 V                              ; 3.84e-10 s                  ; 1.48e-10 s                  ; Yes                        ; No                         ; 3.63 V                      ; 4.72e-06 V                  ; 3.7 V              ; -0.49 V            ; 0.117 V                             ; 0.621 V                             ; 3.84e-10 s                 ; 1.48e-10 s                 ; Yes                       ; No                        ;
; DRAM_ADDR[4]        ; 3.3-V LVTTL  ; 0 s                 ; 0 s                 ; 3.63 V                       ; 4.94e-06 V                   ; 3.69 V              ; -0.414 V            ; 0.134 V                              ; 0.585 V                              ; 4.19e-10 s                  ; 1.53e-10 s                  ; Yes                        ; No                         ; 3.63 V                      ; 4.94e-06 V                  ; 3.69 V             ; -0.414 V           ; 0.134 V                             ; 0.585 V                             ; 4.19e-10 s                 ; 1.53e-10 s                 ; Yes                       ; No                        ;
; DRAM_ADDR[5]        ; 3.3-V LVTTL  ; 0 s                 ; 0 s                 ; 3.63 V                       ; 4.72e-06 V                   ; 3.7 V               ; -0.49 V             ; 0.117 V                              ; 0.621 V                              ; 3.84e-10 s                  ; 1.48e-10 s                  ; Yes                        ; No                         ; 3.63 V                      ; 4.72e-06 V                  ; 3.7 V              ; -0.49 V            ; 0.117 V                             ; 0.621 V                             ; 3.84e-10 s                 ; 1.48e-10 s                 ; Yes                       ; No                        ;
; DRAM_ADDR[6]        ; 3.3-V LVTTL  ; 0 s                 ; 0 s                 ; 3.63 V                       ; 4.72e-06 V                   ; 3.7 V               ; -0.49 V             ; 0.117 V                              ; 0.622 V                              ; 3.84e-10 s                  ; 1.48e-10 s                  ; Yes                        ; No                         ; 3.63 V                      ; 4.72e-06 V                  ; 3.7 V              ; -0.49 V            ; 0.117 V                             ; 0.622 V                             ; 3.84e-10 s                 ; 1.48e-10 s                 ; Yes                       ; No                        ;
; DRAM_ADDR[7]        ; 3.3-V LVTTL  ; 0 s                 ; 0 s                 ; 3.63 V                       ; 4.72e-06 V                   ; 3.7 V               ; -0.49 V             ; 0.117 V                              ; 0.622 V                              ; 3.84e-10 s                  ; 1.48e-10 s                  ; Yes                        ; No                         ; 3.63 V                      ; 4.72e-06 V                  ; 3.7 V              ; -0.49 V            ; 0.117 V                             ; 0.622 V                             ; 3.84e-10 s                 ; 1.48e-10 s                 ; Yes                       ; No                        ;
; DRAM_ADDR[8]        ; 3.3-V LVTTL  ; 0 s                 ; 0 s                 ; 3.63 V                       ; 3.63e-06 V                   ; 3.64 V              ; -0.326 V            ; 0.091 V                              ; 0.479 V                              ; 3.83e-10 s                  ; 1.5e-10 s                   ; Yes                        ; No                         ; 3.63 V                      ; 3.63e-06 V                  ; 3.64 V             ; -0.326 V           ; 0.091 V                             ; 0.479 V                             ; 3.83e-10 s                 ; 1.5e-10 s                  ; Yes                       ; No                        ;
; DRAM_ADDR[9]        ; 3.3-V LVTTL  ; 0 s                 ; 0 s                 ; 3.63 V                       ; 4.94e-06 V                   ; 3.69 V              ; -0.414 V            ; 0.134 V                              ; 0.585 V                              ; 4.19e-10 s                  ; 1.53e-10 s                  ; Yes                        ; No                         ; 3.63 V                      ; 4.94e-06 V                  ; 3.69 V             ; -0.414 V           ; 0.134 V                             ; 0.585 V                             ; 4.19e-10 s                 ; 1.53e-10 s                 ; Yes                       ; No                        ;
; DRAM_ADDR[10]       ; 3.3-V LVTTL  ; 0 s                 ; 0 s                 ; 3.63 V                       ; 4.72e-06 V                   ; 3.7 V               ; -0.49 V             ; 0.117 V                              ; 0.622 V                              ; 3.84e-10 s                  ; 1.48e-10 s                  ; Yes                        ; No                         ; 3.63 V                      ; 4.72e-06 V                  ; 3.7 V              ; -0.49 V            ; 0.117 V                             ; 0.622 V                             ; 3.84e-10 s                 ; 1.48e-10 s                 ; Yes                       ; No                        ;
; DRAM_ADDR[11]       ; 3.3-V LVTTL  ; 0 s                 ; 0 s                 ; 3.63 V                       ; 3.63e-06 V                   ; 3.64 V              ; -0.326 V            ; 0.091 V                              ; 0.479 V                              ; 3.83e-10 s                  ; 1.5e-10 s                   ; Yes                        ; No                         ; 3.63 V                      ; 3.63e-06 V                  ; 3.64 V             ; -0.326 V           ; 0.091 V                             ; 0.479 V                             ; 3.83e-10 s                 ; 1.5e-10 s                  ; Yes                       ; No                        ;
; DRAM_ADDR[12]       ; 3.3-V LVTTL  ; 0 s                 ; 0 s                 ; 3.63 V                       ; 4.72e-06 V                   ; 3.7 V               ; -0.49 V             ; 0.117 V                              ; 0.621 V                              ; 3.84e-10 s                  ; 1.48e-10 s                  ; Yes                        ; No                         ; 3.63 V                      ; 4.72e-06 V                  ; 3.7 V              ; -0.49 V            ; 0.117 V                             ; 0.621 V                             ; 3.84e-10 s                 ; 1.48e-10 s                 ; Yes                       ; No                        ;
; DRAM_BA[0]          ; 3.3-V LVTTL  ; 0 s                 ; 0 s                 ; 3.63 V                       ; 3.63e-06 V                   ; 3.64 V              ; -0.326 V            ; 0.091 V                              ; 0.479 V                              ; 3.83e-10 s                  ; 1.5e-10 s                   ; Yes                        ; No                         ; 3.63 V                      ; 3.63e-06 V                  ; 3.64 V             ; -0.326 V           ; 0.091 V                             ; 0.479 V                             ; 3.83e-10 s                 ; 1.5e-10 s                  ; Yes                       ; No                        ;
; DRAM_BA[1]          ; 3.3-V LVTTL  ; 0 s                 ; 0 s                 ; 3.63 V                       ; 4.72e-06 V                   ; 3.7 V               ; -0.49 V             ; 0.117 V                              ; 0.622 V                              ; 3.84e-10 s                  ; 1.48e-10 s                  ; Yes                        ; No                         ; 3.63 V                      ; 4.72e-06 V                  ; 3.7 V              ; -0.49 V            ; 0.117 V                             ; 0.622 V                             ; 3.84e-10 s                 ; 1.48e-10 s                 ; Yes                       ; No                        ;
; DRAM_CAS_N          ; 3.3-V LVTTL  ; 0 s                 ; 0 s                 ; 3.63 V                       ; 4.72e-06 V                   ; 3.7 V               ; -0.49 V             ; 0.117 V                              ; 0.622 V                              ; 3.84e-10 s                  ; 1.48e-10 s                  ; Yes                        ; No                         ; 3.63 V                      ; 4.72e-06 V                  ; 3.7 V              ; -0.49 V            ; 0.117 V                             ; 0.622 V                             ; 3.84e-10 s                 ; 1.48e-10 s                 ; Yes                       ; No                        ;
; DRAM_CKE            ; 3.3-V LVTTL  ; 0 s                 ; 0 s                 ; 3.63 V                       ; 3.63e-06 V                   ; 3.64 V              ; -0.326 V            ; 0.091 V                              ; 0.479 V                              ; 3.83e-10 s                  ; 1.5e-10 s                   ; Yes                        ; No                         ; 3.63 V                      ; 3.63e-06 V                  ; 3.64 V             ; -0.326 V           ; 0.091 V                             ; 0.479 V                             ; 3.83e-10 s                 ; 1.5e-10 s                  ; Yes                       ; No                        ;
; DRAM_CLK            ; 3.3-V LVTTL  ; 0 s                 ; 0 s                 ; 3.63 V                       ; 4.72e-06 V                   ; 3.7 V               ; -0.49 V             ; 0.117 V                              ; 0.622 V                              ; 3.84e-10 s                  ; 1.48e-10 s                  ; Yes                        ; No                         ; 3.63 V                      ; 4.72e-06 V                  ; 3.7 V              ; -0.49 V            ; 0.117 V                             ; 0.622 V                             ; 3.84e-10 s                 ; 1.48e-10 s                 ; Yes                       ; No                        ;
; DRAM_CS_N           ; 3.3-V LVTTL  ; 0 s                 ; 0 s                 ; 3.63 V                       ; 4.72e-06 V                   ; 3.7 V               ; -0.49 V             ; 0.117 V                              ; 0.621 V                              ; 3.84e-10 s                  ; 1.48e-10 s                  ; Yes                        ; No                         ; 3.63 V                      ; 4.72e-06 V                  ; 3.7 V              ; -0.49 V            ; 0.117 V                             ; 0.621 V                             ; 3.84e-10 s                 ; 1.48e-10 s                 ; Yes                       ; No                        ;
; DRAM_LDQM           ; 3.3-V LVTTL  ; 0 s                 ; 0 s                 ; 3.63 V                       ; 4.94e-06 V                   ; 3.69 V              ; -0.414 V            ; 0.134 V                              ; 0.585 V                              ; 4.19e-10 s                  ; 1.53e-10 s                  ; Yes                        ; No                         ; 3.63 V                      ; 4.94e-06 V                  ; 3.69 V             ; -0.414 V           ; 0.134 V                             ; 0.585 V                             ; 4.19e-10 s                 ; 1.53e-10 s                 ; Yes                       ; No                        ;
; DRAM_RAS_N          ; 3.3-V LVTTL  ; 0 s                 ; 0 s                 ; 3.63 V                       ; 4.72e-06 V                   ; 3.7 V               ; -0.49 V             ; 0.117 V                              ; 0.621 V                              ; 3.84e-10 s                  ; 1.48e-10 s                  ; Yes                        ; No                         ; 3.63 V                      ; 4.72e-06 V                  ; 3.7 V              ; -0.49 V            ; 0.117 V                             ; 0.621 V                             ; 3.84e-10 s                 ; 1.48e-10 s                 ; Yes                       ; No                        ;
; DRAM_UDQM           ; 3.3-V LVTTL  ; 0 s                 ; 0 s                 ; 3.63 V                       ; 4.94e-06 V                   ; 3.69 V              ; -0.414 V            ; 0.134 V                              ; 0.585 V                              ; 4.19e-10 s                  ; 1.53e-10 s                  ; Yes                        ; No                         ; 3.63 V                      ; 4.94e-06 V                  ; 3.69 V             ; -0.414 V           ; 0.134 V                             ; 0.585 V                             ; 4.19e-10 s                 ; 1.53e-10 s                 ; Yes                       ; No                        ;
; DRAM_WE_N           ; 3.3-V LVTTL  ; 0 s                 ; 0 s                 ; 3.63 V                       ; 4.72e-06 V                   ; 3.7 V               ; -0.49 V             ; 0.117 V                              ; 0.622 V                              ; 3.84e-10 s                  ; 1.48e-10 s                  ; Yes                        ; No                         ; 3.63 V                      ; 4.72e-06 V                  ; 3.7 V              ; -0.49 V            ; 0.117 V                             ; 0.622 V                             ; 3.84e-10 s                 ; 1.48e-10 s                 ; Yes                       ; No                        ;
; HEX0[0]             ; 3.3-V LVTTL  ; 0 s                 ; 0 s                 ; 3.63 V                       ; 4.72e-06 V                   ; 3.7 V               ; -0.49 V             ; 0.117 V                              ; 0.621 V                              ; 3.84e-10 s                  ; 1.48e-10 s                  ; Yes                        ; No                         ; 3.63 V                      ; 4.72e-06 V                  ; 3.7 V              ; -0.49 V            ; 0.117 V                             ; 0.621 V                             ; 3.84e-10 s                 ; 1.48e-10 s                 ; Yes                       ; No                        ;
; HEX0[1]             ; 3.3-V LVTTL  ; 0 s                 ; 0 s                 ; 3.63 V                       ; 4.72e-06 V                   ; 3.7 V               ; -0.49 V             ; 0.117 V                              ; 0.622 V                              ; 3.84e-10 s                  ; 1.48e-10 s                  ; Yes                        ; No                         ; 3.63 V                      ; 4.72e-06 V                  ; 3.7 V              ; -0.49 V            ; 0.117 V                             ; 0.622 V                             ; 3.84e-10 s                 ; 1.48e-10 s                 ; Yes                       ; No                        ;
; HEX0[2]             ; 3.3-V LVTTL  ; 0 s                 ; 0 s                 ; 3.63 V                       ; 4.72e-06 V                   ; 3.7 V               ; -0.49 V             ; 0.117 V                              ; 0.622 V                              ; 3.84e-10 s                  ; 1.48e-10 s                  ; Yes                        ; No                         ; 3.63 V                      ; 4.72e-06 V                  ; 3.7 V              ; -0.49 V            ; 0.117 V                             ; 0.622 V                             ; 3.84e-10 s                 ; 1.48e-10 s                 ; Yes                       ; No                        ;
; HEX0[3]             ; 3.3-V LVTTL  ; 0 s                 ; 0 s                 ; 3.63 V                       ; 4.72e-06 V                   ; 3.7 V               ; -0.49 V             ; 0.117 V                              ; 0.622 V                              ; 3.84e-10 s                  ; 1.48e-10 s                  ; Yes                        ; No                         ; 3.63 V                      ; 4.72e-06 V                  ; 3.7 V              ; -0.49 V            ; 0.117 V                             ; 0.622 V                             ; 3.84e-10 s                 ; 1.48e-10 s                 ; Yes                       ; No                        ;
; HEX0[4]             ; 3.3-V LVTTL  ; 0 s                 ; 0 s                 ; 3.63 V                       ; 4.72e-06 V                   ; 3.7 V               ; -0.49 V             ; 0.117 V                              ; 0.621 V                              ; 3.84e-10 s                  ; 1.48e-10 s                  ; Yes                        ; No                         ; 3.63 V                      ; 4.72e-06 V                  ; 3.7 V              ; -0.49 V            ; 0.117 V                             ; 0.621 V                             ; 3.84e-10 s                 ; 1.48e-10 s                 ; Yes                       ; No                        ;
; HEX0[5]             ; 3.3-V LVTTL  ; 0 s                 ; 0 s                 ; 3.63 V                       ; 4.72e-06 V                   ; 3.7 V               ; -0.49 V             ; 0.117 V                              ; 0.621 V                              ; 3.84e-10 s                  ; 1.48e-10 s                  ; Yes                        ; No                         ; 3.63 V                      ; 4.72e-06 V                  ; 3.7 V              ; -0.49 V            ; 0.117 V                             ; 0.621 V                             ; 3.84e-10 s                 ; 1.48e-10 s                 ; Yes                       ; No                        ;
; HEX0[6]             ; 3.3-V LVTTL  ; 0 s                 ; 0 s                 ; 3.63 V                       ; 4.72e-06 V                   ; 3.7 V               ; -0.49 V             ; 0.117 V                              ; 0.622 V                              ; 3.84e-10 s                  ; 1.48e-10 s                  ; Yes                        ; No                         ; 3.63 V                      ; 4.72e-06 V                  ; 3.7 V              ; -0.49 V            ; 0.117 V                             ; 0.622 V                             ; 3.84e-10 s                 ; 1.48e-10 s                 ; Yes                       ; No                        ;
; HEX1[0]             ; 3.3-V LVTTL  ; 0 s                 ; 0 s                 ; 3.63 V                       ; 4.72e-06 V                   ; 3.7 V               ; -0.49 V             ; 0.117 V                              ; 0.622 V                              ; 3.84e-10 s                  ; 1.48e-10 s                  ; Yes                        ; No                         ; 3.63 V                      ; 4.72e-06 V                  ; 3.7 V              ; -0.49 V            ; 0.117 V                             ; 0.622 V                             ; 3.84e-10 s                 ; 1.48e-10 s                 ; Yes                       ; No                        ;
; HEX1[1]             ; 3.3-V LVTTL  ; 0 s                 ; 0 s                 ; 3.63 V                       ; 4.72e-06 V                   ; 3.7 V               ; -0.49 V             ; 0.117 V                              ; 0.621 V                              ; 3.84e-10 s                  ; 1.48e-10 s                  ; Yes                        ; No                         ; 3.63 V                      ; 4.72e-06 V                  ; 3.7 V              ; -0.49 V            ; 0.117 V                             ; 0.621 V                             ; 3.84e-10 s                 ; 1.48e-10 s                 ; Yes                       ; No                        ;
; HEX1[2]             ; 3.3-V LVTTL  ; 0 s                 ; 0 s                 ; 3.63 V                       ; 4.72e-06 V                   ; 3.7 V               ; -0.49 V             ; 0.117 V                              ; 0.621 V                              ; 3.84e-10 s                  ; 1.48e-10 s                  ; Yes                        ; No                         ; 3.63 V                      ; 4.72e-06 V                  ; 3.7 V              ; -0.49 V            ; 0.117 V                             ; 0.621 V                             ; 3.84e-10 s                 ; 1.48e-10 s                 ; Yes                       ; No                        ;
; HEX1[3]             ; 3.3-V LVTTL  ; 0 s                 ; 0 s                 ; 3.63 V                       ; 4.72e-06 V                   ; 3.7 V               ; -0.49 V             ; 0.117 V                              ; 0.622 V                              ; 3.84e-10 s                  ; 1.48e-10 s                  ; Yes                        ; No                         ; 3.63 V                      ; 4.72e-06 V                  ; 3.7 V              ; -0.49 V            ; 0.117 V                             ; 0.622 V                             ; 3.84e-10 s                 ; 1.48e-10 s                 ; Yes                       ; No                        ;
; HEX1[4]             ; 3.3-V LVTTL  ; 0 s                 ; 0 s                 ; 3.63 V                       ; 4.72e-06 V                   ; 3.7 V               ; -0.49 V             ; 0.117 V                              ; 0.622 V                              ; 3.84e-10 s                  ; 1.48e-10 s                  ; Yes                        ; No                         ; 3.63 V                      ; 4.72e-06 V                  ; 3.7 V              ; -0.49 V            ; 0.117 V                             ; 0.622 V                             ; 3.84e-10 s                 ; 1.48e-10 s                 ; Yes                       ; No                        ;
; HEX1[5]             ; 3.3-V LVTTL  ; 0 s                 ; 0 s                 ; 3.63 V                       ; 4.72e-06 V                   ; 3.7 V               ; -0.49 V             ; 0.117 V                              ; 0.621 V                              ; 3.84e-10 s                  ; 1.48e-10 s                  ; Yes                        ; No                         ; 3.63 V                      ; 4.72e-06 V                  ; 3.7 V              ; -0.49 V            ; 0.117 V                             ; 0.621 V                             ; 3.84e-10 s                 ; 1.48e-10 s                 ; Yes                       ; No                        ;
; HEX1[6]             ; 3.3-V LVTTL  ; 0 s                 ; 0 s                 ; 3.63 V                       ; 4.72e-06 V                   ; 3.7 V               ; -0.49 V             ; 0.117 V                              ; 0.621 V                              ; 3.84e-10 s                  ; 1.48e-10 s                  ; Yes                        ; No                         ; 3.63 V                      ; 4.72e-06 V                  ; 3.7 V              ; -0.49 V            ; 0.117 V                             ; 0.621 V                             ; 3.84e-10 s                 ; 1.48e-10 s                 ; Yes                       ; No                        ;
; HEX2[0]             ; 3.3-V LVTTL  ; 0 s                 ; 0 s                 ; 3.63 V                       ; 4.94e-06 V                   ; 3.69 V              ; -0.414 V            ; 0.134 V                              ; 0.585 V                              ; 4.19e-10 s                  ; 1.53e-10 s                  ; Yes                        ; No                         ; 3.63 V                      ; 4.94e-06 V                  ; 3.69 V             ; -0.414 V           ; 0.134 V                             ; 0.585 V                             ; 4.19e-10 s                 ; 1.53e-10 s                 ; Yes                       ; No                        ;
; HEX2[1]             ; 3.3-V LVTTL  ; 0 s                 ; 0 s                 ; 3.63 V                       ; 4.72e-06 V                   ; 3.7 V               ; -0.49 V             ; 0.117 V                              ; 0.621 V                              ; 3.84e-10 s                  ; 1.48e-10 s                  ; Yes                        ; No                         ; 3.63 V                      ; 4.72e-06 V                  ; 3.7 V              ; -0.49 V            ; 0.117 V                             ; 0.621 V                             ; 3.84e-10 s                 ; 1.48e-10 s                 ; Yes                       ; No                        ;
; HEX2[2]             ; 3.3-V LVTTL  ; 0 s                 ; 0 s                 ; 3.63 V                       ; 4.72e-06 V                   ; 3.7 V               ; -0.49 V             ; 0.117 V                              ; 0.621 V                              ; 3.84e-10 s                  ; 1.48e-10 s                  ; Yes                        ; No                         ; 3.63 V                      ; 4.72e-06 V                  ; 3.7 V              ; -0.49 V            ; 0.117 V                             ; 0.621 V                             ; 3.84e-10 s                 ; 1.48e-10 s                 ; Yes                       ; No                        ;
; HEX2[3]             ; 3.3-V LVTTL  ; 0 s                 ; 0 s                 ; 3.63 V                       ; 3.63e-06 V                   ; 3.64 V              ; -0.326 V            ; 0.091 V                              ; 0.479 V                              ; 3.83e-10 s                  ; 1.5e-10 s                   ; Yes                        ; No                         ; 3.63 V                      ; 3.63e-06 V                  ; 3.64 V             ; -0.326 V           ; 0.091 V                             ; 0.479 V                             ; 3.83e-10 s                 ; 1.5e-10 s                  ; Yes                       ; No                        ;
; HEX2[4]             ; 3.3-V LVTTL  ; 0 s                 ; 0 s                 ; 3.63 V                       ; 3.63e-06 V                   ; 3.64 V              ; -0.326 V            ; 0.091 V                              ; 0.479 V                              ; 3.83e-10 s                  ; 1.5e-10 s                   ; Yes                        ; No                         ; 3.63 V                      ; 3.63e-06 V                  ; 3.64 V             ; -0.326 V           ; 0.091 V                             ; 0.479 V                             ; 3.83e-10 s                 ; 1.5e-10 s                  ; Yes                       ; No                        ;
; HEX2[5]             ; 3.3-V LVTTL  ; 0 s                 ; 0 s                 ; 3.63 V                       ; 4.72e-06 V                   ; 3.7 V               ; -0.49 V             ; 0.117 V                              ; 0.621 V                              ; 3.84e-10 s                  ; 1.48e-10 s                  ; Yes                        ; No                         ; 3.63 V                      ; 4.72e-06 V                  ; 3.7 V              ; -0.49 V            ; 0.117 V                             ; 0.621 V                             ; 3.84e-10 s                 ; 1.48e-10 s                 ; Yes                       ; No                        ;
; HEX2[6]             ; 3.3-V LVTTL  ; 0 s                 ; 0 s                 ; 3.63 V                       ; 4.72e-06 V                   ; 3.7 V               ; -0.49 V             ; 0.117 V                              ; 0.622 V                              ; 3.84e-10 s                  ; 1.48e-10 s                  ; Yes                        ; No                         ; 3.63 V                      ; 4.72e-06 V                  ; 3.7 V              ; -0.49 V            ; 0.117 V                             ; 0.622 V                             ; 3.84e-10 s                 ; 1.48e-10 s                 ; Yes                       ; No                        ;
; HEX3[0]             ; 3.3-V LVTTL  ; 0 s                 ; 0 s                 ; 3.63 V                       ; 3.63e-06 V                   ; 3.64 V              ; -0.326 V            ; 0.091 V                              ; 0.479 V                              ; 3.83e-10 s                  ; 1.5e-10 s                   ; Yes                        ; No                         ; 3.63 V                      ; 3.63e-06 V                  ; 3.64 V             ; -0.326 V           ; 0.091 V                             ; 0.479 V                             ; 3.83e-10 s                 ; 1.5e-10 s                  ; Yes                       ; No                        ;
; HEX3[1]             ; 3.3-V LVTTL  ; 0 s                 ; 0 s                 ; 3.63 V                       ; 4.94e-06 V                   ; 3.69 V              ; -0.414 V            ; 0.134 V                              ; 0.585 V                              ; 4.19e-10 s                  ; 1.53e-10 s                  ; Yes                        ; No                         ; 3.63 V                      ; 4.94e-06 V                  ; 3.69 V             ; -0.414 V           ; 0.134 V                             ; 0.585 V                             ; 4.19e-10 s                 ; 1.53e-10 s                 ; Yes                       ; No                        ;
; HEX3[2]             ; 3.3-V LVTTL  ; 0 s                 ; 0 s                 ; 3.63 V                       ; 4.94e-06 V                   ; 3.69 V              ; -0.414 V            ; 0.134 V                              ; 0.585 V                              ; 4.19e-10 s                  ; 1.53e-10 s                  ; Yes                        ; No                         ; 3.63 V                      ; 4.94e-06 V                  ; 3.69 V             ; -0.414 V           ; 0.134 V                             ; 0.585 V                             ; 4.19e-10 s                 ; 1.53e-10 s                 ; Yes                       ; No                        ;
; HEX3[3]             ; 3.3-V LVTTL  ; 0 s                 ; 0 s                 ; 3.63 V                       ; 3.63e-06 V                   ; 3.64 V              ; -0.326 V            ; 0.091 V                              ; 0.479 V                              ; 3.83e-10 s                  ; 1.5e-10 s                   ; Yes                        ; No                         ; 3.63 V                      ; 3.63e-06 V                  ; 3.64 V             ; -0.326 V           ; 0.091 V                             ; 0.479 V                             ; 3.83e-10 s                 ; 1.5e-10 s                  ; Yes                       ; No                        ;
; HEX3[4]             ; 3.3-V LVTTL  ; 0 s                 ; 0 s                 ; 3.63 V                       ; 4.94e-06 V                   ; 3.69 V              ; -0.414 V            ; 0.134 V                              ; 0.585 V                              ; 4.19e-10 s                  ; 1.53e-10 s                  ; Yes                        ; No                         ; 3.63 V                      ; 4.94e-06 V                  ; 3.69 V             ; -0.414 V           ; 0.134 V                             ; 0.585 V                             ; 4.19e-10 s                 ; 1.53e-10 s                 ; Yes                       ; No                        ;
; HEX3[5]             ; 3.3-V LVTTL  ; 0 s                 ; 0 s                 ; 3.63 V                       ; 4.94e-06 V                   ; 3.69 V              ; -0.414 V            ; 0.134 V                              ; 0.585 V                              ; 4.19e-10 s                  ; 1.53e-10 s                  ; Yes                        ; No                         ; 3.63 V                      ; 4.94e-06 V                  ; 3.69 V             ; -0.414 V           ; 0.134 V                             ; 0.585 V                             ; 4.19e-10 s                 ; 1.53e-10 s                 ; Yes                       ; No                        ;
; HEX3[6]             ; 3.3-V LVTTL  ; 0 s                 ; 0 s                 ; 3.63 V                       ; 3.63e-06 V                   ; 3.64 V              ; -0.326 V            ; 0.091 V                              ; 0.479 V                              ; 3.83e-10 s                  ; 1.5e-10 s                   ; Yes                        ; No                         ; 3.63 V                      ; 3.63e-06 V                  ; 3.64 V             ; -0.326 V           ; 0.091 V                             ; 0.479 V                             ; 3.83e-10 s                 ; 1.5e-10 s                  ; Yes                       ; No                        ;
; HEX4[0]             ; 3.3-V LVTTL  ; 0 s                 ; 0 s                 ; 3.63 V                       ; 4.72e-06 V                   ; 3.7 V               ; -0.49 V             ; 0.117 V                              ; 0.622 V                              ; 3.84e-10 s                  ; 1.48e-10 s                  ; Yes                        ; No                         ; 3.63 V                      ; 4.72e-06 V                  ; 3.7 V              ; -0.49 V            ; 0.117 V                             ; 0.622 V                             ; 3.84e-10 s                 ; 1.48e-10 s                 ; Yes                       ; No                        ;
; HEX4[1]             ; 3.3-V LVTTL  ; 0 s                 ; 0 s                 ; 3.63 V                       ; 3.63e-06 V                   ; 3.64 V              ; -0.326 V            ; 0.091 V                              ; 0.479 V                              ; 3.83e-10 s                  ; 1.5e-10 s                   ; Yes                        ; No                         ; 3.63 V                      ; 3.63e-06 V                  ; 3.64 V             ; -0.326 V           ; 0.091 V                             ; 0.479 V                             ; 3.83e-10 s                 ; 1.5e-10 s                  ; Yes                       ; No                        ;
; HEX4[2]             ; 3.3-V LVTTL  ; 0 s                 ; 0 s                 ; 3.63 V                       ; 3.63e-06 V                   ; 3.64 V              ; -0.326 V            ; 0.091 V                              ; 0.479 V                              ; 3.83e-10 s                  ; 1.5e-10 s                   ; Yes                        ; No                         ; 3.63 V                      ; 3.63e-06 V                  ; 3.64 V             ; -0.326 V           ; 0.091 V                             ; 0.479 V                             ; 3.83e-10 s                 ; 1.5e-10 s                  ; Yes                       ; No                        ;
; HEX4[3]             ; 3.3-V LVTTL  ; 0 s                 ; 0 s                 ; 3.63 V                       ; 3.63e-06 V                   ; 3.64 V              ; -0.326 V            ; 0.091 V                              ; 0.479 V                              ; 3.83e-10 s                  ; 1.5e-10 s                   ; Yes                        ; No                         ; 3.63 V                      ; 3.63e-06 V                  ; 3.64 V             ; -0.326 V           ; 0.091 V                             ; 0.479 V                             ; 3.83e-10 s                 ; 1.5e-10 s                  ; Yes                       ; No                        ;
; HEX4[4]             ; 3.3-V LVTTL  ; 0 s                 ; 0 s                 ; 3.63 V                       ; 4.94e-06 V                   ; 3.69 V              ; -0.414 V            ; 0.134 V                              ; 0.585 V                              ; 4.19e-10 s                  ; 1.53e-10 s                  ; Yes                        ; No                         ; 3.63 V                      ; 4.94e-06 V                  ; 3.69 V             ; -0.414 V           ; 0.134 V                             ; 0.585 V                             ; 4.19e-10 s                 ; 1.53e-10 s                 ; Yes                       ; No                        ;
; HEX4[5]             ; 3.3-V LVTTL  ; 0 s                 ; 0 s                 ; 3.63 V                       ; 4.94e-06 V                   ; 3.69 V              ; -0.414 V            ; 0.134 V                              ; 0.585 V                              ; 4.19e-10 s                  ; 1.53e-10 s                  ; Yes                        ; No                         ; 3.63 V                      ; 4.94e-06 V                  ; 3.69 V             ; -0.414 V           ; 0.134 V                             ; 0.585 V                             ; 4.19e-10 s                 ; 1.53e-10 s                 ; Yes                       ; No                        ;
; HEX4[6]             ; 3.3-V LVTTL  ; 0 s                 ; 0 s                 ; 3.63 V                       ; 3.63e-06 V                   ; 3.64 V              ; -0.326 V            ; 0.091 V                              ; 0.479 V                              ; 3.83e-10 s                  ; 1.5e-10 s                   ; Yes                        ; No                         ; 3.63 V                      ; 3.63e-06 V                  ; 3.64 V             ; -0.326 V           ; 0.091 V                             ; 0.479 V                             ; 3.83e-10 s                 ; 1.5e-10 s                  ; Yes                       ; No                        ;
; HEX5[0]             ; 3.3-V LVTTL  ; 0 s                 ; 0 s                 ; 3.63 V                       ; 4.94e-06 V                   ; 3.69 V              ; -0.414 V            ; 0.134 V                              ; 0.585 V                              ; 4.19e-10 s                  ; 1.53e-10 s                  ; Yes                        ; No                         ; 3.63 V                      ; 4.94e-06 V                  ; 3.69 V             ; -0.414 V           ; 0.134 V                             ; 0.585 V                             ; 4.19e-10 s                 ; 1.53e-10 s                 ; Yes                       ; No                        ;
; HEX5[1]             ; 3.3-V LVTTL  ; 0 s                 ; 0 s                 ; 3.63 V                       ; 3.63e-06 V                   ; 3.64 V              ; -0.326 V            ; 0.091 V                              ; 0.479 V                              ; 3.83e-10 s                  ; 1.5e-10 s                   ; Yes                        ; No                         ; 3.63 V                      ; 3.63e-06 V                  ; 3.64 V             ; -0.326 V           ; 0.091 V                             ; 0.479 V                             ; 3.83e-10 s                 ; 1.5e-10 s                  ; Yes                       ; No                        ;
; HEX5[2]             ; 3.3-V LVTTL  ; 0 s                 ; 0 s                 ; 3.63 V                       ; 3.63e-06 V                   ; 3.64 V              ; -0.326 V            ; 0.091 V                              ; 0.479 V                              ; 3.83e-10 s                  ; 1.5e-10 s                   ; Yes                        ; No                         ; 3.63 V                      ; 3.63e-06 V                  ; 3.64 V             ; -0.326 V           ; 0.091 V                             ; 0.479 V                             ; 3.83e-10 s                 ; 1.5e-10 s                  ; Yes                       ; No                        ;
; HEX5[3]             ; 3.3-V LVTTL  ; 0 s                 ; 0 s                 ; 3.63 V                       ; 3.63e-06 V                   ; 3.64 V              ; -0.326 V            ; 0.091 V                              ; 0.479 V                              ; 3.83e-10 s                  ; 1.5e-10 s                   ; Yes                        ; No                         ; 3.63 V                      ; 3.63e-06 V                  ; 3.64 V             ; -0.326 V           ; 0.091 V                             ; 0.479 V                             ; 3.83e-10 s                 ; 1.5e-10 s                  ; Yes                       ; No                        ;
; HEX5[4]             ; 3.3-V LVTTL  ; 0 s                 ; 0 s                 ; 3.63 V                       ; 4.72e-06 V                   ; 3.7 V               ; -0.49 V             ; 0.117 V                              ; 0.621 V                              ; 3.84e-10 s                  ; 1.48e-10 s                  ; Yes                        ; No                         ; 3.63 V                      ; 4.72e-06 V                  ; 3.7 V              ; -0.49 V            ; 0.117 V                             ; 0.621 V                             ; 3.84e-10 s                 ; 1.48e-10 s                 ; Yes                       ; No                        ;
; HEX5[5]             ; 3.3-V LVTTL  ; 0 s                 ; 0 s                 ; 3.63 V                       ; 4.72e-06 V                   ; 3.7 V               ; -0.49 V             ; 0.117 V                              ; 0.622 V                              ; 3.84e-10 s                  ; 1.48e-10 s                  ; Yes                        ; No                         ; 3.63 V                      ; 4.72e-06 V                  ; 3.7 V              ; -0.49 V            ; 0.117 V                             ; 0.622 V                             ; 3.84e-10 s                 ; 1.48e-10 s                 ; Yes                       ; No                        ;
; HEX5[6]             ; 3.3-V LVTTL  ; 0 s                 ; 0 s                 ; 3.63 V                       ; 4.94e-06 V                   ; 3.69 V              ; -0.414 V            ; 0.134 V                              ; 0.585 V                              ; 4.19e-10 s                  ; 1.53e-10 s                  ; Yes                        ; No                         ; 3.63 V                      ; 4.94e-06 V                  ; 3.69 V             ; -0.414 V           ; 0.134 V                             ; 0.585 V                             ; 4.19e-10 s                 ; 1.53e-10 s                 ; Yes                       ; No                        ;
; LEDR[0]             ; 3.3-V LVTTL  ; 0 s                 ; 0 s                 ; 3.63 V                       ; 4.72e-06 V                   ; 3.7 V               ; -0.49 V             ; 0.117 V                              ; 0.622 V                              ; 3.84e-10 s                  ; 1.48e-10 s                  ; Yes                        ; No                         ; 3.63 V                      ; 4.72e-06 V                  ; 3.7 V              ; -0.49 V            ; 0.117 V                             ; 0.622 V                             ; 3.84e-10 s                 ; 1.48e-10 s                 ; Yes                       ; No                        ;
; LEDR[1]             ; 3.3-V LVTTL  ; 0 s                 ; 0 s                 ; 3.63 V                       ; 4.72e-06 V                   ; 3.7 V               ; -0.49 V             ; 0.117 V                              ; 0.621 V                              ; 3.84e-10 s                  ; 1.48e-10 s                  ; Yes                        ; No                         ; 3.63 V                      ; 4.72e-06 V                  ; 3.7 V              ; -0.49 V            ; 0.117 V                             ; 0.621 V                             ; 3.84e-10 s                 ; 1.48e-10 s                 ; Yes                       ; No                        ;
; LEDR[2]             ; 3.3-V LVTTL  ; 0 s                 ; 0 s                 ; 3.63 V                       ; 3.63e-06 V                   ; 3.64 V              ; -0.326 V            ; 0.091 V                              ; 0.479 V                              ; 3.83e-10 s                  ; 1.5e-10 s                   ; Yes                        ; No                         ; 3.63 V                      ; 3.63e-06 V                  ; 3.64 V             ; -0.326 V           ; 0.091 V                             ; 0.479 V                             ; 3.83e-10 s                 ; 1.5e-10 s                  ; Yes                       ; No                        ;
; LEDR[3]             ; 3.3-V LVTTL  ; 0 s                 ; 0 s                 ; 3.63 V                       ; 4.94e-06 V                   ; 3.69 V              ; -0.414 V            ; 0.134 V                              ; 0.585 V                              ; 4.19e-10 s                  ; 1.53e-10 s                  ; Yes                        ; No                         ; 3.63 V                      ; 4.94e-06 V                  ; 3.69 V             ; -0.414 V           ; 0.134 V                             ; 0.585 V                             ; 4.19e-10 s                 ; 1.53e-10 s                 ; Yes                       ; No                        ;
; LEDR[4]             ; 3.3-V LVTTL  ; 0 s                 ; 0 s                 ; 3.63 V                       ; 4.72e-06 V                   ; 3.7 V               ; -0.49 V             ; 0.117 V                              ; 0.622 V                              ; 3.84e-10 s                  ; 1.48e-10 s                  ; Yes                        ; No                         ; 3.63 V                      ; 4.72e-06 V                  ; 3.7 V              ; -0.49 V            ; 0.117 V                             ; 0.622 V                             ; 3.84e-10 s                 ; 1.48e-10 s                 ; Yes                       ; No                        ;
; LEDR[5]             ; 3.3-V LVTTL  ; 0 s                 ; 0 s                 ; 3.63 V                       ; 4.72e-06 V                   ; 3.7 V               ; -0.49 V             ; 0.117 V                              ; 0.621 V                              ; 3.84e-10 s                  ; 1.48e-10 s                  ; Yes                        ; No                         ; 3.63 V                      ; 4.72e-06 V                  ; 3.7 V              ; -0.49 V            ; 0.117 V                             ; 0.621 V                             ; 3.84e-10 s                 ; 1.48e-10 s                 ; Yes                       ; No                        ;
; LEDR[6]             ; 3.3-V LVTTL  ; 0 s                 ; 0 s                 ; 3.63 V                       ; 4.94e-06 V                   ; 3.69 V              ; -0.414 V            ; 0.134 V                              ; 0.585 V                              ; 4.19e-10 s                  ; 1.53e-10 s                  ; Yes                        ; No                         ; 3.63 V                      ; 4.94e-06 V                  ; 3.69 V             ; -0.414 V           ; 0.134 V                             ; 0.585 V                             ; 4.19e-10 s                 ; 1.53e-10 s                 ; Yes                       ; No                        ;
; LEDR[7]             ; 3.3-V LVTTL  ; 0 s                 ; 0 s                 ; 3.63 V                       ; 3.63e-06 V                   ; 3.64 V              ; -0.326 V            ; 0.091 V                              ; 0.479 V                              ; 3.83e-10 s                  ; 1.5e-10 s                   ; Yes                        ; No                         ; 3.63 V                      ; 3.63e-06 V                  ; 3.64 V             ; -0.326 V           ; 0.091 V                             ; 0.479 V                             ; 3.83e-10 s                 ; 1.5e-10 s                  ; Yes                       ; No                        ;
; LEDR[8]             ; 3.3-V LVTTL  ; 0 s                 ; 0 s                 ; 3.63 V                       ; 4.72e-06 V                   ; 3.7 V               ; -0.49 V             ; 0.117 V                              ; 0.622 V                              ; 3.84e-10 s                  ; 1.48e-10 s                  ; Yes                        ; No                         ; 3.63 V                      ; 4.72e-06 V                  ; 3.7 V              ; -0.49 V            ; 0.117 V                             ; 0.622 V                             ; 3.84e-10 s                 ; 1.48e-10 s                 ; Yes                       ; No                        ;
; LEDR[9]             ; 3.3-V LVTTL  ; 0 s                 ; 0 s                 ; 3.63 V                       ; 4.72e-06 V                   ; 3.7 V               ; -0.49 V             ; 0.117 V                              ; 0.621 V                              ; 3.84e-10 s                  ; 1.48e-10 s                  ; Yes                        ; No                         ; 3.63 V                      ; 4.72e-06 V                  ; 3.7 V              ; -0.49 V            ; 0.117 V                             ; 0.621 V                             ; 3.84e-10 s                 ; 1.48e-10 s                 ; Yes                       ; No                        ;
; SD_CLK              ; 3.3-V LVTTL  ; 0 s                 ; 0 s                 ; 3.63 V                       ; 4.94e-06 V                   ; 3.69 V              ; -0.414 V            ; 0.134 V                              ; 0.585 V                              ; 4.19e-10 s                  ; 1.53e-10 s                  ; Yes                        ; No                         ; 3.63 V                      ; 4.94e-06 V                  ; 3.69 V             ; -0.414 V           ; 0.134 V                             ; 0.585 V                             ; 4.19e-10 s                 ; 1.53e-10 s                 ; Yes                       ; No                        ;
; VGA_B[0]            ; 3.3-V LVTTL  ; 0 s                 ; 0 s                 ; 3.63 V                       ; 4.72e-06 V                   ; 3.7 V               ; -0.49 V             ; 0.117 V                              ; 0.622 V                              ; 3.84e-10 s                  ; 1.48e-10 s                  ; Yes                        ; No                         ; 3.63 V                      ; 4.72e-06 V                  ; 3.7 V              ; -0.49 V            ; 0.117 V                             ; 0.622 V                             ; 3.84e-10 s                 ; 1.48e-10 s                 ; Yes                       ; No                        ;
; VGA_B[1]            ; 3.3-V LVTTL  ; 0 s                 ; 0 s                 ; 3.63 V                       ; 4.72e-06 V                   ; 3.7 V               ; -0.49 V             ; 0.117 V                              ; 0.621 V                              ; 3.84e-10 s                  ; 1.48e-10 s                  ; Yes                        ; No                         ; 3.63 V                      ; 4.72e-06 V                  ; 3.7 V              ; -0.49 V            ; 0.117 V                             ; 0.621 V                             ; 3.84e-10 s                 ; 1.48e-10 s                 ; Yes                       ; No                        ;
; VGA_B[2]            ; 3.3-V LVTTL  ; 0 s                 ; 0 s                 ; 3.63 V                       ; 4.94e-06 V                   ; 3.69 V              ; -0.414 V            ; 0.134 V                              ; 0.585 V                              ; 4.19e-10 s                  ; 1.53e-10 s                  ; Yes                        ; No                         ; 3.63 V                      ; 4.94e-06 V                  ; 3.69 V             ; -0.414 V           ; 0.134 V                             ; 0.585 V                             ; 4.19e-10 s                 ; 1.53e-10 s                 ; Yes                       ; No                        ;
; VGA_B[3]            ; 3.3-V LVTTL  ; 0 s                 ; 0 s                 ; 3.63 V                       ; 3.63e-06 V                   ; 3.64 V              ; -0.326 V            ; 0.091 V                              ; 0.479 V                              ; 3.83e-10 s                  ; 1.5e-10 s                   ; Yes                        ; No                         ; 3.63 V                      ; 3.63e-06 V                  ; 3.64 V             ; -0.326 V           ; 0.091 V                             ; 0.479 V                             ; 3.83e-10 s                 ; 1.5e-10 s                  ; Yes                       ; No                        ;
; VGA_G[0]            ; 3.3-V LVTTL  ; 0 s                 ; 0 s                 ; 3.63 V                       ; 4.72e-06 V                   ; 3.7 V               ; -0.49 V             ; 0.117 V                              ; 0.622 V                              ; 3.84e-10 s                  ; 1.48e-10 s                  ; Yes                        ; No                         ; 3.63 V                      ; 4.72e-06 V                  ; 3.7 V              ; -0.49 V            ; 0.117 V                             ; 0.622 V                             ; 3.84e-10 s                 ; 1.48e-10 s                 ; Yes                       ; No                        ;
; VGA_G[1]            ; 3.3-V LVTTL  ; 0 s                 ; 0 s                 ; 3.63 V                       ; 4.72e-06 V                   ; 3.7 V               ; -0.49 V             ; 0.117 V                              ; 0.621 V                              ; 3.84e-10 s                  ; 1.48e-10 s                  ; Yes                        ; No                         ; 3.63 V                      ; 4.72e-06 V                  ; 3.7 V              ; -0.49 V            ; 0.117 V                             ; 0.621 V                             ; 3.84e-10 s                 ; 1.48e-10 s                 ; Yes                       ; No                        ;
; VGA_G[2]            ; 3.3-V LVTTL  ; 0 s                 ; 0 s                 ; 3.63 V                       ; 4.94e-06 V                   ; 3.69 V              ; -0.414 V            ; 0.134 V                              ; 0.585 V                              ; 4.19e-10 s                  ; 1.53e-10 s                  ; Yes                        ; No                         ; 3.63 V                      ; 4.94e-06 V                  ; 3.69 V             ; -0.414 V           ; 0.134 V                             ; 0.585 V                             ; 4.19e-10 s                 ; 1.53e-10 s                 ; Yes                       ; No                        ;
; VGA_G[3]            ; 3.3-V LVTTL  ; 0 s                 ; 0 s                 ; 3.63 V                       ; 3.63e-06 V                   ; 3.64 V              ; -0.326 V            ; 0.091 V                              ; 0.479 V                              ; 3.83e-10 s                  ; 1.5e-10 s                   ; Yes                        ; No                         ; 3.63 V                      ; 3.63e-06 V                  ; 3.64 V             ; -0.326 V           ; 0.091 V                             ; 0.479 V                             ; 3.83e-10 s                 ; 1.5e-10 s                  ; Yes                       ; No                        ;
; VGA_HS              ; 3.3-V LVTTL  ; 0 s                 ; 0 s                 ; 3.63 V                       ; 4.72e-06 V                   ; 3.7 V               ; -0.49 V             ; 0.117 V                              ; 0.622 V                              ; 3.84e-10 s                  ; 1.48e-10 s                  ; Yes                        ; No                         ; 3.63 V                      ; 4.72e-06 V                  ; 3.7 V              ; -0.49 V            ; 0.117 V                             ; 0.622 V                             ; 3.84e-10 s                 ; 1.48e-10 s                 ; Yes                       ; No                        ;
; VGA_R[0]            ; 3.3-V LVTTL  ; 0 s                 ; 0 s                 ; 3.63 V                       ; 4.72e-06 V                   ; 3.7 V               ; -0.49 V             ; 0.117 V                              ; 0.621 V                              ; 3.84e-10 s                  ; 1.48e-10 s                  ; Yes                        ; No                         ; 3.63 V                      ; 4.72e-06 V                  ; 3.7 V              ; -0.49 V            ; 0.117 V                             ; 0.621 V                             ; 3.84e-10 s                 ; 1.48e-10 s                 ; Yes                       ; No                        ;
; VGA_R[1]            ; 3.3-V LVTTL  ; 0 s                 ; 0 s                 ; 3.63 V                       ; 4.94e-06 V                   ; 3.69 V              ; -0.414 V            ; 0.134 V                              ; 0.585 V                              ; 4.19e-10 s                  ; 1.53e-10 s                  ; Yes                        ; No                         ; 3.63 V                      ; 4.94e-06 V                  ; 3.69 V             ; -0.414 V           ; 0.134 V                             ; 0.585 V                             ; 4.19e-10 s                 ; 1.53e-10 s                 ; Yes                       ; No                        ;
; VGA_R[2]            ; 3.3-V LVTTL  ; 0 s                 ; 0 s                 ; 3.63 V                       ; 3.63e-06 V                   ; 3.64 V              ; -0.326 V            ; 0.091 V                              ; 0.479 V                              ; 3.83e-10 s                  ; 1.5e-10 s                   ; Yes                        ; No                         ; 3.63 V                      ; 3.63e-06 V                  ; 3.64 V             ; -0.326 V           ; 0.091 V                             ; 0.479 V                             ; 3.83e-10 s                 ; 1.5e-10 s                  ; Yes                       ; No                        ;
; VGA_R[3]            ; 3.3-V LVTTL  ; 0 s                 ; 0 s                 ; 3.63 V                       ; 4.72e-06 V                   ; 3.7 V               ; -0.49 V             ; 0.117 V                              ; 0.622 V                              ; 3.84e-10 s                  ; 1.48e-10 s                  ; Yes                        ; No                         ; 3.63 V                      ; 4.72e-06 V                  ; 3.7 V              ; -0.49 V            ; 0.117 V                             ; 0.622 V                             ; 3.84e-10 s                 ; 1.48e-10 s                 ; Yes                       ; No                        ;
; VGA_VS              ; 3.3-V LVTTL  ; 0 s                 ; 0 s                 ; 3.63 V                       ; 4.72e-06 V                   ; 3.7 V               ; -0.49 V             ; 0.117 V                              ; 0.621 V                              ; 3.84e-10 s                  ; 1.48e-10 s                  ; Yes                        ; No                         ; 3.63 V                      ; 4.72e-06 V                  ; 3.7 V              ; -0.49 V            ; 0.117 V                             ; 0.621 V                             ; 3.84e-10 s                 ; 1.48e-10 s                 ; Yes                       ; No                        ;
; CLOCK4_50           ; 3.3-V LVTTL  ; 0 s                 ; 0 s                 ; 3.63 V                       ; 4.94e-06 V                   ; 3.69 V              ; -0.414 V            ; 0.134 V                              ; 0.585 V                              ; 4.19e-10 s                  ; 1.53e-10 s                  ; Yes                        ; No                         ; 3.63 V                      ; 4.94e-06 V                  ; 3.69 V             ; -0.414 V           ; 0.134 V                             ; 0.585 V                             ; 4.19e-10 s                 ; 1.53e-10 s                 ; Yes                       ; No                        ;
; DRAM_DQ[0]          ; 3.3-V LVTTL  ; 0 s                 ; 0 s                 ; 3.63 V                       ; 4.72e-06 V                   ; 3.7 V               ; -0.49 V             ; 0.117 V                              ; 0.622 V                              ; 3.84e-10 s                  ; 1.48e-10 s                  ; Yes                        ; No                         ; 3.63 V                      ; 4.72e-06 V                  ; 3.7 V              ; -0.49 V            ; 0.117 V                             ; 0.622 V                             ; 3.84e-10 s                 ; 1.48e-10 s                 ; Yes                       ; No                        ;
; DRAM_DQ[1]          ; 3.3-V LVTTL  ; 0 s                 ; 0 s                 ; 3.63 V                       ; 3.63e-06 V                   ; 3.64 V              ; -0.326 V            ; 0.091 V                              ; 0.479 V                              ; 3.83e-10 s                  ; 1.5e-10 s                   ; Yes                        ; No                         ; 3.63 V                      ; 3.63e-06 V                  ; 3.64 V             ; -0.326 V           ; 0.091 V                             ; 0.479 V                             ; 3.83e-10 s                 ; 1.5e-10 s                  ; Yes                       ; No                        ;
; DRAM_DQ[2]          ; 3.3-V LVTTL  ; 0 s                 ; 0 s                 ; 3.63 V                       ; 4.94e-06 V                   ; 3.69 V              ; -0.414 V            ; 0.134 V                              ; 0.585 V                              ; 4.19e-10 s                  ; 1.53e-10 s                  ; Yes                        ; No                         ; 3.63 V                      ; 4.94e-06 V                  ; 3.69 V             ; -0.414 V           ; 0.134 V                             ; 0.585 V                             ; 4.19e-10 s                 ; 1.53e-10 s                 ; Yes                       ; No                        ;
; DRAM_DQ[3]          ; 3.3-V LVTTL  ; 0 s                 ; 0 s                 ; 3.63 V                       ; 4.72e-06 V                   ; 3.7 V               ; -0.49 V             ; 0.117 V                              ; 0.621 V                              ; 3.84e-10 s                  ; 1.48e-10 s                  ; Yes                        ; No                         ; 3.63 V                      ; 4.72e-06 V                  ; 3.7 V              ; -0.49 V            ; 0.117 V                             ; 0.621 V                             ; 3.84e-10 s                 ; 1.48e-10 s                 ; Yes                       ; No                        ;
; DRAM_DQ[4]          ; 3.3-V LVTTL  ; 0 s                 ; 0 s                 ; 3.63 V                       ; 3.63e-06 V                   ; 3.64 V              ; -0.326 V            ; 0.091 V                              ; 0.479 V                              ; 3.83e-10 s                  ; 1.5e-10 s                   ; Yes                        ; No                         ; 3.63 V                      ; 3.63e-06 V                  ; 3.64 V             ; -0.326 V           ; 0.091 V                             ; 0.479 V                             ; 3.83e-10 s                 ; 1.5e-10 s                  ; Yes                       ; No                        ;
; DRAM_DQ[5]          ; 3.3-V LVTTL  ; 0 s                 ; 0 s                 ; 3.63 V                       ; 4.94e-06 V                   ; 3.69 V              ; -0.414 V            ; 0.134 V                              ; 0.585 V                              ; 4.19e-10 s                  ; 1.53e-10 s                  ; Yes                        ; No                         ; 3.63 V                      ; 4.94e-06 V                  ; 3.69 V             ; -0.414 V           ; 0.134 V                             ; 0.585 V                             ; 4.19e-10 s                 ; 1.53e-10 s                 ; Yes                       ; No                        ;
; DRAM_DQ[6]          ; 3.3-V LVTTL  ; 0 s                 ; 0 s                 ; 3.63 V                       ; 4.72e-06 V                   ; 3.7 V               ; -0.49 V             ; 0.117 V                              ; 0.621 V                              ; 3.84e-10 s                  ; 1.48e-10 s                  ; Yes                        ; No                         ; 3.63 V                      ; 4.72e-06 V                  ; 3.7 V              ; -0.49 V            ; 0.117 V                             ; 0.621 V                             ; 3.84e-10 s                 ; 1.48e-10 s                 ; Yes                       ; No                        ;
; DRAM_DQ[7]          ; 3.3-V LVTTL  ; 0 s                 ; 0 s                 ; 3.63 V                       ; 4.72e-06 V                   ; 3.7 V               ; -0.49 V             ; 0.117 V                              ; 0.622 V                              ; 3.84e-10 s                  ; 1.48e-10 s                  ; Yes                        ; No                         ; 3.63 V                      ; 4.72e-06 V                  ; 3.7 V              ; -0.49 V            ; 0.117 V                             ; 0.622 V                             ; 3.84e-10 s                 ; 1.48e-10 s                 ; Yes                       ; No                        ;
; DRAM_DQ[8]          ; 3.3-V LVTTL  ; 0 s                 ; 0 s                 ; 3.63 V                       ; 4.72e-06 V                   ; 3.7 V               ; -0.49 V             ; 0.117 V                              ; 0.622 V                              ; 3.84e-10 s                  ; 1.48e-10 s                  ; Yes                        ; No                         ; 3.63 V                      ; 4.72e-06 V                  ; 3.7 V              ; -0.49 V            ; 0.117 V                             ; 0.622 V                             ; 3.84e-10 s                 ; 1.48e-10 s                 ; Yes                       ; No                        ;
; DRAM_DQ[9]          ; 3.3-V LVTTL  ; 0 s                 ; 0 s                 ; 3.63 V                       ; 4.72e-06 V                   ; 3.7 V               ; -0.49 V             ; 0.117 V                              ; 0.622 V                              ; 3.84e-10 s                  ; 1.48e-10 s                  ; Yes                        ; No                         ; 3.63 V                      ; 4.72e-06 V                  ; 3.7 V              ; -0.49 V            ; 0.117 V                             ; 0.622 V                             ; 3.84e-10 s                 ; 1.48e-10 s                 ; Yes                       ; No                        ;
; DRAM_DQ[10]         ; 3.3-V LVTTL  ; 0 s                 ; 0 s                 ; 3.63 V                       ; 4.72e-06 V                   ; 3.7 V               ; -0.49 V             ; 0.117 V                              ; 0.621 V                              ; 3.84e-10 s                  ; 1.48e-10 s                  ; Yes                        ; No                         ; 3.63 V                      ; 4.72e-06 V                  ; 3.7 V              ; -0.49 V            ; 0.117 V                             ; 0.621 V                             ; 3.84e-10 s                 ; 1.48e-10 s                 ; Yes                       ; No                        ;
; DRAM_DQ[11]         ; 3.3-V LVTTL  ; 0 s                 ; 0 s                 ; 3.63 V                       ; 4.72e-06 V                   ; 3.7 V               ; -0.49 V             ; 0.117 V                              ; 0.621 V                              ; 3.84e-10 s                  ; 1.48e-10 s                  ; Yes                        ; No                         ; 3.63 V                      ; 4.72e-06 V                  ; 3.7 V              ; -0.49 V            ; 0.117 V                             ; 0.621 V                             ; 3.84e-10 s                 ; 1.48e-10 s                 ; Yes                       ; No                        ;
; DRAM_DQ[12]         ; 3.3-V LVTTL  ; 0 s                 ; 0 s                 ; 3.63 V                       ; 4.94e-06 V                   ; 3.69 V              ; -0.414 V            ; 0.134 V                              ; 0.585 V                              ; 4.19e-10 s                  ; 1.53e-10 s                  ; Yes                        ; No                         ; 3.63 V                      ; 4.94e-06 V                  ; 3.69 V             ; -0.414 V           ; 0.134 V                             ; 0.585 V                             ; 4.19e-10 s                 ; 1.53e-10 s                 ; Yes                       ; No                        ;
; DRAM_DQ[13]         ; 3.3-V LVTTL  ; 0 s                 ; 0 s                 ; 3.63 V                       ; 3.63e-06 V                   ; 3.64 V              ; -0.326 V            ; 0.091 V                              ; 0.479 V                              ; 3.83e-10 s                  ; 1.5e-10 s                   ; Yes                        ; No                         ; 3.63 V                      ; 3.63e-06 V                  ; 3.64 V             ; -0.326 V           ; 0.091 V                             ; 0.479 V                             ; 3.83e-10 s                 ; 1.5e-10 s                  ; Yes                       ; No                        ;
; DRAM_DQ[14]         ; 3.3-V LVTTL  ; 0 s                 ; 0 s                 ; 3.63 V                       ; 4.94e-06 V                   ; 3.69 V              ; -0.414 V            ; 0.134 V                              ; 0.585 V                              ; 4.19e-10 s                  ; 1.53e-10 s                  ; Yes                        ; No                         ; 3.63 V                      ; 4.94e-06 V                  ; 3.69 V             ; -0.414 V           ; 0.134 V                             ; 0.585 V                             ; 4.19e-10 s                 ; 1.53e-10 s                 ; Yes                       ; No                        ;
; DRAM_DQ[15]         ; 3.3-V LVTTL  ; 0 s                 ; 0 s                 ; 3.63 V                       ; 3.63e-06 V                   ; 3.64 V              ; -0.326 V            ; 0.091 V                              ; 0.479 V                              ; 3.83e-10 s                  ; 1.5e-10 s                   ; Yes                        ; No                         ; 3.63 V                      ; 3.63e-06 V                  ; 3.64 V             ; -0.326 V           ; 0.091 V                             ; 0.479 V                             ; 3.83e-10 s                 ; 1.5e-10 s                  ; Yes                       ; No                        ;
; GPIO_0[6]           ; 3.3-V LVTTL  ; 0 s                 ; 0 s                 ; 3.63 V                       ; 4.72e-06 V                   ; 3.7 V               ; -0.49 V             ; 0.117 V                              ; 0.622 V                              ; 3.84e-10 s                  ; 1.48e-10 s                  ; Yes                        ; No                         ; 3.63 V                      ; 4.72e-06 V                  ; 3.7 V              ; -0.49 V            ; 0.117 V                             ; 0.622 V                             ; 3.84e-10 s                 ; 1.48e-10 s                 ; Yes                       ; No                        ;
; GPIO_0[7]           ; 3.3-V LVTTL  ; 0 s                 ; 0 s                 ; 3.63 V                       ; 4.72e-06 V                   ; 3.7 V               ; -0.49 V             ; 0.117 V                              ; 0.621 V                              ; 3.84e-10 s                  ; 1.48e-10 s                  ; Yes                        ; No                         ; 3.63 V                      ; 4.72e-06 V                  ; 3.7 V              ; -0.49 V            ; 0.117 V                             ; 0.621 V                             ; 3.84e-10 s                 ; 1.48e-10 s                 ; Yes                       ; No                        ;
; GPIO_0[8]           ; 3.3-V LVTTL  ; 0 s                 ; 0 s                 ; 3.63 V                       ; 4.72e-06 V                   ; 3.7 V               ; -0.49 V             ; 0.117 V                              ; 0.622 V                              ; 3.84e-10 s                  ; 1.48e-10 s                  ; Yes                        ; No                         ; 3.63 V                      ; 4.72e-06 V                  ; 3.7 V              ; -0.49 V            ; 0.117 V                             ; 0.622 V                             ; 3.84e-10 s                 ; 1.48e-10 s                 ; Yes                       ; No                        ;
; GPIO_0[9]           ; 3.3-V LVTTL  ; 0 s                 ; 0 s                 ; 3.63 V                       ; 4.72e-06 V                   ; 3.7 V               ; -0.49 V             ; 0.117 V                              ; 0.621 V                              ; 3.84e-10 s                  ; 1.48e-10 s                  ; Yes                        ; No                         ; 3.63 V                      ; 4.72e-06 V                  ; 3.7 V              ; -0.49 V            ; 0.117 V                             ; 0.621 V                             ; 3.84e-10 s                 ; 1.48e-10 s                 ; Yes                       ; No                        ;
; GPIO_0[10]          ; 3.3-V LVTTL  ; 0 s                 ; 0 s                 ; 3.63 V                       ; 4.72e-06 V                   ; 3.7 V               ; -0.49 V             ; 0.117 V                              ; 0.621 V                              ; 3.84e-10 s                  ; 1.48e-10 s                  ; Yes                        ; No                         ; 3.63 V                      ; 4.72e-06 V                  ; 3.7 V              ; -0.49 V            ; 0.117 V                             ; 0.621 V                             ; 3.84e-10 s                 ; 1.48e-10 s                 ; Yes                       ; No                        ;
; GPIO_0[11]          ; 3.3-V LVTTL  ; 0 s                 ; 0 s                 ; 3.63 V                       ; 4.72e-06 V                   ; 3.7 V               ; -0.49 V             ; 0.117 V                              ; 0.621 V                              ; 3.84e-10 s                  ; 1.48e-10 s                  ; Yes                        ; No                         ; 3.63 V                      ; 4.72e-06 V                  ; 3.7 V              ; -0.49 V            ; 0.117 V                             ; 0.621 V                             ; 3.84e-10 s                 ; 1.48e-10 s                 ; Yes                       ; No                        ;
; GPIO_0[12]          ; 3.3-V LVTTL  ; 0 s                 ; 0 s                 ; 3.63 V                       ; 4.72e-06 V                   ; 3.7 V               ; -0.49 V             ; 0.117 V                              ; 0.622 V                              ; 3.84e-10 s                  ; 1.48e-10 s                  ; Yes                        ; No                         ; 3.63 V                      ; 4.72e-06 V                  ; 3.7 V              ; -0.49 V            ; 0.117 V                             ; 0.622 V                             ; 3.84e-10 s                 ; 1.48e-10 s                 ; Yes                       ; No                        ;
; GPIO_0[13]          ; 3.3-V LVTTL  ; 0 s                 ; 0 s                 ; 3.63 V                       ; 4.72e-06 V                   ; 3.7 V               ; -0.49 V             ; 0.117 V                              ; 0.622 V                              ; 3.84e-10 s                  ; 1.48e-10 s                  ; Yes                        ; No                         ; 3.63 V                      ; 4.72e-06 V                  ; 3.7 V              ; -0.49 V            ; 0.117 V                             ; 0.622 V                             ; 3.84e-10 s                 ; 1.48e-10 s                 ; Yes                       ; No                        ;
; GPIO_0[14]          ; 3.3-V LVTTL  ; 0 s                 ; 0 s                 ; 3.63 V                       ; 4.72e-06 V                   ; 3.7 V               ; -0.49 V             ; 0.117 V                              ; 0.622 V                              ; 3.84e-10 s                  ; 1.48e-10 s                  ; Yes                        ; No                         ; 3.63 V                      ; 4.72e-06 V                  ; 3.7 V              ; -0.49 V            ; 0.117 V                             ; 0.622 V                             ; 3.84e-10 s                 ; 1.48e-10 s                 ; Yes                       ; No                        ;
; GPIO_0[15]          ; 3.3-V LVTTL  ; 0 s                 ; 0 s                 ; 3.63 V                       ; 4.94e-06 V                   ; 3.69 V              ; -0.414 V            ; 0.134 V                              ; 0.585 V                              ; 4.19e-10 s                  ; 1.53e-10 s                  ; Yes                        ; No                         ; 3.63 V                      ; 4.94e-06 V                  ; 3.69 V             ; -0.414 V           ; 0.134 V                             ; 0.585 V                             ; 4.19e-10 s                 ; 1.53e-10 s                 ; Yes                       ; No                        ;
; GPIO_0[16]          ; 3.3-V LVTTL  ; 0 s                 ; 0 s                 ; 3.63 V                       ; 4.72e-06 V                   ; 3.7 V               ; -0.49 V             ; 0.117 V                              ; 0.622 V                              ; 3.84e-10 s                  ; 1.48e-10 s                  ; Yes                        ; No                         ; 3.63 V                      ; 4.72e-06 V                  ; 3.7 V              ; -0.49 V            ; 0.117 V                             ; 0.622 V                             ; 3.84e-10 s                 ; 1.48e-10 s                 ; Yes                       ; No                        ;
; GPIO_0[17]          ; 3.3-V LVTTL  ; 0 s                 ; 0 s                 ; 3.63 V                       ; 4.72e-06 V                   ; 3.7 V               ; -0.49 V             ; 0.117 V                              ; 0.622 V                              ; 3.84e-10 s                  ; 1.48e-10 s                  ; Yes                        ; No                         ; 3.63 V                      ; 4.72e-06 V                  ; 3.7 V              ; -0.49 V            ; 0.117 V                             ; 0.622 V                             ; 3.84e-10 s                 ; 1.48e-10 s                 ; Yes                       ; No                        ;
; GPIO_0[18]          ; 3.3-V LVTTL  ; 0 s                 ; 0 s                 ; 3.63 V                       ; 4.72e-06 V                   ; 3.7 V               ; -0.49 V             ; 0.117 V                              ; 0.621 V                              ; 3.84e-10 s                  ; 1.48e-10 s                  ; Yes                        ; No                         ; 3.63 V                      ; 4.72e-06 V                  ; 3.7 V              ; -0.49 V            ; 0.117 V                             ; 0.621 V                             ; 3.84e-10 s                 ; 1.48e-10 s                 ; Yes                       ; No                        ;
; GPIO_0[19]          ; 3.3-V LVTTL  ; 0 s                 ; 0 s                 ; 3.63 V                       ; 3.63e-06 V                   ; 3.64 V              ; -0.326 V            ; 0.091 V                              ; 0.479 V                              ; 3.83e-10 s                  ; 1.5e-10 s                   ; Yes                        ; No                         ; 3.63 V                      ; 3.63e-06 V                  ; 3.64 V             ; -0.326 V           ; 0.091 V                             ; 0.479 V                             ; 3.83e-10 s                 ; 1.5e-10 s                  ; Yes                       ; No                        ;
; GPIO_0[20]          ; 3.3-V LVTTL  ; 0 s                 ; 0 s                 ; 3.63 V                       ; 4.94e-06 V                   ; 3.69 V              ; -0.414 V            ; 0.134 V                              ; 0.585 V                              ; 4.19e-10 s                  ; 1.53e-10 s                  ; Yes                        ; No                         ; 3.63 V                      ; 4.94e-06 V                  ; 3.69 V             ; -0.414 V           ; 0.134 V                             ; 0.585 V                             ; 4.19e-10 s                 ; 1.53e-10 s                 ; Yes                       ; No                        ;
; GPIO_0[21]          ; 3.3-V LVTTL  ; 0 s                 ; 0 s                 ; 3.63 V                       ; 3.63e-06 V                   ; 3.64 V              ; -0.326 V            ; 0.091 V                              ; 0.479 V                              ; 3.83e-10 s                  ; 1.5e-10 s                   ; Yes                        ; No                         ; 3.63 V                      ; 3.63e-06 V                  ; 3.64 V             ; -0.326 V           ; 0.091 V                             ; 0.479 V                             ; 3.83e-10 s                 ; 1.5e-10 s                  ; Yes                       ; No                        ;
; GPIO_0[22]          ; 3.3-V LVTTL  ; 0 s                 ; 0 s                 ; 3.63 V                       ; 3.63e-06 V                   ; 3.64 V              ; -0.326 V            ; 0.091 V                              ; 0.479 V                              ; 3.83e-10 s                  ; 1.5e-10 s                   ; Yes                        ; No                         ; 3.63 V                      ; 3.63e-06 V                  ; 3.64 V             ; -0.326 V           ; 0.091 V                             ; 0.479 V                             ; 3.83e-10 s                 ; 1.5e-10 s                  ; Yes                       ; No                        ;
; GPIO_0[23]          ; 3.3-V LVTTL  ; 0 s                 ; 0 s                 ; 3.63 V                       ; 3.63e-06 V                   ; 3.64 V              ; -0.326 V            ; 0.091 V                              ; 0.479 V                              ; 3.83e-10 s                  ; 1.5e-10 s                   ; Yes                        ; No                         ; 3.63 V                      ; 3.63e-06 V                  ; 3.64 V             ; -0.326 V           ; 0.091 V                             ; 0.479 V                             ; 3.83e-10 s                 ; 1.5e-10 s                  ; Yes                       ; No                        ;
; GPIO_0[24]          ; 3.3-V LVTTL  ; 0 s                 ; 0 s                 ; 3.63 V                       ; 4.94e-06 V                   ; 3.69 V              ; -0.414 V            ; 0.134 V                              ; 0.585 V                              ; 4.19e-10 s                  ; 1.53e-10 s                  ; Yes                        ; No                         ; 3.63 V                      ; 4.94e-06 V                  ; 3.69 V             ; -0.414 V           ; 0.134 V                             ; 0.585 V                             ; 4.19e-10 s                 ; 1.53e-10 s                 ; Yes                       ; No                        ;
; GPIO_0[25]          ; 3.3-V LVTTL  ; 0 s                 ; 0 s                 ; 3.63 V                       ; 4.94e-06 V                   ; 3.69 V              ; -0.414 V            ; 0.134 V                              ; 0.585 V                              ; 4.19e-10 s                  ; 1.53e-10 s                  ; Yes                        ; No                         ; 3.63 V                      ; 4.94e-06 V                  ; 3.69 V             ; -0.414 V           ; 0.134 V                             ; 0.585 V                             ; 4.19e-10 s                 ; 1.53e-10 s                 ; Yes                       ; No                        ;
; GPIO_0[26]          ; 3.3-V LVTTL  ; 0 s                 ; 0 s                 ; 3.63 V                       ; 3.63e-06 V                   ; 3.64 V              ; -0.326 V            ; 0.091 V                              ; 0.479 V                              ; 3.83e-10 s                  ; 1.5e-10 s                   ; Yes                        ; No                         ; 3.63 V                      ; 3.63e-06 V                  ; 3.64 V             ; -0.326 V           ; 0.091 V                             ; 0.479 V                             ; 3.83e-10 s                 ; 1.5e-10 s                  ; Yes                       ; No                        ;
; GPIO_0[27]          ; 3.3-V LVTTL  ; 0 s                 ; 0 s                 ; 3.63 V                       ; 4.72e-06 V                   ; 3.7 V               ; -0.49 V             ; 0.117 V                              ; 0.621 V                              ; 3.84e-10 s                  ; 1.48e-10 s                  ; Yes                        ; No                         ; 3.63 V                      ; 4.72e-06 V                  ; 3.7 V              ; -0.49 V            ; 0.117 V                             ; 0.621 V                             ; 3.84e-10 s                 ; 1.48e-10 s                 ; Yes                       ; No                        ;
; GPIO_1[0]           ; 3.3-V LVTTL  ; 0 s                 ; 0 s                 ; 3.63 V                       ; 4.94e-06 V                   ; 3.69 V              ; -0.414 V            ; 0.134 V                              ; 0.585 V                              ; 4.19e-10 s                  ; 1.53e-10 s                  ; Yes                        ; No                         ; 3.63 V                      ; 4.94e-06 V                  ; 3.69 V             ; -0.414 V           ; 0.134 V                             ; 0.585 V                             ; 4.19e-10 s                 ; 1.53e-10 s                 ; Yes                       ; No                        ;
; GPIO_1[1]           ; 3.3-V LVTTL  ; 0 s                 ; 0 s                 ; 3.63 V                       ; 4.72e-06 V                   ; 3.7 V               ; -0.49 V             ; 0.117 V                              ; 0.621 V                              ; 3.84e-10 s                  ; 1.48e-10 s                  ; Yes                        ; No                         ; 3.63 V                      ; 4.72e-06 V                  ; 3.7 V              ; -0.49 V            ; 0.117 V                             ; 0.621 V                             ; 3.84e-10 s                 ; 1.48e-10 s                 ; Yes                       ; No                        ;
; GPIO_1[2]           ; 3.3-V LVTTL  ; 0 s                 ; 0 s                 ; 3.63 V                       ; 3.63e-06 V                   ; 3.64 V              ; -0.326 V            ; 0.091 V                              ; 0.479 V                              ; 3.83e-10 s                  ; 1.5e-10 s                   ; Yes                        ; No                         ; 3.63 V                      ; 3.63e-06 V                  ; 3.64 V             ; -0.326 V           ; 0.091 V                             ; 0.479 V                             ; 3.83e-10 s                 ; 1.5e-10 s                  ; Yes                       ; No                        ;
; GPIO_1[3]           ; 3.3-V LVTTL  ; 0 s                 ; 0 s                 ; 3.63 V                       ; 4.72e-06 V                   ; 3.7 V               ; -0.49 V             ; 0.117 V                              ; 0.622 V                              ; 3.84e-10 s                  ; 1.48e-10 s                  ; Yes                        ; No                         ; 3.63 V                      ; 4.72e-06 V                  ; 3.7 V              ; -0.49 V            ; 0.117 V                             ; 0.622 V                             ; 3.84e-10 s                 ; 1.48e-10 s                 ; Yes                       ; No                        ;
; GPIO_1[4]           ; 3.3-V LVTTL  ; 0 s                 ; 0 s                 ; 3.63 V                       ; 4.72e-06 V                   ; 3.7 V               ; -0.49 V             ; 0.117 V                              ; 0.621 V                              ; 3.84e-10 s                  ; 1.48e-10 s                  ; Yes                        ; No                         ; 3.63 V                      ; 4.72e-06 V                  ; 3.7 V              ; -0.49 V            ; 0.117 V                             ; 0.621 V                             ; 3.84e-10 s                 ; 1.48e-10 s                 ; Yes                       ; No                        ;
; GPIO_1[5]           ; 3.3-V LVTTL  ; 0 s                 ; 0 s                 ; 3.63 V                       ; 4.72e-06 V                   ; 3.7 V               ; -0.49 V             ; 0.117 V                              ; 0.622 V                              ; 3.84e-10 s                  ; 1.48e-10 s                  ; Yes                        ; No                         ; 3.63 V                      ; 4.72e-06 V                  ; 3.7 V              ; -0.49 V            ; 0.117 V                             ; 0.622 V                             ; 3.84e-10 s                 ; 1.48e-10 s                 ; Yes                       ; No                        ;
; GPIO_1[6]           ; 3.3-V LVTTL  ; 0 s                 ; 0 s                 ; 3.63 V                       ; 3.63e-06 V                   ; 3.64 V              ; -0.326 V            ; 0.091 V                              ; 0.479 V                              ; 3.83e-10 s                  ; 1.5e-10 s                   ; Yes                        ; No                         ; 3.63 V                      ; 3.63e-06 V                  ; 3.64 V             ; -0.326 V           ; 0.091 V                             ; 0.479 V                             ; 3.83e-10 s                 ; 1.5e-10 s                  ; Yes                       ; No                        ;
; GPIO_1[7]           ; 3.3-V LVTTL  ; 0 s                 ; 0 s                 ; 3.63 V                       ; 4.94e-06 V                   ; 3.69 V              ; -0.414 V            ; 0.134 V                              ; 0.585 V                              ; 4.19e-10 s                  ; 1.53e-10 s                  ; Yes                        ; No                         ; 3.63 V                      ; 4.94e-06 V                  ; 3.69 V             ; -0.414 V           ; 0.134 V                             ; 0.585 V                             ; 4.19e-10 s                 ; 1.53e-10 s                 ; Yes                       ; No                        ;
; GPIO_1[8]           ; 3.3-V LVTTL  ; 0 s                 ; 0 s                 ; 3.63 V                       ; 4.94e-06 V                   ; 3.69 V              ; -0.414 V            ; 0.134 V                              ; 0.585 V                              ; 4.19e-10 s                  ; 1.53e-10 s                  ; Yes                        ; No                         ; 3.63 V                      ; 4.94e-06 V                  ; 3.69 V             ; -0.414 V           ; 0.134 V                             ; 0.585 V                             ; 4.19e-10 s                 ; 1.53e-10 s                 ; Yes                       ; No                        ;
; GPIO_1[9]           ; 3.3-V LVTTL  ; 0 s                 ; 0 s                 ; 3.63 V                       ; 4.72e-06 V                   ; 3.7 V               ; -0.49 V             ; 0.117 V                              ; 0.622 V                              ; 3.84e-10 s                  ; 1.48e-10 s                  ; Yes                        ; No                         ; 3.63 V                      ; 4.72e-06 V                  ; 3.7 V              ; -0.49 V            ; 0.117 V                             ; 0.622 V                             ; 3.84e-10 s                 ; 1.48e-10 s                 ; Yes                       ; No                        ;
; GPIO_1[10]          ; 3.3-V LVTTL  ; 0 s                 ; 0 s                 ; 3.63 V                       ; 3.63e-06 V                   ; 3.64 V              ; -0.326 V            ; 0.091 V                              ; 0.479 V                              ; 3.83e-10 s                  ; 1.5e-10 s                   ; Yes                        ; No                         ; 3.63 V                      ; 3.63e-06 V                  ; 3.64 V             ; -0.326 V           ; 0.091 V                             ; 0.479 V                             ; 3.83e-10 s                 ; 1.5e-10 s                  ; Yes                       ; No                        ;
; GPIO_1[11]          ; 3.3-V LVTTL  ; 0 s                 ; 0 s                 ; 3.63 V                       ; 4.72e-06 V                   ; 3.7 V               ; -0.49 V             ; 0.117 V                              ; 0.621 V                              ; 3.84e-10 s                  ; 1.48e-10 s                  ; Yes                        ; No                         ; 3.63 V                      ; 4.72e-06 V                  ; 3.7 V              ; -0.49 V            ; 0.117 V                             ; 0.621 V                             ; 3.84e-10 s                 ; 1.48e-10 s                 ; Yes                       ; No                        ;
; GPIO_1[12]          ; 3.3-V LVTTL  ; 0 s                 ; 0 s                 ; 3.63 V                       ; 4.72e-06 V                   ; 3.7 V               ; -0.49 V             ; 0.117 V                              ; 0.622 V                              ; 3.84e-10 s                  ; 1.48e-10 s                  ; Yes                        ; No                         ; 3.63 V                      ; 4.72e-06 V                  ; 3.7 V              ; -0.49 V            ; 0.117 V                             ; 0.622 V                             ; 3.84e-10 s                 ; 1.48e-10 s                 ; Yes                       ; No                        ;
; GPIO_1[13]          ; 3.3-V LVTTL  ; 0 s                 ; 0 s                 ; 3.63 V                       ; 4.72e-06 V                   ; 3.7 V               ; -0.49 V             ; 0.117 V                              ; 0.622 V                              ; 3.84e-10 s                  ; 1.48e-10 s                  ; Yes                        ; No                         ; 3.63 V                      ; 4.72e-06 V                  ; 3.7 V              ; -0.49 V            ; 0.117 V                             ; 0.622 V                             ; 3.84e-10 s                 ; 1.48e-10 s                 ; Yes                       ; No                        ;
; GPIO_1[14]          ; 3.3-V LVTTL  ; 0 s                 ; 0 s                 ; 3.63 V                       ; 4.72e-06 V                   ; 3.7 V               ; -0.49 V             ; 0.117 V                              ; 0.621 V                              ; 3.84e-10 s                  ; 1.48e-10 s                  ; Yes                        ; No                         ; 3.63 V                      ; 4.72e-06 V                  ; 3.7 V              ; -0.49 V            ; 0.117 V                             ; 0.621 V                             ; 3.84e-10 s                 ; 1.48e-10 s                 ; Yes                       ; No                        ;
; GPIO_1[15]          ; 3.3-V LVTTL  ; 0 s                 ; 0 s                 ; 3.63 V                       ; 4.72e-06 V                   ; 3.7 V               ; -0.49 V             ; 0.117 V                              ; 0.622 V                              ; 3.84e-10 s                  ; 1.48e-10 s                  ; Yes                        ; No                         ; 3.63 V                      ; 4.72e-06 V                  ; 3.7 V              ; -0.49 V            ; 0.117 V                             ; 0.622 V                             ; 3.84e-10 s                 ; 1.48e-10 s                 ; Yes                       ; No                        ;
; GPIO_1[16]          ; 3.3-V LVTTL  ; 0 s                 ; 0 s                 ; 3.63 V                       ; 4.94e-06 V                   ; 3.69 V              ; -0.414 V            ; 0.134 V                              ; 0.585 V                              ; 4.19e-10 s                  ; 1.53e-10 s                  ; Yes                        ; No                         ; 3.63 V                      ; 4.94e-06 V                  ; 3.69 V             ; -0.414 V           ; 0.134 V                             ; 0.585 V                             ; 4.19e-10 s                 ; 1.53e-10 s                 ; Yes                       ; No                        ;
; GPIO_1[17]          ; 3.3-V LVTTL  ; 0 s                 ; 0 s                 ; 3.63 V                       ; 4.72e-06 V                   ; 3.7 V               ; -0.49 V             ; 0.117 V                              ; 0.622 V                              ; 3.84e-10 s                  ; 1.48e-10 s                  ; Yes                        ; No                         ; 3.63 V                      ; 4.72e-06 V                  ; 3.7 V              ; -0.49 V            ; 0.117 V                             ; 0.622 V                             ; 3.84e-10 s                 ; 1.48e-10 s                 ; Yes                       ; No                        ;
; GPIO_1[18]          ; 3.3-V LVTTL  ; 0 s                 ; 0 s                 ; 3.63 V                       ; 3.63e-06 V                   ; 3.64 V              ; -0.326 V            ; 0.091 V                              ; 0.479 V                              ; 3.83e-10 s                  ; 1.5e-10 s                   ; Yes                        ; No                         ; 3.63 V                      ; 3.63e-06 V                  ; 3.64 V             ; -0.326 V           ; 0.091 V                             ; 0.479 V                             ; 3.83e-10 s                 ; 1.5e-10 s                  ; Yes                       ; No                        ;
; GPIO_1[19]          ; 3.3-V LVTTL  ; 0 s                 ; 0 s                 ; 3.63 V                       ; 4.72e-06 V                   ; 3.7 V               ; -0.49 V             ; 0.117 V                              ; 0.622 V                              ; 3.84e-10 s                  ; 1.48e-10 s                  ; Yes                        ; No                         ; 3.63 V                      ; 4.72e-06 V                  ; 3.7 V              ; -0.49 V            ; 0.117 V                             ; 0.622 V                             ; 3.84e-10 s                 ; 1.48e-10 s                 ; Yes                       ; No                        ;
; GPIO_1[20]          ; 3.3-V LVTTL  ; 0 s                 ; 0 s                 ; 3.63 V                       ; 4.72e-06 V                   ; 3.7 V               ; -0.49 V             ; 0.117 V                              ; 0.621 V                              ; 3.84e-10 s                  ; 1.48e-10 s                  ; Yes                        ; No                         ; 3.63 V                      ; 4.72e-06 V                  ; 3.7 V              ; -0.49 V            ; 0.117 V                             ; 0.621 V                             ; 3.84e-10 s                 ; 1.48e-10 s                 ; Yes                       ; No                        ;
; GPIO_1[21]          ; 3.3-V LVTTL  ; 0 s                 ; 0 s                 ; 3.63 V                       ; 3.63e-06 V                   ; 3.64 V              ; -0.326 V            ; 0.091 V                              ; 0.479 V                              ; 3.83e-10 s                  ; 1.5e-10 s                   ; Yes                        ; No                         ; 3.63 V                      ; 3.63e-06 V                  ; 3.64 V             ; -0.326 V           ; 0.091 V                             ; 0.479 V                             ; 3.83e-10 s                 ; 1.5e-10 s                  ; Yes                       ; No                        ;
; GPIO_1[22]          ; 3.3-V LVTTL  ; 0 s                 ; 0 s                 ; 3.63 V                       ; 4.94e-06 V                   ; 3.69 V              ; -0.414 V            ; 0.134 V                              ; 0.585 V                              ; 4.19e-10 s                  ; 1.53e-10 s                  ; Yes                        ; No                         ; 3.63 V                      ; 4.94e-06 V                  ; 3.69 V             ; -0.414 V           ; 0.134 V                             ; 0.585 V                             ; 4.19e-10 s                 ; 1.53e-10 s                 ; Yes                       ; No                        ;
; GPIO_1[23]          ; 3.3-V LVTTL  ; 0 s                 ; 0 s                 ; 3.63 V                       ; 4.94e-06 V                   ; 3.69 V              ; -0.414 V            ; 0.134 V                              ; 0.585 V                              ; 4.19e-10 s                  ; 1.53e-10 s                  ; Yes                        ; No                         ; 3.63 V                      ; 4.94e-06 V                  ; 3.69 V             ; -0.414 V           ; 0.134 V                             ; 0.585 V                             ; 4.19e-10 s                 ; 1.53e-10 s                 ; Yes                       ; No                        ;
; GPIO_1[24]          ; 3.3-V LVTTL  ; 0 s                 ; 0 s                 ; 3.63 V                       ; 4.94e-06 V                   ; 3.69 V              ; -0.414 V            ; 0.134 V                              ; 0.585 V                              ; 4.19e-10 s                  ; 1.53e-10 s                  ; Yes                        ; No                         ; 3.63 V                      ; 4.94e-06 V                  ; 3.69 V             ; -0.414 V           ; 0.134 V                             ; 0.585 V                             ; 4.19e-10 s                 ; 1.53e-10 s                 ; Yes                       ; No                        ;
; GPIO_1[25]          ; 3.3-V LVTTL  ; 0 s                 ; 0 s                 ; 3.63 V                       ; 3.63e-06 V                   ; 3.64 V              ; -0.326 V            ; 0.091 V                              ; 0.479 V                              ; 3.83e-10 s                  ; 1.5e-10 s                   ; Yes                        ; No                         ; 3.63 V                      ; 3.63e-06 V                  ; 3.64 V             ; -0.326 V           ; 0.091 V                             ; 0.479 V                             ; 3.83e-10 s                 ; 1.5e-10 s                  ; Yes                       ; No                        ;
; GPIO_1[26]          ; 3.3-V LVTTL  ; 0 s                 ; 0 s                 ; 3.63 V                       ; 4.72e-06 V                   ; 3.7 V               ; -0.49 V             ; 0.117 V                              ; 0.621 V                              ; 3.84e-10 s                  ; 1.48e-10 s                  ; Yes                        ; No                         ; 3.63 V                      ; 4.72e-06 V                  ; 3.7 V              ; -0.49 V            ; 0.117 V                             ; 0.621 V                             ; 3.84e-10 s                 ; 1.48e-10 s                 ; Yes                       ; No                        ;
; GPIO_1[27]          ; 3.3-V LVTTL  ; 0 s                 ; 0 s                 ; 3.63 V                       ; 3.63e-06 V                   ; 3.64 V              ; -0.326 V            ; 0.091 V                              ; 0.479 V                              ; 3.83e-10 s                  ; 1.5e-10 s                   ; Yes                        ; No                         ; 3.63 V                      ; 3.63e-06 V                  ; 3.64 V             ; -0.326 V           ; 0.091 V                             ; 0.479 V                             ; 3.83e-10 s                 ; 1.5e-10 s                  ; Yes                       ; No                        ;
; GPIO_1[28]          ; 3.3-V LVTTL  ; 0 s                 ; 0 s                 ; 3.63 V                       ; 3.63e-06 V                   ; 3.64 V              ; -0.326 V            ; 0.091 V                              ; 0.479 V                              ; 3.83e-10 s                  ; 1.5e-10 s                   ; Yes                        ; No                         ; 3.63 V                      ; 3.63e-06 V                  ; 3.64 V             ; -0.326 V           ; 0.091 V                             ; 0.479 V                             ; 3.83e-10 s                 ; 1.5e-10 s                  ; Yes                       ; No                        ;
; GPIO_1[29]          ; 3.3-V LVTTL  ; 0 s                 ; 0 s                 ; 3.63 V                       ; 4.72e-06 V                   ; 3.7 V               ; -0.49 V             ; 0.117 V                              ; 0.621 V                              ; 3.84e-10 s                  ; 1.48e-10 s                  ; Yes                        ; No                         ; 3.63 V                      ; 4.72e-06 V                  ; 3.7 V              ; -0.49 V            ; 0.117 V                             ; 0.621 V                             ; 3.84e-10 s                 ; 1.48e-10 s                 ; Yes                       ; No                        ;
; GPIO_1[30]          ; 3.3-V LVTTL  ; 0 s                 ; 0 s                 ; 3.63 V                       ; 4.72e-06 V                   ; 3.7 V               ; -0.49 V             ; 0.117 V                              ; 0.621 V                              ; 3.84e-10 s                  ; 1.48e-10 s                  ; Yes                        ; No                         ; 3.63 V                      ; 4.72e-06 V                  ; 3.7 V              ; -0.49 V            ; 0.117 V                             ; 0.621 V                             ; 3.84e-10 s                 ; 1.48e-10 s                 ; Yes                       ; No                        ;
; GPIO_1[31]          ; 3.3-V LVTTL  ; 0 s                 ; 0 s                 ; 3.63 V                       ; 4.72e-06 V                   ; 3.7 V               ; -0.49 V             ; 0.117 V                              ; 0.622 V                              ; 3.84e-10 s                  ; 1.48e-10 s                  ; Yes                        ; No                         ; 3.63 V                      ; 4.72e-06 V                  ; 3.7 V              ; -0.49 V            ; 0.117 V                             ; 0.622 V                             ; 3.84e-10 s                 ; 1.48e-10 s                 ; Yes                       ; No                        ;
; GPIO_1[32]          ; 3.3-V LVTTL  ; 0 s                 ; 0 s                 ; 3.63 V                       ; 3.63e-06 V                   ; 3.64 V              ; -0.326 V            ; 0.091 V                              ; 0.479 V                              ; 3.83e-10 s                  ; 1.5e-10 s                   ; Yes                        ; No                         ; 3.63 V                      ; 3.63e-06 V                  ; 3.64 V             ; -0.326 V           ; 0.091 V                             ; 0.479 V                             ; 3.83e-10 s                 ; 1.5e-10 s                  ; Yes                       ; No                        ;
; GPIO_1[33]          ; 3.3-V LVTTL  ; 0 s                 ; 0 s                 ; 3.63 V                       ; 3.63e-06 V                   ; 3.64 V              ; -0.326 V            ; 0.091 V                              ; 0.479 V                              ; 3.83e-10 s                  ; 1.5e-10 s                   ; Yes                        ; No                         ; 3.63 V                      ; 3.63e-06 V                  ; 3.64 V             ; -0.326 V           ; 0.091 V                             ; 0.479 V                             ; 3.83e-10 s                 ; 1.5e-10 s                  ; Yes                       ; No                        ;
; GPIO_1[34]          ; 3.3-V LVTTL  ; 0 s                 ; 0 s                 ; 3.63 V                       ; 4.72e-06 V                   ; 3.7 V               ; -0.49 V             ; 0.117 V                              ; 0.622 V                              ; 3.84e-10 s                  ; 1.48e-10 s                  ; Yes                        ; No                         ; 3.63 V                      ; 4.72e-06 V                  ; 3.7 V              ; -0.49 V            ; 0.117 V                             ; 0.622 V                             ; 3.84e-10 s                 ; 1.48e-10 s                 ; Yes                       ; No                        ;
; GPIO_1[35]          ; 3.3-V LVTTL  ; 0 s                 ; 0 s                 ; 3.63 V                       ; 4.72e-06 V                   ; 3.7 V               ; -0.49 V             ; 0.117 V                              ; 0.621 V                              ; 3.84e-10 s                  ; 1.48e-10 s                  ; Yes                        ; No                         ; 3.63 V                      ; 4.72e-06 V                  ; 3.7 V              ; -0.49 V            ; 0.117 V                             ; 0.621 V                             ; 3.84e-10 s                 ; 1.48e-10 s                 ; Yes                       ; No                        ;
; PS2_CLK             ; 3.3-V LVTTL  ; 0 s                 ; 0 s                 ; 3.63 V                       ; 4.94e-06 V                   ; 3.69 V              ; -0.414 V            ; 0.134 V                              ; 0.585 V                              ; 4.19e-10 s                  ; 1.53e-10 s                  ; Yes                        ; No                         ; 3.63 V                      ; 4.94e-06 V                  ; 3.69 V             ; -0.414 V           ; 0.134 V                             ; 0.585 V                             ; 4.19e-10 s                 ; 1.53e-10 s                 ; Yes                       ; No                        ;
; PS2_CLK2            ; 3.3-V LVTTL  ; 0 s                 ; 0 s                 ; 3.63 V                       ; 3.63e-06 V                   ; 3.64 V              ; -0.326 V            ; 0.091 V                              ; 0.479 V                              ; 3.83e-10 s                  ; 1.5e-10 s                   ; Yes                        ; No                         ; 3.63 V                      ; 3.63e-06 V                  ; 3.64 V             ; -0.326 V           ; 0.091 V                             ; 0.479 V                             ; 3.83e-10 s                 ; 1.5e-10 s                  ; Yes                       ; No                        ;
; PS2_DAT             ; 3.3-V LVTTL  ; 0 s                 ; 0 s                 ; 3.63 V                       ; 4.94e-06 V                   ; 3.69 V              ; -0.414 V            ; 0.134 V                              ; 0.585 V                              ; 4.19e-10 s                  ; 1.53e-10 s                  ; Yes                        ; No                         ; 3.63 V                      ; 4.94e-06 V                  ; 3.69 V             ; -0.414 V           ; 0.134 V                             ; 0.585 V                             ; 4.19e-10 s                 ; 1.53e-10 s                 ; Yes                       ; No                        ;
; PS2_DAT2            ; 3.3-V LVTTL  ; 0 s                 ; 0 s                 ; 3.63 V                       ; 3.63e-06 V                   ; 3.64 V              ; -0.326 V            ; 0.091 V                              ; 0.479 V                              ; 3.83e-10 s                  ; 1.5e-10 s                   ; Yes                        ; No                         ; 3.63 V                      ; 3.63e-06 V                  ; 3.64 V             ; -0.326 V           ; 0.091 V                             ; 0.479 V                             ; 3.83e-10 s                 ; 1.5e-10 s                  ; Yes                       ; No                        ;
; SD_CMD              ; 3.3-V LVTTL  ; 0 s                 ; 0 s                 ; 3.63 V                       ; 4.72e-06 V                   ; 3.7 V               ; -0.49 V             ; 0.117 V                              ; 0.621 V                              ; 3.84e-10 s                  ; 1.48e-10 s                  ; Yes                        ; No                         ; 3.63 V                      ; 4.72e-06 V                  ; 3.7 V              ; -0.49 V            ; 0.117 V                             ; 0.621 V                             ; 3.84e-10 s                 ; 1.48e-10 s                 ; Yes                       ; No                        ;
; SD_DATA[0]          ; 3.3-V LVTTL  ; 0 s                 ; 0 s                 ; 3.63 V                       ; 4.72e-06 V                   ; 3.7 V               ; -0.49 V             ; 0.117 V                              ; 0.621 V                              ; 3.84e-10 s                  ; 1.48e-10 s                  ; Yes                        ; No                         ; 3.63 V                      ; 4.72e-06 V                  ; 3.7 V              ; -0.49 V            ; 0.117 V                             ; 0.621 V                             ; 3.84e-10 s                 ; 1.48e-10 s                 ; Yes                       ; No                        ;
; SD_DATA[1]          ; 3.3-V LVTTL  ; 0 s                 ; 0 s                 ; 3.63 V                       ; 4.94e-06 V                   ; 3.69 V              ; -0.414 V            ; 0.134 V                              ; 0.585 V                              ; 4.19e-10 s                  ; 1.53e-10 s                  ; Yes                        ; No                         ; 3.63 V                      ; 4.94e-06 V                  ; 3.69 V             ; -0.414 V           ; 0.134 V                             ; 0.585 V                             ; 4.19e-10 s                 ; 1.53e-10 s                 ; Yes                       ; No                        ;
; SD_DATA[2]          ; 3.3-V LVTTL  ; 0 s                 ; 0 s                 ; 3.63 V                       ; 3.63e-06 V                   ; 3.64 V              ; -0.326 V            ; 0.091 V                              ; 0.479 V                              ; 3.83e-10 s                  ; 1.5e-10 s                   ; Yes                        ; No                         ; 3.63 V                      ; 3.63e-06 V                  ; 3.64 V             ; -0.326 V           ; 0.091 V                             ; 0.479 V                             ; 3.83e-10 s                 ; 1.5e-10 s                  ; Yes                       ; No                        ;
; SD_DATA[3]          ; 3.3-V LVTTL  ; 0 s                 ; 0 s                 ; 3.63 V                       ; 4.72e-06 V                   ; 3.7 V               ; -0.49 V             ; 0.117 V                              ; 0.622 V                              ; 3.84e-10 s                  ; 1.48e-10 s                  ; Yes                        ; No                         ; 3.63 V                      ; 4.72e-06 V                  ; 3.7 V              ; -0.49 V            ; 0.117 V                             ; 0.622 V                             ; 3.84e-10 s                 ; 1.48e-10 s                 ; Yes                       ; No                        ;
; GPIO_0[0]           ; 3.3-V LVTTL  ; 0 s                 ; 0 s                 ; 3.63 V                       ; 4.94e-06 V                   ; 3.69 V              ; -0.414 V            ; 0.134 V                              ; 0.585 V                              ; 4.19e-10 s                  ; 1.53e-10 s                  ; Yes                        ; No                         ; 3.63 V                      ; 4.94e-06 V                  ; 3.69 V             ; -0.414 V           ; 0.134 V                             ; 0.585 V                             ; 4.19e-10 s                 ; 1.53e-10 s                 ; Yes                       ; No                        ;
; GPIO_0[1]           ; 3.3-V LVTTL  ; 0 s                 ; 0 s                 ; 3.63 V                       ; 4.72e-06 V                   ; 3.7 V               ; -0.49 V             ; 0.117 V                              ; 0.622 V                              ; 3.84e-10 s                  ; 1.48e-10 s                  ; Yes                        ; No                         ; 3.63 V                      ; 4.72e-06 V                  ; 3.7 V              ; -0.49 V            ; 0.117 V                             ; 0.622 V                             ; 3.84e-10 s                 ; 1.48e-10 s                 ; Yes                       ; No                        ;
; GPIO_0[2]           ; 3.3-V LVTTL  ; 0 s                 ; 0 s                 ; 3.63 V                       ; 3.63e-06 V                   ; 3.64 V              ; -0.326 V            ; 0.091 V                              ; 0.479 V                              ; 3.83e-10 s                  ; 1.5e-10 s                   ; Yes                        ; No                         ; 3.63 V                      ; 3.63e-06 V                  ; 3.64 V             ; -0.326 V           ; 0.091 V                             ; 0.479 V                             ; 3.83e-10 s                 ; 1.5e-10 s                  ; Yes                       ; No                        ;
; GPIO_0[3]           ; 3.3-V LVTTL  ; 0 s                 ; 0 s                 ; 3.63 V                       ; 4.72e-06 V                   ; 3.7 V               ; -0.49 V             ; 0.117 V                              ; 0.621 V                              ; 3.84e-10 s                  ; 1.48e-10 s                  ; Yes                        ; No                         ; 3.63 V                      ; 4.72e-06 V                  ; 3.7 V              ; -0.49 V            ; 0.117 V                             ; 0.621 V                             ; 3.84e-10 s                 ; 1.48e-10 s                 ; Yes                       ; No                        ;
; GPIO_0[4]           ; 3.3-V LVTTL  ; 0 s                 ; 0 s                 ; 3.63 V                       ; 4.94e-06 V                   ; 3.69 V              ; -0.414 V            ; 0.134 V                              ; 0.585 V                              ; 4.19e-10 s                  ; 1.53e-10 s                  ; Yes                        ; No                         ; 3.63 V                      ; 4.94e-06 V                  ; 3.69 V             ; -0.414 V           ; 0.134 V                             ; 0.585 V                             ; 4.19e-10 s                 ; 1.53e-10 s                 ; Yes                       ; No                        ;
; GPIO_0[5]           ; 3.3-V LVTTL  ; 0 s                 ; 0 s                 ; 3.63 V                       ; 4.94e-06 V                   ; 3.69 V              ; -0.414 V            ; 0.134 V                              ; 0.585 V                              ; 4.19e-10 s                  ; 1.53e-10 s                  ; Yes                        ; No                         ; 3.63 V                      ; 4.94e-06 V                  ; 3.69 V             ; -0.414 V           ; 0.134 V                             ; 0.585 V                             ; 4.19e-10 s                 ; 1.53e-10 s                 ; Yes                       ; No                        ;
; GPIO_0[28]          ; 3.3-V LVTTL  ; 0 s                 ; 0 s                 ; 3.63 V                       ; 3.63e-06 V                   ; 3.64 V              ; -0.326 V            ; 0.091 V                              ; 0.479 V                              ; 3.83e-10 s                  ; 1.5e-10 s                   ; Yes                        ; No                         ; 3.63 V                      ; 3.63e-06 V                  ; 3.64 V             ; -0.326 V           ; 0.091 V                             ; 0.479 V                             ; 3.83e-10 s                 ; 1.5e-10 s                  ; Yes                       ; No                        ;
; GPIO_0[29]          ; 3.3-V LVTTL  ; 0 s                 ; 0 s                 ; 3.63 V                       ; 3.63e-06 V                   ; 3.64 V              ; -0.326 V            ; 0.091 V                              ; 0.479 V                              ; 3.83e-10 s                  ; 1.5e-10 s                   ; Yes                        ; No                         ; 3.63 V                      ; 3.63e-06 V                  ; 3.64 V             ; -0.326 V           ; 0.091 V                             ; 0.479 V                             ; 3.83e-10 s                 ; 1.5e-10 s                  ; Yes                       ; No                        ;
; GPIO_0[30]          ; 3.3-V LVTTL  ; 0 s                 ; 0 s                 ; 3.63 V                       ; 4.94e-06 V                   ; 3.69 V              ; -0.414 V            ; 0.134 V                              ; 0.585 V                              ; 4.19e-10 s                  ; 1.53e-10 s                  ; Yes                        ; No                         ; 3.63 V                      ; 4.94e-06 V                  ; 3.69 V             ; -0.414 V           ; 0.134 V                             ; 0.585 V                             ; 4.19e-10 s                 ; 1.53e-10 s                 ; Yes                       ; No                        ;
; GPIO_0[31]          ; 3.3-V LVTTL  ; 0 s                 ; 0 s                 ; 3.63 V                       ; 4.72e-06 V                   ; 3.7 V               ; -0.49 V             ; 0.117 V                              ; 0.621 V                              ; 3.84e-10 s                  ; 1.48e-10 s                  ; Yes                        ; No                         ; 3.63 V                      ; 4.72e-06 V                  ; 3.7 V              ; -0.49 V            ; 0.117 V                             ; 0.621 V                             ; 3.84e-10 s                 ; 1.48e-10 s                 ; Yes                       ; No                        ;
; GPIO_0[32]          ; 3.3-V LVTTL  ; 0 s                 ; 0 s                 ; 3.63 V                       ; 4.72e-06 V                   ; 3.7 V               ; -0.49 V             ; 0.117 V                              ; 0.622 V                              ; 3.84e-10 s                  ; 1.48e-10 s                  ; Yes                        ; No                         ; 3.63 V                      ; 4.72e-06 V                  ; 3.7 V              ; -0.49 V            ; 0.117 V                             ; 0.622 V                             ; 3.84e-10 s                 ; 1.48e-10 s                 ; Yes                       ; No                        ;
; GPIO_0[33]          ; 3.3-V LVTTL  ; 0 s                 ; 0 s                 ; 3.63 V                       ; 4.94e-06 V                   ; 3.69 V              ; -0.414 V            ; 0.134 V                              ; 0.585 V                              ; 4.19e-10 s                  ; 1.53e-10 s                  ; Yes                        ; No                         ; 3.63 V                      ; 4.94e-06 V                  ; 3.69 V             ; -0.414 V           ; 0.134 V                             ; 0.585 V                             ; 4.19e-10 s                 ; 1.53e-10 s                 ; Yes                       ; No                        ;
; GPIO_0[34]          ; 3.3-V LVTTL  ; 0 s                 ; 0 s                 ; 3.63 V                       ; 3.63e-06 V                   ; 3.64 V              ; -0.326 V            ; 0.091 V                              ; 0.479 V                              ; 3.83e-10 s                  ; 1.5e-10 s                   ; Yes                        ; No                         ; 3.63 V                      ; 3.63e-06 V                  ; 3.64 V             ; -0.326 V           ; 0.091 V                             ; 0.479 V                             ; 3.83e-10 s                 ; 1.5e-10 s                  ; Yes                       ; No                        ;
; GPIO_0[35]          ; 3.3-V LVTTL  ; 0 s                 ; 0 s                 ; 3.63 V                       ; 4.94e-06 V                   ; 3.69 V              ; -0.414 V            ; 0.134 V                              ; 0.585 V                              ; 4.19e-10 s                  ; 1.53e-10 s                  ; Yes                        ; No                         ; 3.63 V                      ; 4.94e-06 V                  ; 3.69 V             ; -0.414 V           ; 0.134 V                             ; 0.585 V                             ; 4.19e-10 s                 ; 1.53e-10 s                 ; Yes                       ; No                        ;
; altera_reserved_tdo ; 3.3-V LVTTL  ; 0 s                 ; 0 s                 ; 3.63 V                       ; 6.35e-06 V                   ; 3.69 V              ; -0.125 V            ; 0.384 V                              ; 0.202 V                              ; 4.63e-10 s                  ; 2.66e-10 s                  ; No                         ; Yes                        ; 3.63 V                      ; 6.35e-06 V                  ; 3.69 V             ; -0.125 V           ; 0.384 V                             ; 0.202 V                             ; 4.63e-10 s                 ; 2.66e-10 s                 ; No                        ; Yes                       ;
+---------------------+--------------+---------------------+---------------------+------------------------------+------------------------------+---------------------+---------------------+--------------------------------------+--------------------------------------+-----------------------------+-----------------------------+----------------------------+----------------------------+-----------------------------+-----------------------------+--------------------+--------------------+-------------------------------------+-------------------------------------+----------------------------+----------------------------+---------------------------+---------------------------+


+--------------------------------------------------------------------------------------------------------------------------------------------------------------------------------------------------------------------------------------------------------------------------------------------------------------------------------------------------------------------------------------------------------------------------------------------------------------------------------------------------------------------------------------------------------------------------------------------------------------------------------------------------------------------------------------------------+
; Signal Integrity Metrics (Fast 1100mv 85c Model)                                                                                                                                                                                                                                                                                                                                                                                                                                                                                                                                                                                                                                                 ;
+---------------------+--------------+---------------------+---------------------+------------------------------+------------------------------+---------------------+---------------------+--------------------------------------+--------------------------------------+-----------------------------+-----------------------------+----------------------------+----------------------------+-----------------------------+-----------------------------+--------------------+--------------------+-------------------------------------+-------------------------------------+----------------------------+----------------------------+---------------------------+---------------------------+
; Pin                 ; I/O Standard ; Board Delay on Rise ; Board Delay on Fall ; Steady State Voh at FPGA Pin ; Steady State Vol at FPGA Pin ; Voh Max at FPGA Pin ; Vol Min at FPGA Pin ; Ringback Voltage on Rise at FPGA Pin ; Ringback Voltage on Fall at FPGA Pin ; 10-90 Rise Time at FPGA Pin ; 90-10 Fall Time at FPGA Pin ; Monotonic Rise at FPGA Pin ; Monotonic Fall at FPGA Pin ; Steady State Voh at Far-end ; Steady State Vol at Far-end ; Voh Max at Far-end ; Vol Min at Far-end ; Ringback Voltage on Rise at Far-end ; Ringback Voltage on Fall at Far-end ; 10-90 Rise Time at Far-end ; 90-10 Fall Time at Far-end ; Monotonic Rise at Far-end ; Monotonic Fall at Far-end ;
+---------------------+--------------+---------------------+---------------------+------------------------------+------------------------------+---------------------+---------------------+--------------------------------------+--------------------------------------+-----------------------------+-----------------------------+----------------------------+----------------------------+-----------------------------+-----------------------------+--------------------+--------------------+-------------------------------------+-------------------------------------+----------------------------+----------------------------+---------------------------+---------------------------+
; DRAM_ADDR[0]        ; 3.3-V LVTTL  ; 0 s                 ; 0 s                 ; 3.63 V                       ; 0.000229 V                   ; 3.65 V              ; -0.319 V            ; 0.041 V                              ; 0.528 V                              ; 4.29e-10 s                  ; 1.87e-10 s                  ; Yes                        ; No                         ; 3.63 V                      ; 0.000229 V                  ; 3.65 V             ; -0.319 V           ; 0.041 V                             ; 0.528 V                             ; 4.29e-10 s                 ; 1.87e-10 s                 ; Yes                       ; No                        ;
; DRAM_ADDR[1]        ; 3.3-V LVTTL  ; 0 s                 ; 0 s                 ; 3.63 V                       ; 0.000238 V                   ; 3.64 V              ; -0.254 V            ; 0.052 V                              ; 0.543 V                              ; 4.59e-10 s                  ; 1.96e-10 s                  ; Yes                        ; No                         ; 3.63 V                      ; 0.000238 V                  ; 3.64 V             ; -0.254 V           ; 0.052 V                             ; 0.543 V                             ; 4.59e-10 s                 ; 1.96e-10 s                 ; Yes                       ; No                        ;
; DRAM_ADDR[2]        ; 3.3-V LVTTL  ; 0 s                 ; 0 s                 ; 3.63 V                       ; 0.000184 V                   ; 3.64 V              ; -0.19 V             ; 0.019 V                              ; 0.425 V                              ; 4.44e-10 s                  ; 1.91e-10 s                  ; Yes                        ; No                         ; 3.63 V                      ; 0.000184 V                  ; 3.64 V             ; -0.19 V            ; 0.019 V                             ; 0.425 V                             ; 4.44e-10 s                 ; 1.91e-10 s                 ; Yes                       ; No                        ;
; DRAM_ADDR[3]        ; 3.3-V LVTTL  ; 0 s                 ; 0 s                 ; 3.63 V                       ; 0.000229 V                   ; 3.65 V              ; -0.319 V            ; 0.041 V                              ; 0.528 V                              ; 4.29e-10 s                  ; 1.87e-10 s                  ; Yes                        ; No                         ; 3.63 V                      ; 0.000229 V                  ; 3.65 V             ; -0.319 V           ; 0.041 V                             ; 0.528 V                             ; 4.29e-10 s                 ; 1.87e-10 s                 ; Yes                       ; No                        ;
; DRAM_ADDR[4]        ; 3.3-V LVTTL  ; 0 s                 ; 0 s                 ; 3.63 V                       ; 0.000238 V                   ; 3.64 V              ; -0.254 V            ; 0.052 V                              ; 0.543 V                              ; 4.59e-10 s                  ; 1.96e-10 s                  ; Yes                        ; No                         ; 3.63 V                      ; 0.000238 V                  ; 3.64 V             ; -0.254 V           ; 0.052 V                             ; 0.543 V                             ; 4.59e-10 s                 ; 1.96e-10 s                 ; Yes                       ; No                        ;
; DRAM_ADDR[5]        ; 3.3-V LVTTL  ; 0 s                 ; 0 s                 ; 3.63 V                       ; 0.000229 V                   ; 3.65 V              ; -0.319 V            ; 0.041 V                              ; 0.528 V                              ; 4.29e-10 s                  ; 1.87e-10 s                  ; Yes                        ; No                         ; 3.63 V                      ; 0.000229 V                  ; 3.65 V             ; -0.319 V           ; 0.041 V                             ; 0.528 V                             ; 4.29e-10 s                 ; 1.87e-10 s                 ; Yes                       ; No                        ;
; DRAM_ADDR[6]        ; 3.3-V LVTTL  ; 0 s                 ; 0 s                 ; 3.63 V                       ; 0.000229 V                   ; 3.65 V              ; -0.316 V            ; 0.041 V                              ; 0.53 V                               ; 4.29e-10 s                  ; 1.87e-10 s                  ; Yes                        ; No                         ; 3.63 V                      ; 0.000229 V                  ; 3.65 V             ; -0.316 V           ; 0.041 V                             ; 0.53 V                              ; 4.29e-10 s                 ; 1.87e-10 s                 ; Yes                       ; No                        ;
; DRAM_ADDR[7]        ; 3.3-V LVTTL  ; 0 s                 ; 0 s                 ; 3.63 V                       ; 0.000229 V                   ; 3.65 V              ; -0.316 V            ; 0.041 V                              ; 0.53 V                               ; 4.29e-10 s                  ; 1.87e-10 s                  ; Yes                        ; No                         ; 3.63 V                      ; 0.000229 V                  ; 3.65 V             ; -0.316 V           ; 0.041 V                             ; 0.53 V                              ; 4.29e-10 s                 ; 1.87e-10 s                 ; Yes                       ; No                        ;
; DRAM_ADDR[8]        ; 3.3-V LVTTL  ; 0 s                 ; 0 s                 ; 3.63 V                       ; 0.000184 V                   ; 3.64 V              ; -0.19 V             ; 0.019 V                              ; 0.425 V                              ; 4.44e-10 s                  ; 1.91e-10 s                  ; Yes                        ; No                         ; 3.63 V                      ; 0.000184 V                  ; 3.64 V             ; -0.19 V            ; 0.019 V                             ; 0.425 V                             ; 4.44e-10 s                 ; 1.91e-10 s                 ; Yes                       ; No                        ;
; DRAM_ADDR[9]        ; 3.3-V LVTTL  ; 0 s                 ; 0 s                 ; 3.63 V                       ; 0.000238 V                   ; 3.64 V              ; -0.254 V            ; 0.052 V                              ; 0.543 V                              ; 4.59e-10 s                  ; 1.96e-10 s                  ; Yes                        ; No                         ; 3.63 V                      ; 0.000238 V                  ; 3.64 V             ; -0.254 V           ; 0.052 V                             ; 0.543 V                             ; 4.59e-10 s                 ; 1.96e-10 s                 ; Yes                       ; No                        ;
; DRAM_ADDR[10]       ; 3.3-V LVTTL  ; 0 s                 ; 0 s                 ; 3.63 V                       ; 0.000229 V                   ; 3.65 V              ; -0.316 V            ; 0.041 V                              ; 0.53 V                               ; 4.29e-10 s                  ; 1.87e-10 s                  ; Yes                        ; No                         ; 3.63 V                      ; 0.000229 V                  ; 3.65 V             ; -0.316 V           ; 0.041 V                             ; 0.53 V                              ; 4.29e-10 s                 ; 1.87e-10 s                 ; Yes                       ; No                        ;
; DRAM_ADDR[11]       ; 3.3-V LVTTL  ; 0 s                 ; 0 s                 ; 3.63 V                       ; 0.000184 V                   ; 3.64 V              ; -0.19 V             ; 0.019 V                              ; 0.425 V                              ; 4.44e-10 s                  ; 1.91e-10 s                  ; Yes                        ; No                         ; 3.63 V                      ; 0.000184 V                  ; 3.64 V             ; -0.19 V            ; 0.019 V                             ; 0.425 V                             ; 4.44e-10 s                 ; 1.91e-10 s                 ; Yes                       ; No                        ;
; DRAM_ADDR[12]       ; 3.3-V LVTTL  ; 0 s                 ; 0 s                 ; 3.63 V                       ; 0.000229 V                   ; 3.65 V              ; -0.319 V            ; 0.041 V                              ; 0.528 V                              ; 4.29e-10 s                  ; 1.87e-10 s                  ; Yes                        ; No                         ; 3.63 V                      ; 0.000229 V                  ; 3.65 V             ; -0.319 V           ; 0.041 V                             ; 0.528 V                             ; 4.29e-10 s                 ; 1.87e-10 s                 ; Yes                       ; No                        ;
; DRAM_BA[0]          ; 3.3-V LVTTL  ; 0 s                 ; 0 s                 ; 3.63 V                       ; 0.000184 V                   ; 3.64 V              ; -0.19 V             ; 0.019 V                              ; 0.425 V                              ; 4.44e-10 s                  ; 1.91e-10 s                  ; Yes                        ; No                         ; 3.63 V                      ; 0.000184 V                  ; 3.64 V             ; -0.19 V            ; 0.019 V                             ; 0.425 V                             ; 4.44e-10 s                 ; 1.91e-10 s                 ; Yes                       ; No                        ;
; DRAM_BA[1]          ; 3.3-V LVTTL  ; 0 s                 ; 0 s                 ; 3.63 V                       ; 0.000229 V                   ; 3.65 V              ; -0.316 V            ; 0.041 V                              ; 0.53 V                               ; 4.29e-10 s                  ; 1.87e-10 s                  ; Yes                        ; No                         ; 3.63 V                      ; 0.000229 V                  ; 3.65 V             ; -0.316 V           ; 0.041 V                             ; 0.53 V                              ; 4.29e-10 s                 ; 1.87e-10 s                 ; Yes                       ; No                        ;
; DRAM_CAS_N          ; 3.3-V LVTTL  ; 0 s                 ; 0 s                 ; 3.63 V                       ; 0.000229 V                   ; 3.65 V              ; -0.316 V            ; 0.041 V                              ; 0.53 V                               ; 4.29e-10 s                  ; 1.87e-10 s                  ; Yes                        ; No                         ; 3.63 V                      ; 0.000229 V                  ; 3.65 V             ; -0.316 V           ; 0.041 V                             ; 0.53 V                              ; 4.29e-10 s                 ; 1.87e-10 s                 ; Yes                       ; No                        ;
; DRAM_CKE            ; 3.3-V LVTTL  ; 0 s                 ; 0 s                 ; 3.63 V                       ; 0.000184 V                   ; 3.64 V              ; -0.19 V             ; 0.019 V                              ; 0.425 V                              ; 4.44e-10 s                  ; 1.91e-10 s                  ; Yes                        ; No                         ; 3.63 V                      ; 0.000184 V                  ; 3.64 V             ; -0.19 V            ; 0.019 V                             ; 0.425 V                             ; 4.44e-10 s                 ; 1.91e-10 s                 ; Yes                       ; No                        ;
; DRAM_CLK            ; 3.3-V LVTTL  ; 0 s                 ; 0 s                 ; 3.63 V                       ; 0.000229 V                   ; 3.65 V              ; -0.316 V            ; 0.041 V                              ; 0.53 V                               ; 4.29e-10 s                  ; 1.87e-10 s                  ; Yes                        ; No                         ; 3.63 V                      ; 0.000229 V                  ; 3.65 V             ; -0.316 V           ; 0.041 V                             ; 0.53 V                              ; 4.29e-10 s                 ; 1.87e-10 s                 ; Yes                       ; No                        ;
; DRAM_CS_N           ; 3.3-V LVTTL  ; 0 s                 ; 0 s                 ; 3.63 V                       ; 0.000229 V                   ; 3.65 V              ; -0.319 V            ; 0.041 V                              ; 0.528 V                              ; 4.29e-10 s                  ; 1.87e-10 s                  ; Yes                        ; No                         ; 3.63 V                      ; 0.000229 V                  ; 3.65 V             ; -0.319 V           ; 0.041 V                             ; 0.528 V                             ; 4.29e-10 s                 ; 1.87e-10 s                 ; Yes                       ; No                        ;
; DRAM_LDQM           ; 3.3-V LVTTL  ; 0 s                 ; 0 s                 ; 3.63 V                       ; 0.000238 V                   ; 3.64 V              ; -0.254 V            ; 0.052 V                              ; 0.543 V                              ; 4.59e-10 s                  ; 1.96e-10 s                  ; Yes                        ; No                         ; 3.63 V                      ; 0.000238 V                  ; 3.64 V             ; -0.254 V           ; 0.052 V                             ; 0.543 V                             ; 4.59e-10 s                 ; 1.96e-10 s                 ; Yes                       ; No                        ;
; DRAM_RAS_N          ; 3.3-V LVTTL  ; 0 s                 ; 0 s                 ; 3.63 V                       ; 0.000229 V                   ; 3.65 V              ; -0.319 V            ; 0.041 V                              ; 0.528 V                              ; 4.29e-10 s                  ; 1.87e-10 s                  ; Yes                        ; No                         ; 3.63 V                      ; 0.000229 V                  ; 3.65 V             ; -0.319 V           ; 0.041 V                             ; 0.528 V                             ; 4.29e-10 s                 ; 1.87e-10 s                 ; Yes                       ; No                        ;
; DRAM_UDQM           ; 3.3-V LVTTL  ; 0 s                 ; 0 s                 ; 3.63 V                       ; 0.000238 V                   ; 3.64 V              ; -0.254 V            ; 0.052 V                              ; 0.543 V                              ; 4.59e-10 s                  ; 1.96e-10 s                  ; Yes                        ; No                         ; 3.63 V                      ; 0.000238 V                  ; 3.64 V             ; -0.254 V           ; 0.052 V                             ; 0.543 V                             ; 4.59e-10 s                 ; 1.96e-10 s                 ; Yes                       ; No                        ;
; DRAM_WE_N           ; 3.3-V LVTTL  ; 0 s                 ; 0 s                 ; 3.63 V                       ; 0.000229 V                   ; 3.65 V              ; -0.316 V            ; 0.041 V                              ; 0.53 V                               ; 4.29e-10 s                  ; 1.87e-10 s                  ; Yes                        ; No                         ; 3.63 V                      ; 0.000229 V                  ; 3.65 V             ; -0.316 V           ; 0.041 V                             ; 0.53 V                              ; 4.29e-10 s                 ; 1.87e-10 s                 ; Yes                       ; No                        ;
; HEX0[0]             ; 3.3-V LVTTL  ; 0 s                 ; 0 s                 ; 3.63 V                       ; 0.000229 V                   ; 3.65 V              ; -0.319 V            ; 0.041 V                              ; 0.528 V                              ; 4.29e-10 s                  ; 1.87e-10 s                  ; Yes                        ; No                         ; 3.63 V                      ; 0.000229 V                  ; 3.65 V             ; -0.319 V           ; 0.041 V                             ; 0.528 V                             ; 4.29e-10 s                 ; 1.87e-10 s                 ; Yes                       ; No                        ;
; HEX0[1]             ; 3.3-V LVTTL  ; 0 s                 ; 0 s                 ; 3.63 V                       ; 0.000229 V                   ; 3.65 V              ; -0.316 V            ; 0.041 V                              ; 0.53 V                               ; 4.29e-10 s                  ; 1.87e-10 s                  ; Yes                        ; No                         ; 3.63 V                      ; 0.000229 V                  ; 3.65 V             ; -0.316 V           ; 0.041 V                             ; 0.53 V                              ; 4.29e-10 s                 ; 1.87e-10 s                 ; Yes                       ; No                        ;
; HEX0[2]             ; 3.3-V LVTTL  ; 0 s                 ; 0 s                 ; 3.63 V                       ; 0.000229 V                   ; 3.65 V              ; -0.316 V            ; 0.041 V                              ; 0.53 V                               ; 4.29e-10 s                  ; 1.87e-10 s                  ; Yes                        ; No                         ; 3.63 V                      ; 0.000229 V                  ; 3.65 V             ; -0.316 V           ; 0.041 V                             ; 0.53 V                              ; 4.29e-10 s                 ; 1.87e-10 s                 ; Yes                       ; No                        ;
; HEX0[3]             ; 3.3-V LVTTL  ; 0 s                 ; 0 s                 ; 3.63 V                       ; 0.000229 V                   ; 3.65 V              ; -0.316 V            ; 0.041 V                              ; 0.53 V                               ; 4.29e-10 s                  ; 1.87e-10 s                  ; Yes                        ; No                         ; 3.63 V                      ; 0.000229 V                  ; 3.65 V             ; -0.316 V           ; 0.041 V                             ; 0.53 V                              ; 4.29e-10 s                 ; 1.87e-10 s                 ; Yes                       ; No                        ;
; HEX0[4]             ; 3.3-V LVTTL  ; 0 s                 ; 0 s                 ; 3.63 V                       ; 0.000229 V                   ; 3.65 V              ; -0.319 V            ; 0.041 V                              ; 0.528 V                              ; 4.29e-10 s                  ; 1.87e-10 s                  ; Yes                        ; No                         ; 3.63 V                      ; 0.000229 V                  ; 3.65 V             ; -0.319 V           ; 0.041 V                             ; 0.528 V                             ; 4.29e-10 s                 ; 1.87e-10 s                 ; Yes                       ; No                        ;
; HEX0[5]             ; 3.3-V LVTTL  ; 0 s                 ; 0 s                 ; 3.63 V                       ; 0.000229 V                   ; 3.65 V              ; -0.319 V            ; 0.041 V                              ; 0.528 V                              ; 4.29e-10 s                  ; 1.87e-10 s                  ; Yes                        ; No                         ; 3.63 V                      ; 0.000229 V                  ; 3.65 V             ; -0.319 V           ; 0.041 V                             ; 0.528 V                             ; 4.29e-10 s                 ; 1.87e-10 s                 ; Yes                       ; No                        ;
; HEX0[6]             ; 3.3-V LVTTL  ; 0 s                 ; 0 s                 ; 3.63 V                       ; 0.000229 V                   ; 3.65 V              ; -0.316 V            ; 0.041 V                              ; 0.53 V                               ; 4.29e-10 s                  ; 1.87e-10 s                  ; Yes                        ; No                         ; 3.63 V                      ; 0.000229 V                  ; 3.65 V             ; -0.316 V           ; 0.041 V                             ; 0.53 V                              ; 4.29e-10 s                 ; 1.87e-10 s                 ; Yes                       ; No                        ;
; HEX1[0]             ; 3.3-V LVTTL  ; 0 s                 ; 0 s                 ; 3.63 V                       ; 0.000229 V                   ; 3.65 V              ; -0.316 V            ; 0.041 V                              ; 0.53 V                               ; 4.29e-10 s                  ; 1.87e-10 s                  ; Yes                        ; No                         ; 3.63 V                      ; 0.000229 V                  ; 3.65 V             ; -0.316 V           ; 0.041 V                             ; 0.53 V                              ; 4.29e-10 s                 ; 1.87e-10 s                 ; Yes                       ; No                        ;
; HEX1[1]             ; 3.3-V LVTTL  ; 0 s                 ; 0 s                 ; 3.63 V                       ; 0.000229 V                   ; 3.65 V              ; -0.319 V            ; 0.041 V                              ; 0.528 V                              ; 4.29e-10 s                  ; 1.87e-10 s                  ; Yes                        ; No                         ; 3.63 V                      ; 0.000229 V                  ; 3.65 V             ; -0.319 V           ; 0.041 V                             ; 0.528 V                             ; 4.29e-10 s                 ; 1.87e-10 s                 ; Yes                       ; No                        ;
; HEX1[2]             ; 3.3-V LVTTL  ; 0 s                 ; 0 s                 ; 3.63 V                       ; 0.000229 V                   ; 3.65 V              ; -0.319 V            ; 0.041 V                              ; 0.528 V                              ; 4.29e-10 s                  ; 1.87e-10 s                  ; Yes                        ; No                         ; 3.63 V                      ; 0.000229 V                  ; 3.65 V             ; -0.319 V           ; 0.041 V                             ; 0.528 V                             ; 4.29e-10 s                 ; 1.87e-10 s                 ; Yes                       ; No                        ;
; HEX1[3]             ; 3.3-V LVTTL  ; 0 s                 ; 0 s                 ; 3.63 V                       ; 0.000229 V                   ; 3.65 V              ; -0.316 V            ; 0.041 V                              ; 0.53 V                               ; 4.29e-10 s                  ; 1.87e-10 s                  ; Yes                        ; No                         ; 3.63 V                      ; 0.000229 V                  ; 3.65 V             ; -0.316 V           ; 0.041 V                             ; 0.53 V                              ; 4.29e-10 s                 ; 1.87e-10 s                 ; Yes                       ; No                        ;
; HEX1[4]             ; 3.3-V LVTTL  ; 0 s                 ; 0 s                 ; 3.63 V                       ; 0.000229 V                   ; 3.65 V              ; -0.316 V            ; 0.041 V                              ; 0.53 V                               ; 4.29e-10 s                  ; 1.87e-10 s                  ; Yes                        ; No                         ; 3.63 V                      ; 0.000229 V                  ; 3.65 V             ; -0.316 V           ; 0.041 V                             ; 0.53 V                              ; 4.29e-10 s                 ; 1.87e-10 s                 ; Yes                       ; No                        ;
; HEX1[5]             ; 3.3-V LVTTL  ; 0 s                 ; 0 s                 ; 3.63 V                       ; 0.000229 V                   ; 3.65 V              ; -0.319 V            ; 0.041 V                              ; 0.528 V                              ; 4.29e-10 s                  ; 1.87e-10 s                  ; Yes                        ; No                         ; 3.63 V                      ; 0.000229 V                  ; 3.65 V             ; -0.319 V           ; 0.041 V                             ; 0.528 V                             ; 4.29e-10 s                 ; 1.87e-10 s                 ; Yes                       ; No                        ;
; HEX1[6]             ; 3.3-V LVTTL  ; 0 s                 ; 0 s                 ; 3.63 V                       ; 0.000229 V                   ; 3.65 V              ; -0.319 V            ; 0.041 V                              ; 0.528 V                              ; 4.29e-10 s                  ; 1.87e-10 s                  ; Yes                        ; No                         ; 3.63 V                      ; 0.000229 V                  ; 3.65 V             ; -0.319 V           ; 0.041 V                             ; 0.528 V                             ; 4.29e-10 s                 ; 1.87e-10 s                 ; Yes                       ; No                        ;
; HEX2[0]             ; 3.3-V LVTTL  ; 0 s                 ; 0 s                 ; 3.63 V                       ; 0.000238 V                   ; 3.64 V              ; -0.254 V            ; 0.052 V                              ; 0.543 V                              ; 4.59e-10 s                  ; 1.96e-10 s                  ; Yes                        ; No                         ; 3.63 V                      ; 0.000238 V                  ; 3.64 V             ; -0.254 V           ; 0.052 V                             ; 0.543 V                             ; 4.59e-10 s                 ; 1.96e-10 s                 ; Yes                       ; No                        ;
; HEX2[1]             ; 3.3-V LVTTL  ; 0 s                 ; 0 s                 ; 3.63 V                       ; 0.000229 V                   ; 3.65 V              ; -0.319 V            ; 0.041 V                              ; 0.528 V                              ; 4.29e-10 s                  ; 1.87e-10 s                  ; Yes                        ; No                         ; 3.63 V                      ; 0.000229 V                  ; 3.65 V             ; -0.319 V           ; 0.041 V                             ; 0.528 V                             ; 4.29e-10 s                 ; 1.87e-10 s                 ; Yes                       ; No                        ;
; HEX2[2]             ; 3.3-V LVTTL  ; 0 s                 ; 0 s                 ; 3.63 V                       ; 0.000229 V                   ; 3.65 V              ; -0.319 V            ; 0.041 V                              ; 0.528 V                              ; 4.29e-10 s                  ; 1.87e-10 s                  ; Yes                        ; No                         ; 3.63 V                      ; 0.000229 V                  ; 3.65 V             ; -0.319 V           ; 0.041 V                             ; 0.528 V                             ; 4.29e-10 s                 ; 1.87e-10 s                 ; Yes                       ; No                        ;
; HEX2[3]             ; 3.3-V LVTTL  ; 0 s                 ; 0 s                 ; 3.63 V                       ; 0.000184 V                   ; 3.64 V              ; -0.19 V             ; 0.019 V                              ; 0.425 V                              ; 4.44e-10 s                  ; 1.91e-10 s                  ; Yes                        ; No                         ; 3.63 V                      ; 0.000184 V                  ; 3.64 V             ; -0.19 V            ; 0.019 V                             ; 0.425 V                             ; 4.44e-10 s                 ; 1.91e-10 s                 ; Yes                       ; No                        ;
; HEX2[4]             ; 3.3-V LVTTL  ; 0 s                 ; 0 s                 ; 3.63 V                       ; 0.000184 V                   ; 3.64 V              ; -0.19 V             ; 0.019 V                              ; 0.425 V                              ; 4.44e-10 s                  ; 1.91e-10 s                  ; Yes                        ; No                         ; 3.63 V                      ; 0.000184 V                  ; 3.64 V             ; -0.19 V            ; 0.019 V                             ; 0.425 V                             ; 4.44e-10 s                 ; 1.91e-10 s                 ; Yes                       ; No                        ;
; HEX2[5]             ; 3.3-V LVTTL  ; 0 s                 ; 0 s                 ; 3.63 V                       ; 0.000229 V                   ; 3.65 V              ; -0.319 V            ; 0.041 V                              ; 0.528 V                              ; 4.29e-10 s                  ; 1.87e-10 s                  ; Yes                        ; No                         ; 3.63 V                      ; 0.000229 V                  ; 3.65 V             ; -0.319 V           ; 0.041 V                             ; 0.528 V                             ; 4.29e-10 s                 ; 1.87e-10 s                 ; Yes                       ; No                        ;
; HEX2[6]             ; 3.3-V LVTTL  ; 0 s                 ; 0 s                 ; 3.63 V                       ; 0.000229 V                   ; 3.65 V              ; -0.316 V            ; 0.041 V                              ; 0.53 V                               ; 4.29e-10 s                  ; 1.87e-10 s                  ; Yes                        ; No                         ; 3.63 V                      ; 0.000229 V                  ; 3.65 V             ; -0.316 V           ; 0.041 V                             ; 0.53 V                              ; 4.29e-10 s                 ; 1.87e-10 s                 ; Yes                       ; No                        ;
; HEX3[0]             ; 3.3-V LVTTL  ; 0 s                 ; 0 s                 ; 3.63 V                       ; 0.000184 V                   ; 3.64 V              ; -0.19 V             ; 0.019 V                              ; 0.425 V                              ; 4.44e-10 s                  ; 1.91e-10 s                  ; Yes                        ; No                         ; 3.63 V                      ; 0.000184 V                  ; 3.64 V             ; -0.19 V            ; 0.019 V                             ; 0.425 V                             ; 4.44e-10 s                 ; 1.91e-10 s                 ; Yes                       ; No                        ;
; HEX3[1]             ; 3.3-V LVTTL  ; 0 s                 ; 0 s                 ; 3.63 V                       ; 0.000238 V                   ; 3.64 V              ; -0.254 V            ; 0.052 V                              ; 0.543 V                              ; 4.59e-10 s                  ; 1.96e-10 s                  ; Yes                        ; No                         ; 3.63 V                      ; 0.000238 V                  ; 3.64 V             ; -0.254 V           ; 0.052 V                             ; 0.543 V                             ; 4.59e-10 s                 ; 1.96e-10 s                 ; Yes                       ; No                        ;
; HEX3[2]             ; 3.3-V LVTTL  ; 0 s                 ; 0 s                 ; 3.63 V                       ; 0.000238 V                   ; 3.64 V              ; -0.254 V            ; 0.052 V                              ; 0.543 V                              ; 4.59e-10 s                  ; 1.96e-10 s                  ; Yes                        ; No                         ; 3.63 V                      ; 0.000238 V                  ; 3.64 V             ; -0.254 V           ; 0.052 V                             ; 0.543 V                             ; 4.59e-10 s                 ; 1.96e-10 s                 ; Yes                       ; No                        ;
; HEX3[3]             ; 3.3-V LVTTL  ; 0 s                 ; 0 s                 ; 3.63 V                       ; 0.000184 V                   ; 3.64 V              ; -0.19 V             ; 0.019 V                              ; 0.425 V                              ; 4.44e-10 s                  ; 1.91e-10 s                  ; Yes                        ; No                         ; 3.63 V                      ; 0.000184 V                  ; 3.64 V             ; -0.19 V            ; 0.019 V                             ; 0.425 V                             ; 4.44e-10 s                 ; 1.91e-10 s                 ; Yes                       ; No                        ;
; HEX3[4]             ; 3.3-V LVTTL  ; 0 s                 ; 0 s                 ; 3.63 V                       ; 0.000238 V                   ; 3.64 V              ; -0.254 V            ; 0.052 V                              ; 0.543 V                              ; 4.59e-10 s                  ; 1.96e-10 s                  ; Yes                        ; No                         ; 3.63 V                      ; 0.000238 V                  ; 3.64 V             ; -0.254 V           ; 0.052 V                             ; 0.543 V                             ; 4.59e-10 s                 ; 1.96e-10 s                 ; Yes                       ; No                        ;
; HEX3[5]             ; 3.3-V LVTTL  ; 0 s                 ; 0 s                 ; 3.63 V                       ; 0.000238 V                   ; 3.64 V              ; -0.254 V            ; 0.052 V                              ; 0.543 V                              ; 4.59e-10 s                  ; 1.96e-10 s                  ; Yes                        ; No                         ; 3.63 V                      ; 0.000238 V                  ; 3.64 V             ; -0.254 V           ; 0.052 V                             ; 0.543 V                             ; 4.59e-10 s                 ; 1.96e-10 s                 ; Yes                       ; No                        ;
; HEX3[6]             ; 3.3-V LVTTL  ; 0 s                 ; 0 s                 ; 3.63 V                       ; 0.000184 V                   ; 3.64 V              ; -0.19 V             ; 0.019 V                              ; 0.425 V                              ; 4.44e-10 s                  ; 1.91e-10 s                  ; Yes                        ; No                         ; 3.63 V                      ; 0.000184 V                  ; 3.64 V             ; -0.19 V            ; 0.019 V                             ; 0.425 V                             ; 4.44e-10 s                 ; 1.91e-10 s                 ; Yes                       ; No                        ;
; HEX4[0]             ; 3.3-V LVTTL  ; 0 s                 ; 0 s                 ; 3.63 V                       ; 0.000229 V                   ; 3.65 V              ; -0.316 V            ; 0.041 V                              ; 0.53 V                               ; 4.29e-10 s                  ; 1.87e-10 s                  ; Yes                        ; No                         ; 3.63 V                      ; 0.000229 V                  ; 3.65 V             ; -0.316 V           ; 0.041 V                             ; 0.53 V                              ; 4.29e-10 s                 ; 1.87e-10 s                 ; Yes                       ; No                        ;
; HEX4[1]             ; 3.3-V LVTTL  ; 0 s                 ; 0 s                 ; 3.63 V                       ; 0.000184 V                   ; 3.64 V              ; -0.19 V             ; 0.019 V                              ; 0.425 V                              ; 4.44e-10 s                  ; 1.91e-10 s                  ; Yes                        ; No                         ; 3.63 V                      ; 0.000184 V                  ; 3.64 V             ; -0.19 V            ; 0.019 V                             ; 0.425 V                             ; 4.44e-10 s                 ; 1.91e-10 s                 ; Yes                       ; No                        ;
; HEX4[2]             ; 3.3-V LVTTL  ; 0 s                 ; 0 s                 ; 3.63 V                       ; 0.000184 V                   ; 3.64 V              ; -0.19 V             ; 0.019 V                              ; 0.425 V                              ; 4.44e-10 s                  ; 1.91e-10 s                  ; Yes                        ; No                         ; 3.63 V                      ; 0.000184 V                  ; 3.64 V             ; -0.19 V            ; 0.019 V                             ; 0.425 V                             ; 4.44e-10 s                 ; 1.91e-10 s                 ; Yes                       ; No                        ;
; HEX4[3]             ; 3.3-V LVTTL  ; 0 s                 ; 0 s                 ; 3.63 V                       ; 0.000184 V                   ; 3.64 V              ; -0.19 V             ; 0.019 V                              ; 0.425 V                              ; 4.44e-10 s                  ; 1.91e-10 s                  ; Yes                        ; No                         ; 3.63 V                      ; 0.000184 V                  ; 3.64 V             ; -0.19 V            ; 0.019 V                             ; 0.425 V                             ; 4.44e-10 s                 ; 1.91e-10 s                 ; Yes                       ; No                        ;
; HEX4[4]             ; 3.3-V LVTTL  ; 0 s                 ; 0 s                 ; 3.63 V                       ; 0.000238 V                   ; 3.64 V              ; -0.254 V            ; 0.052 V                              ; 0.543 V                              ; 4.59e-10 s                  ; 1.96e-10 s                  ; Yes                        ; No                         ; 3.63 V                      ; 0.000238 V                  ; 3.64 V             ; -0.254 V           ; 0.052 V                             ; 0.543 V                             ; 4.59e-10 s                 ; 1.96e-10 s                 ; Yes                       ; No                        ;
; HEX4[5]             ; 3.3-V LVTTL  ; 0 s                 ; 0 s                 ; 3.63 V                       ; 0.000238 V                   ; 3.64 V              ; -0.254 V            ; 0.052 V                              ; 0.543 V                              ; 4.59e-10 s                  ; 1.96e-10 s                  ; Yes                        ; No                         ; 3.63 V                      ; 0.000238 V                  ; 3.64 V             ; -0.254 V           ; 0.052 V                             ; 0.543 V                             ; 4.59e-10 s                 ; 1.96e-10 s                 ; Yes                       ; No                        ;
; HEX4[6]             ; 3.3-V LVTTL  ; 0 s                 ; 0 s                 ; 3.63 V                       ; 0.000184 V                   ; 3.64 V              ; -0.19 V             ; 0.019 V                              ; 0.425 V                              ; 4.44e-10 s                  ; 1.91e-10 s                  ; Yes                        ; No                         ; 3.63 V                      ; 0.000184 V                  ; 3.64 V             ; -0.19 V            ; 0.019 V                             ; 0.425 V                             ; 4.44e-10 s                 ; 1.91e-10 s                 ; Yes                       ; No                        ;
; HEX5[0]             ; 3.3-V LVTTL  ; 0 s                 ; 0 s                 ; 3.63 V                       ; 0.000238 V                   ; 3.64 V              ; -0.254 V            ; 0.052 V                              ; 0.543 V                              ; 4.59e-10 s                  ; 1.96e-10 s                  ; Yes                        ; No                         ; 3.63 V                      ; 0.000238 V                  ; 3.64 V             ; -0.254 V           ; 0.052 V                             ; 0.543 V                             ; 4.59e-10 s                 ; 1.96e-10 s                 ; Yes                       ; No                        ;
; HEX5[1]             ; 3.3-V LVTTL  ; 0 s                 ; 0 s                 ; 3.63 V                       ; 0.000184 V                   ; 3.64 V              ; -0.19 V             ; 0.019 V                              ; 0.425 V                              ; 4.44e-10 s                  ; 1.91e-10 s                  ; Yes                        ; No                         ; 3.63 V                      ; 0.000184 V                  ; 3.64 V             ; -0.19 V            ; 0.019 V                             ; 0.425 V                             ; 4.44e-10 s                 ; 1.91e-10 s                 ; Yes                       ; No                        ;
; HEX5[2]             ; 3.3-V LVTTL  ; 0 s                 ; 0 s                 ; 3.63 V                       ; 0.000184 V                   ; 3.64 V              ; -0.19 V             ; 0.019 V                              ; 0.425 V                              ; 4.44e-10 s                  ; 1.91e-10 s                  ; Yes                        ; No                         ; 3.63 V                      ; 0.000184 V                  ; 3.64 V             ; -0.19 V            ; 0.019 V                             ; 0.425 V                             ; 4.44e-10 s                 ; 1.91e-10 s                 ; Yes                       ; No                        ;
; HEX5[3]             ; 3.3-V LVTTL  ; 0 s                 ; 0 s                 ; 3.63 V                       ; 0.000184 V                   ; 3.64 V              ; -0.19 V             ; 0.019 V                              ; 0.425 V                              ; 4.44e-10 s                  ; 1.91e-10 s                  ; Yes                        ; No                         ; 3.63 V                      ; 0.000184 V                  ; 3.64 V             ; -0.19 V            ; 0.019 V                             ; 0.425 V                             ; 4.44e-10 s                 ; 1.91e-10 s                 ; Yes                       ; No                        ;
; HEX5[4]             ; 3.3-V LVTTL  ; 0 s                 ; 0 s                 ; 3.63 V                       ; 0.000229 V                   ; 3.65 V              ; -0.319 V            ; 0.041 V                              ; 0.528 V                              ; 4.29e-10 s                  ; 1.87e-10 s                  ; Yes                        ; No                         ; 3.63 V                      ; 0.000229 V                  ; 3.65 V             ; -0.319 V           ; 0.041 V                             ; 0.528 V                             ; 4.29e-10 s                 ; 1.87e-10 s                 ; Yes                       ; No                        ;
; HEX5[5]             ; 3.3-V LVTTL  ; 0 s                 ; 0 s                 ; 3.63 V                       ; 0.000229 V                   ; 3.65 V              ; -0.316 V            ; 0.041 V                              ; 0.53 V                               ; 4.29e-10 s                  ; 1.87e-10 s                  ; Yes                        ; No                         ; 3.63 V                      ; 0.000229 V                  ; 3.65 V             ; -0.316 V           ; 0.041 V                             ; 0.53 V                              ; 4.29e-10 s                 ; 1.87e-10 s                 ; Yes                       ; No                        ;
; HEX5[6]             ; 3.3-V LVTTL  ; 0 s                 ; 0 s                 ; 3.63 V                       ; 0.000238 V                   ; 3.64 V              ; -0.254 V            ; 0.052 V                              ; 0.543 V                              ; 4.59e-10 s                  ; 1.96e-10 s                  ; Yes                        ; No                         ; 3.63 V                      ; 0.000238 V                  ; 3.64 V             ; -0.254 V           ; 0.052 V                             ; 0.543 V                             ; 4.59e-10 s                 ; 1.96e-10 s                 ; Yes                       ; No                        ;
; LEDR[0]             ; 3.3-V LVTTL  ; 0 s                 ; 0 s                 ; 3.63 V                       ; 0.000229 V                   ; 3.65 V              ; -0.316 V            ; 0.041 V                              ; 0.53 V                               ; 4.29e-10 s                  ; 1.87e-10 s                  ; Yes                        ; No                         ; 3.63 V                      ; 0.000229 V                  ; 3.65 V             ; -0.316 V           ; 0.041 V                             ; 0.53 V                              ; 4.29e-10 s                 ; 1.87e-10 s                 ; Yes                       ; No                        ;
; LEDR[1]             ; 3.3-V LVTTL  ; 0 s                 ; 0 s                 ; 3.63 V                       ; 0.000229 V                   ; 3.65 V              ; -0.319 V            ; 0.041 V                              ; 0.528 V                              ; 4.29e-10 s                  ; 1.87e-10 s                  ; Yes                        ; No                         ; 3.63 V                      ; 0.000229 V                  ; 3.65 V             ; -0.319 V           ; 0.041 V                             ; 0.528 V                             ; 4.29e-10 s                 ; 1.87e-10 s                 ; Yes                       ; No                        ;
; LEDR[2]             ; 3.3-V LVTTL  ; 0 s                 ; 0 s                 ; 3.63 V                       ; 0.000184 V                   ; 3.64 V              ; -0.19 V             ; 0.019 V                              ; 0.425 V                              ; 4.44e-10 s                  ; 1.91e-10 s                  ; Yes                        ; No                         ; 3.63 V                      ; 0.000184 V                  ; 3.64 V             ; -0.19 V            ; 0.019 V                             ; 0.425 V                             ; 4.44e-10 s                 ; 1.91e-10 s                 ; Yes                       ; No                        ;
; LEDR[3]             ; 3.3-V LVTTL  ; 0 s                 ; 0 s                 ; 3.63 V                       ; 0.000238 V                   ; 3.64 V              ; -0.254 V            ; 0.052 V                              ; 0.543 V                              ; 4.59e-10 s                  ; 1.96e-10 s                  ; Yes                        ; No                         ; 3.63 V                      ; 0.000238 V                  ; 3.64 V             ; -0.254 V           ; 0.052 V                             ; 0.543 V                             ; 4.59e-10 s                 ; 1.96e-10 s                 ; Yes                       ; No                        ;
; LEDR[4]             ; 3.3-V LVTTL  ; 0 s                 ; 0 s                 ; 3.63 V                       ; 0.000229 V                   ; 3.65 V              ; -0.316 V            ; 0.041 V                              ; 0.53 V                               ; 4.29e-10 s                  ; 1.87e-10 s                  ; Yes                        ; No                         ; 3.63 V                      ; 0.000229 V                  ; 3.65 V             ; -0.316 V           ; 0.041 V                             ; 0.53 V                              ; 4.29e-10 s                 ; 1.87e-10 s                 ; Yes                       ; No                        ;
; LEDR[5]             ; 3.3-V LVTTL  ; 0 s                 ; 0 s                 ; 3.63 V                       ; 0.000229 V                   ; 3.65 V              ; -0.319 V            ; 0.041 V                              ; 0.528 V                              ; 4.29e-10 s                  ; 1.87e-10 s                  ; Yes                        ; No                         ; 3.63 V                      ; 0.000229 V                  ; 3.65 V             ; -0.319 V           ; 0.041 V                             ; 0.528 V                             ; 4.29e-10 s                 ; 1.87e-10 s                 ; Yes                       ; No                        ;
; LEDR[6]             ; 3.3-V LVTTL  ; 0 s                 ; 0 s                 ; 3.63 V                       ; 0.000238 V                   ; 3.64 V              ; -0.254 V            ; 0.052 V                              ; 0.543 V                              ; 4.59e-10 s                  ; 1.96e-10 s                  ; Yes                        ; No                         ; 3.63 V                      ; 0.000238 V                  ; 3.64 V             ; -0.254 V           ; 0.052 V                             ; 0.543 V                             ; 4.59e-10 s                 ; 1.96e-10 s                 ; Yes                       ; No                        ;
; LEDR[7]             ; 3.3-V LVTTL  ; 0 s                 ; 0 s                 ; 3.63 V                       ; 0.000184 V                   ; 3.64 V              ; -0.19 V             ; 0.019 V                              ; 0.425 V                              ; 4.44e-10 s                  ; 1.91e-10 s                  ; Yes                        ; No                         ; 3.63 V                      ; 0.000184 V                  ; 3.64 V             ; -0.19 V            ; 0.019 V                             ; 0.425 V                             ; 4.44e-10 s                 ; 1.91e-10 s                 ; Yes                       ; No                        ;
; LEDR[8]             ; 3.3-V LVTTL  ; 0 s                 ; 0 s                 ; 3.63 V                       ; 0.000229 V                   ; 3.65 V              ; -0.316 V            ; 0.041 V                              ; 0.53 V                               ; 4.29e-10 s                  ; 1.87e-10 s                  ; Yes                        ; No                         ; 3.63 V                      ; 0.000229 V                  ; 3.65 V             ; -0.316 V           ; 0.041 V                             ; 0.53 V                              ; 4.29e-10 s                 ; 1.87e-10 s                 ; Yes                       ; No                        ;
; LEDR[9]             ; 3.3-V LVTTL  ; 0 s                 ; 0 s                 ; 3.63 V                       ; 0.000229 V                   ; 3.65 V              ; -0.319 V            ; 0.041 V                              ; 0.528 V                              ; 4.29e-10 s                  ; 1.87e-10 s                  ; Yes                        ; No                         ; 3.63 V                      ; 0.000229 V                  ; 3.65 V             ; -0.319 V           ; 0.041 V                             ; 0.528 V                             ; 4.29e-10 s                 ; 1.87e-10 s                 ; Yes                       ; No                        ;
; SD_CLK              ; 3.3-V LVTTL  ; 0 s                 ; 0 s                 ; 3.63 V                       ; 0.000238 V                   ; 3.64 V              ; -0.254 V            ; 0.052 V                              ; 0.543 V                              ; 4.59e-10 s                  ; 1.96e-10 s                  ; Yes                        ; No                         ; 3.63 V                      ; 0.000238 V                  ; 3.64 V             ; -0.254 V           ; 0.052 V                             ; 0.543 V                             ; 4.59e-10 s                 ; 1.96e-10 s                 ; Yes                       ; No                        ;
; VGA_B[0]            ; 3.3-V LVTTL  ; 0 s                 ; 0 s                 ; 3.63 V                       ; 0.000229 V                   ; 3.65 V              ; -0.316 V            ; 0.041 V                              ; 0.53 V                               ; 4.29e-10 s                  ; 1.87e-10 s                  ; Yes                        ; No                         ; 3.63 V                      ; 0.000229 V                  ; 3.65 V             ; -0.316 V           ; 0.041 V                             ; 0.53 V                              ; 4.29e-10 s                 ; 1.87e-10 s                 ; Yes                       ; No                        ;
; VGA_B[1]            ; 3.3-V LVTTL  ; 0 s                 ; 0 s                 ; 3.63 V                       ; 0.000229 V                   ; 3.65 V              ; -0.319 V            ; 0.041 V                              ; 0.528 V                              ; 4.29e-10 s                  ; 1.87e-10 s                  ; Yes                        ; No                         ; 3.63 V                      ; 0.000229 V                  ; 3.65 V             ; -0.319 V           ; 0.041 V                             ; 0.528 V                             ; 4.29e-10 s                 ; 1.87e-10 s                 ; Yes                       ; No                        ;
; VGA_B[2]            ; 3.3-V LVTTL  ; 0 s                 ; 0 s                 ; 3.63 V                       ; 0.000238 V                   ; 3.64 V              ; -0.254 V            ; 0.052 V                              ; 0.543 V                              ; 4.59e-10 s                  ; 1.96e-10 s                  ; Yes                        ; No                         ; 3.63 V                      ; 0.000238 V                  ; 3.64 V             ; -0.254 V           ; 0.052 V                             ; 0.543 V                             ; 4.59e-10 s                 ; 1.96e-10 s                 ; Yes                       ; No                        ;
; VGA_B[3]            ; 3.3-V LVTTL  ; 0 s                 ; 0 s                 ; 3.63 V                       ; 0.000184 V                   ; 3.64 V              ; -0.19 V             ; 0.019 V                              ; 0.425 V                              ; 4.44e-10 s                  ; 1.91e-10 s                  ; Yes                        ; No                         ; 3.63 V                      ; 0.000184 V                  ; 3.64 V             ; -0.19 V            ; 0.019 V                             ; 0.425 V                             ; 4.44e-10 s                 ; 1.91e-10 s                 ; Yes                       ; No                        ;
; VGA_G[0]            ; 3.3-V LVTTL  ; 0 s                 ; 0 s                 ; 3.63 V                       ; 0.000229 V                   ; 3.65 V              ; -0.316 V            ; 0.041 V                              ; 0.53 V                               ; 4.29e-10 s                  ; 1.87e-10 s                  ; Yes                        ; No                         ; 3.63 V                      ; 0.000229 V                  ; 3.65 V             ; -0.316 V           ; 0.041 V                             ; 0.53 V                              ; 4.29e-10 s                 ; 1.87e-10 s                 ; Yes                       ; No                        ;
; VGA_G[1]            ; 3.3-V LVTTL  ; 0 s                 ; 0 s                 ; 3.63 V                       ; 0.000229 V                   ; 3.65 V              ; -0.319 V            ; 0.041 V                              ; 0.528 V                              ; 4.29e-10 s                  ; 1.87e-10 s                  ; Yes                        ; No                         ; 3.63 V                      ; 0.000229 V                  ; 3.65 V             ; -0.319 V           ; 0.041 V                             ; 0.528 V                             ; 4.29e-10 s                 ; 1.87e-10 s                 ; Yes                       ; No                        ;
; VGA_G[2]            ; 3.3-V LVTTL  ; 0 s                 ; 0 s                 ; 3.63 V                       ; 0.000238 V                   ; 3.64 V              ; -0.254 V            ; 0.052 V                              ; 0.543 V                              ; 4.59e-10 s                  ; 1.96e-10 s                  ; Yes                        ; No                         ; 3.63 V                      ; 0.000238 V                  ; 3.64 V             ; -0.254 V           ; 0.052 V                             ; 0.543 V                             ; 4.59e-10 s                 ; 1.96e-10 s                 ; Yes                       ; No                        ;
; VGA_G[3]            ; 3.3-V LVTTL  ; 0 s                 ; 0 s                 ; 3.63 V                       ; 0.000184 V                   ; 3.64 V              ; -0.19 V             ; 0.019 V                              ; 0.425 V                              ; 4.44e-10 s                  ; 1.91e-10 s                  ; Yes                        ; No                         ; 3.63 V                      ; 0.000184 V                  ; 3.64 V             ; -0.19 V            ; 0.019 V                             ; 0.425 V                             ; 4.44e-10 s                 ; 1.91e-10 s                 ; Yes                       ; No                        ;
; VGA_HS              ; 3.3-V LVTTL  ; 0 s                 ; 0 s                 ; 3.63 V                       ; 0.000229 V                   ; 3.65 V              ; -0.316 V            ; 0.041 V                              ; 0.53 V                               ; 4.29e-10 s                  ; 1.87e-10 s                  ; Yes                        ; No                         ; 3.63 V                      ; 0.000229 V                  ; 3.65 V             ; -0.316 V           ; 0.041 V                             ; 0.53 V                              ; 4.29e-10 s                 ; 1.87e-10 s                 ; Yes                       ; No                        ;
; VGA_R[0]            ; 3.3-V LVTTL  ; 0 s                 ; 0 s                 ; 3.63 V                       ; 0.000229 V                   ; 3.65 V              ; -0.319 V            ; 0.041 V                              ; 0.528 V                              ; 4.29e-10 s                  ; 1.87e-10 s                  ; Yes                        ; No                         ; 3.63 V                      ; 0.000229 V                  ; 3.65 V             ; -0.319 V           ; 0.041 V                             ; 0.528 V                             ; 4.29e-10 s                 ; 1.87e-10 s                 ; Yes                       ; No                        ;
; VGA_R[1]            ; 3.3-V LVTTL  ; 0 s                 ; 0 s                 ; 3.63 V                       ; 0.000238 V                   ; 3.64 V              ; -0.254 V            ; 0.052 V                              ; 0.543 V                              ; 4.59e-10 s                  ; 1.96e-10 s                  ; Yes                        ; No                         ; 3.63 V                      ; 0.000238 V                  ; 3.64 V             ; -0.254 V           ; 0.052 V                             ; 0.543 V                             ; 4.59e-10 s                 ; 1.96e-10 s                 ; Yes                       ; No                        ;
; VGA_R[2]            ; 3.3-V LVTTL  ; 0 s                 ; 0 s                 ; 3.63 V                       ; 0.000184 V                   ; 3.64 V              ; -0.19 V             ; 0.019 V                              ; 0.425 V                              ; 4.44e-10 s                  ; 1.91e-10 s                  ; Yes                        ; No                         ; 3.63 V                      ; 0.000184 V                  ; 3.64 V             ; -0.19 V            ; 0.019 V                             ; 0.425 V                             ; 4.44e-10 s                 ; 1.91e-10 s                 ; Yes                       ; No                        ;
; VGA_R[3]            ; 3.3-V LVTTL  ; 0 s                 ; 0 s                 ; 3.63 V                       ; 0.000229 V                   ; 3.65 V              ; -0.316 V            ; 0.041 V                              ; 0.53 V                               ; 4.29e-10 s                  ; 1.87e-10 s                  ; Yes                        ; No                         ; 3.63 V                      ; 0.000229 V                  ; 3.65 V             ; -0.316 V           ; 0.041 V                             ; 0.53 V                              ; 4.29e-10 s                 ; 1.87e-10 s                 ; Yes                       ; No                        ;
; VGA_VS              ; 3.3-V LVTTL  ; 0 s                 ; 0 s                 ; 3.63 V                       ; 0.000229 V                   ; 3.65 V              ; -0.319 V            ; 0.041 V                              ; 0.528 V                              ; 4.29e-10 s                  ; 1.87e-10 s                  ; Yes                        ; No                         ; 3.63 V                      ; 0.000229 V                  ; 3.65 V             ; -0.319 V           ; 0.041 V                             ; 0.528 V                             ; 4.29e-10 s                 ; 1.87e-10 s                 ; Yes                       ; No                        ;
; CLOCK4_50           ; 3.3-V LVTTL  ; 0 s                 ; 0 s                 ; 3.63 V                       ; 0.000238 V                   ; 3.64 V              ; -0.254 V            ; 0.052 V                              ; 0.543 V                              ; 4.59e-10 s                  ; 1.96e-10 s                  ; Yes                        ; No                         ; 3.63 V                      ; 0.000238 V                  ; 3.64 V             ; -0.254 V           ; 0.052 V                             ; 0.543 V                             ; 4.59e-10 s                 ; 1.96e-10 s                 ; Yes                       ; No                        ;
; DRAM_DQ[0]          ; 3.3-V LVTTL  ; 0 s                 ; 0 s                 ; 3.63 V                       ; 0.000229 V                   ; 3.65 V              ; -0.316 V            ; 0.041 V                              ; 0.53 V                               ; 4.29e-10 s                  ; 1.87e-10 s                  ; Yes                        ; No                         ; 3.63 V                      ; 0.000229 V                  ; 3.65 V             ; -0.316 V           ; 0.041 V                             ; 0.53 V                              ; 4.29e-10 s                 ; 1.87e-10 s                 ; Yes                       ; No                        ;
; DRAM_DQ[1]          ; 3.3-V LVTTL  ; 0 s                 ; 0 s                 ; 3.63 V                       ; 0.000184 V                   ; 3.64 V              ; -0.19 V             ; 0.019 V                              ; 0.425 V                              ; 4.44e-10 s                  ; 1.91e-10 s                  ; Yes                        ; No                         ; 3.63 V                      ; 0.000184 V                  ; 3.64 V             ; -0.19 V            ; 0.019 V                             ; 0.425 V                             ; 4.44e-10 s                 ; 1.91e-10 s                 ; Yes                       ; No                        ;
; DRAM_DQ[2]          ; 3.3-V LVTTL  ; 0 s                 ; 0 s                 ; 3.63 V                       ; 0.000238 V                   ; 3.64 V              ; -0.254 V            ; 0.052 V                              ; 0.543 V                              ; 4.59e-10 s                  ; 1.96e-10 s                  ; Yes                        ; No                         ; 3.63 V                      ; 0.000238 V                  ; 3.64 V             ; -0.254 V           ; 0.052 V                             ; 0.543 V                             ; 4.59e-10 s                 ; 1.96e-10 s                 ; Yes                       ; No                        ;
; DRAM_DQ[3]          ; 3.3-V LVTTL  ; 0 s                 ; 0 s                 ; 3.63 V                       ; 0.000229 V                   ; 3.65 V              ; -0.319 V            ; 0.041 V                              ; 0.528 V                              ; 4.29e-10 s                  ; 1.87e-10 s                  ; Yes                        ; No                         ; 3.63 V                      ; 0.000229 V                  ; 3.65 V             ; -0.319 V           ; 0.041 V                             ; 0.528 V                             ; 4.29e-10 s                 ; 1.87e-10 s                 ; Yes                       ; No                        ;
; DRAM_DQ[4]          ; 3.3-V LVTTL  ; 0 s                 ; 0 s                 ; 3.63 V                       ; 0.000184 V                   ; 3.64 V              ; -0.19 V             ; 0.019 V                              ; 0.425 V                              ; 4.44e-10 s                  ; 1.91e-10 s                  ; Yes                        ; No                         ; 3.63 V                      ; 0.000184 V                  ; 3.64 V             ; -0.19 V            ; 0.019 V                             ; 0.425 V                             ; 4.44e-10 s                 ; 1.91e-10 s                 ; Yes                       ; No                        ;
; DRAM_DQ[5]          ; 3.3-V LVTTL  ; 0 s                 ; 0 s                 ; 3.63 V                       ; 0.000238 V                   ; 3.64 V              ; -0.254 V            ; 0.052 V                              ; 0.543 V                              ; 4.59e-10 s                  ; 1.96e-10 s                  ; Yes                        ; No                         ; 3.63 V                      ; 0.000238 V                  ; 3.64 V             ; -0.254 V           ; 0.052 V                             ; 0.543 V                             ; 4.59e-10 s                 ; 1.96e-10 s                 ; Yes                       ; No                        ;
; DRAM_DQ[6]          ; 3.3-V LVTTL  ; 0 s                 ; 0 s                 ; 3.63 V                       ; 0.000229 V                   ; 3.65 V              ; -0.319 V            ; 0.041 V                              ; 0.528 V                              ; 4.29e-10 s                  ; 1.87e-10 s                  ; Yes                        ; No                         ; 3.63 V                      ; 0.000229 V                  ; 3.65 V             ; -0.319 V           ; 0.041 V                             ; 0.528 V                             ; 4.29e-10 s                 ; 1.87e-10 s                 ; Yes                       ; No                        ;
; DRAM_DQ[7]          ; 3.3-V LVTTL  ; 0 s                 ; 0 s                 ; 3.63 V                       ; 0.000229 V                   ; 3.65 V              ; -0.316 V            ; 0.041 V                              ; 0.53 V                               ; 4.29e-10 s                  ; 1.87e-10 s                  ; Yes                        ; No                         ; 3.63 V                      ; 0.000229 V                  ; 3.65 V             ; -0.316 V           ; 0.041 V                             ; 0.53 V                              ; 4.29e-10 s                 ; 1.87e-10 s                 ; Yes                       ; No                        ;
; DRAM_DQ[8]          ; 3.3-V LVTTL  ; 0 s                 ; 0 s                 ; 3.63 V                       ; 0.000229 V                   ; 3.65 V              ; -0.316 V            ; 0.041 V                              ; 0.53 V                               ; 4.29e-10 s                  ; 1.87e-10 s                  ; Yes                        ; No                         ; 3.63 V                      ; 0.000229 V                  ; 3.65 V             ; -0.316 V           ; 0.041 V                             ; 0.53 V                              ; 4.29e-10 s                 ; 1.87e-10 s                 ; Yes                       ; No                        ;
; DRAM_DQ[9]          ; 3.3-V LVTTL  ; 0 s                 ; 0 s                 ; 3.63 V                       ; 0.000229 V                   ; 3.65 V              ; -0.316 V            ; 0.041 V                              ; 0.53 V                               ; 4.29e-10 s                  ; 1.87e-10 s                  ; Yes                        ; No                         ; 3.63 V                      ; 0.000229 V                  ; 3.65 V             ; -0.316 V           ; 0.041 V                             ; 0.53 V                              ; 4.29e-10 s                 ; 1.87e-10 s                 ; Yes                       ; No                        ;
; DRAM_DQ[10]         ; 3.3-V LVTTL  ; 0 s                 ; 0 s                 ; 3.63 V                       ; 0.000229 V                   ; 3.65 V              ; -0.319 V            ; 0.041 V                              ; 0.528 V                              ; 4.29e-10 s                  ; 1.87e-10 s                  ; Yes                        ; No                         ; 3.63 V                      ; 0.000229 V                  ; 3.65 V             ; -0.319 V           ; 0.041 V                             ; 0.528 V                             ; 4.29e-10 s                 ; 1.87e-10 s                 ; Yes                       ; No                        ;
; DRAM_DQ[11]         ; 3.3-V LVTTL  ; 0 s                 ; 0 s                 ; 3.63 V                       ; 0.000229 V                   ; 3.65 V              ; -0.319 V            ; 0.041 V                              ; 0.528 V                              ; 4.29e-10 s                  ; 1.87e-10 s                  ; Yes                        ; No                         ; 3.63 V                      ; 0.000229 V                  ; 3.65 V             ; -0.319 V           ; 0.041 V                             ; 0.528 V                             ; 4.29e-10 s                 ; 1.87e-10 s                 ; Yes                       ; No                        ;
; DRAM_DQ[12]         ; 3.3-V LVTTL  ; 0 s                 ; 0 s                 ; 3.63 V                       ; 0.000238 V                   ; 3.64 V              ; -0.254 V            ; 0.052 V                              ; 0.543 V                              ; 4.59e-10 s                  ; 1.96e-10 s                  ; Yes                        ; No                         ; 3.63 V                      ; 0.000238 V                  ; 3.64 V             ; -0.254 V           ; 0.052 V                             ; 0.543 V                             ; 4.59e-10 s                 ; 1.96e-10 s                 ; Yes                       ; No                        ;
; DRAM_DQ[13]         ; 3.3-V LVTTL  ; 0 s                 ; 0 s                 ; 3.63 V                       ; 0.000184 V                   ; 3.64 V              ; -0.19 V             ; 0.019 V                              ; 0.425 V                              ; 4.44e-10 s                  ; 1.91e-10 s                  ; Yes                        ; No                         ; 3.63 V                      ; 0.000184 V                  ; 3.64 V             ; -0.19 V            ; 0.019 V                             ; 0.425 V                             ; 4.44e-10 s                 ; 1.91e-10 s                 ; Yes                       ; No                        ;
; DRAM_DQ[14]         ; 3.3-V LVTTL  ; 0 s                 ; 0 s                 ; 3.63 V                       ; 0.000238 V                   ; 3.64 V              ; -0.254 V            ; 0.052 V                              ; 0.543 V                              ; 4.59e-10 s                  ; 1.96e-10 s                  ; Yes                        ; No                         ; 3.63 V                      ; 0.000238 V                  ; 3.64 V             ; -0.254 V           ; 0.052 V                             ; 0.543 V                             ; 4.59e-10 s                 ; 1.96e-10 s                 ; Yes                       ; No                        ;
; DRAM_DQ[15]         ; 3.3-V LVTTL  ; 0 s                 ; 0 s                 ; 3.63 V                       ; 0.000184 V                   ; 3.64 V              ; -0.19 V             ; 0.019 V                              ; 0.425 V                              ; 4.44e-10 s                  ; 1.91e-10 s                  ; Yes                        ; No                         ; 3.63 V                      ; 0.000184 V                  ; 3.64 V             ; -0.19 V            ; 0.019 V                             ; 0.425 V                             ; 4.44e-10 s                 ; 1.91e-10 s                 ; Yes                       ; No                        ;
; GPIO_0[6]           ; 3.3-V LVTTL  ; 0 s                 ; 0 s                 ; 3.63 V                       ; 0.000229 V                   ; 3.65 V              ; -0.316 V            ; 0.041 V                              ; 0.53 V                               ; 4.29e-10 s                  ; 1.87e-10 s                  ; Yes                        ; No                         ; 3.63 V                      ; 0.000229 V                  ; 3.65 V             ; -0.316 V           ; 0.041 V                             ; 0.53 V                              ; 4.29e-10 s                 ; 1.87e-10 s                 ; Yes                       ; No                        ;
; GPIO_0[7]           ; 3.3-V LVTTL  ; 0 s                 ; 0 s                 ; 3.63 V                       ; 0.000229 V                   ; 3.65 V              ; -0.319 V            ; 0.041 V                              ; 0.528 V                              ; 4.29e-10 s                  ; 1.87e-10 s                  ; Yes                        ; No                         ; 3.63 V                      ; 0.000229 V                  ; 3.65 V             ; -0.319 V           ; 0.041 V                             ; 0.528 V                             ; 4.29e-10 s                 ; 1.87e-10 s                 ; Yes                       ; No                        ;
; GPIO_0[8]           ; 3.3-V LVTTL  ; 0 s                 ; 0 s                 ; 3.63 V                       ; 0.000229 V                   ; 3.65 V              ; -0.316 V            ; 0.041 V                              ; 0.53 V                               ; 4.29e-10 s                  ; 1.87e-10 s                  ; Yes                        ; No                         ; 3.63 V                      ; 0.000229 V                  ; 3.65 V             ; -0.316 V           ; 0.041 V                             ; 0.53 V                              ; 4.29e-10 s                 ; 1.87e-10 s                 ; Yes                       ; No                        ;
; GPIO_0[9]           ; 3.3-V LVTTL  ; 0 s                 ; 0 s                 ; 3.63 V                       ; 0.000229 V                   ; 3.65 V              ; -0.319 V            ; 0.041 V                              ; 0.528 V                              ; 4.29e-10 s                  ; 1.87e-10 s                  ; Yes                        ; No                         ; 3.63 V                      ; 0.000229 V                  ; 3.65 V             ; -0.319 V           ; 0.041 V                             ; 0.528 V                             ; 4.29e-10 s                 ; 1.87e-10 s                 ; Yes                       ; No                        ;
; GPIO_0[10]          ; 3.3-V LVTTL  ; 0 s                 ; 0 s                 ; 3.63 V                       ; 0.000229 V                   ; 3.65 V              ; -0.319 V            ; 0.041 V                              ; 0.528 V                              ; 4.29e-10 s                  ; 1.87e-10 s                  ; Yes                        ; No                         ; 3.63 V                      ; 0.000229 V                  ; 3.65 V             ; -0.319 V           ; 0.041 V                             ; 0.528 V                             ; 4.29e-10 s                 ; 1.87e-10 s                 ; Yes                       ; No                        ;
; GPIO_0[11]          ; 3.3-V LVTTL  ; 0 s                 ; 0 s                 ; 3.63 V                       ; 0.000229 V                   ; 3.65 V              ; -0.319 V            ; 0.041 V                              ; 0.528 V                              ; 4.29e-10 s                  ; 1.87e-10 s                  ; Yes                        ; No                         ; 3.63 V                      ; 0.000229 V                  ; 3.65 V             ; -0.319 V           ; 0.041 V                             ; 0.528 V                             ; 4.29e-10 s                 ; 1.87e-10 s                 ; Yes                       ; No                        ;
; GPIO_0[12]          ; 3.3-V LVTTL  ; 0 s                 ; 0 s                 ; 3.63 V                       ; 0.000229 V                   ; 3.65 V              ; -0.316 V            ; 0.041 V                              ; 0.53 V                               ; 4.29e-10 s                  ; 1.87e-10 s                  ; Yes                        ; No                         ; 3.63 V                      ; 0.000229 V                  ; 3.65 V             ; -0.316 V           ; 0.041 V                             ; 0.53 V                              ; 4.29e-10 s                 ; 1.87e-10 s                 ; Yes                       ; No                        ;
; GPIO_0[13]          ; 3.3-V LVTTL  ; 0 s                 ; 0 s                 ; 3.63 V                       ; 0.000229 V                   ; 3.65 V              ; -0.316 V            ; 0.041 V                              ; 0.53 V                               ; 4.29e-10 s                  ; 1.87e-10 s                  ; Yes                        ; No                         ; 3.63 V                      ; 0.000229 V                  ; 3.65 V             ; -0.316 V           ; 0.041 V                             ; 0.53 V                              ; 4.29e-10 s                 ; 1.87e-10 s                 ; Yes                       ; No                        ;
; GPIO_0[14]          ; 3.3-V LVTTL  ; 0 s                 ; 0 s                 ; 3.63 V                       ; 0.000229 V                   ; 3.65 V              ; -0.316 V            ; 0.041 V                              ; 0.53 V                               ; 4.29e-10 s                  ; 1.87e-10 s                  ; Yes                        ; No                         ; 3.63 V                      ; 0.000229 V                  ; 3.65 V             ; -0.316 V           ; 0.041 V                             ; 0.53 V                              ; 4.29e-10 s                 ; 1.87e-10 s                 ; Yes                       ; No                        ;
; GPIO_0[15]          ; 3.3-V LVTTL  ; 0 s                 ; 0 s                 ; 3.63 V                       ; 0.000238 V                   ; 3.64 V              ; -0.254 V            ; 0.052 V                              ; 0.543 V                              ; 4.59e-10 s                  ; 1.96e-10 s                  ; Yes                        ; No                         ; 3.63 V                      ; 0.000238 V                  ; 3.64 V             ; -0.254 V           ; 0.052 V                             ; 0.543 V                             ; 4.59e-10 s                 ; 1.96e-10 s                 ; Yes                       ; No                        ;
; GPIO_0[16]          ; 3.3-V LVTTL  ; 0 s                 ; 0 s                 ; 3.63 V                       ; 0.000229 V                   ; 3.65 V              ; -0.316 V            ; 0.041 V                              ; 0.53 V                               ; 4.29e-10 s                  ; 1.87e-10 s                  ; Yes                        ; No                         ; 3.63 V                      ; 0.000229 V                  ; 3.65 V             ; -0.316 V           ; 0.041 V                             ; 0.53 V                              ; 4.29e-10 s                 ; 1.87e-10 s                 ; Yes                       ; No                        ;
; GPIO_0[17]          ; 3.3-V LVTTL  ; 0 s                 ; 0 s                 ; 3.63 V                       ; 0.000229 V                   ; 3.65 V              ; -0.316 V            ; 0.041 V                              ; 0.53 V                               ; 4.29e-10 s                  ; 1.87e-10 s                  ; Yes                        ; No                         ; 3.63 V                      ; 0.000229 V                  ; 3.65 V             ; -0.316 V           ; 0.041 V                             ; 0.53 V                              ; 4.29e-10 s                 ; 1.87e-10 s                 ; Yes                       ; No                        ;
; GPIO_0[18]          ; 3.3-V LVTTL  ; 0 s                 ; 0 s                 ; 3.63 V                       ; 0.000229 V                   ; 3.65 V              ; -0.319 V            ; 0.041 V                              ; 0.528 V                              ; 4.29e-10 s                  ; 1.87e-10 s                  ; Yes                        ; No                         ; 3.63 V                      ; 0.000229 V                  ; 3.65 V             ; -0.319 V           ; 0.041 V                             ; 0.528 V                             ; 4.29e-10 s                 ; 1.87e-10 s                 ; Yes                       ; No                        ;
; GPIO_0[19]          ; 3.3-V LVTTL  ; 0 s                 ; 0 s                 ; 3.63 V                       ; 0.000184 V                   ; 3.64 V              ; -0.19 V             ; 0.019 V                              ; 0.425 V                              ; 4.44e-10 s                  ; 1.91e-10 s                  ; Yes                        ; No                         ; 3.63 V                      ; 0.000184 V                  ; 3.64 V             ; -0.19 V            ; 0.019 V                             ; 0.425 V                             ; 4.44e-10 s                 ; 1.91e-10 s                 ; Yes                       ; No                        ;
; GPIO_0[20]          ; 3.3-V LVTTL  ; 0 s                 ; 0 s                 ; 3.63 V                       ; 0.000238 V                   ; 3.64 V              ; -0.254 V            ; 0.052 V                              ; 0.543 V                              ; 4.59e-10 s                  ; 1.96e-10 s                  ; Yes                        ; No                         ; 3.63 V                      ; 0.000238 V                  ; 3.64 V             ; -0.254 V           ; 0.052 V                             ; 0.543 V                             ; 4.59e-10 s                 ; 1.96e-10 s                 ; Yes                       ; No                        ;
; GPIO_0[21]          ; 3.3-V LVTTL  ; 0 s                 ; 0 s                 ; 3.63 V                       ; 0.000184 V                   ; 3.64 V              ; -0.19 V             ; 0.019 V                              ; 0.425 V                              ; 4.44e-10 s                  ; 1.91e-10 s                  ; Yes                        ; No                         ; 3.63 V                      ; 0.000184 V                  ; 3.64 V             ; -0.19 V            ; 0.019 V                             ; 0.425 V                             ; 4.44e-10 s                 ; 1.91e-10 s                 ; Yes                       ; No                        ;
; GPIO_0[22]          ; 3.3-V LVTTL  ; 0 s                 ; 0 s                 ; 3.63 V                       ; 0.000184 V                   ; 3.64 V              ; -0.19 V             ; 0.019 V                              ; 0.425 V                              ; 4.44e-10 s                  ; 1.91e-10 s                  ; Yes                        ; No                         ; 3.63 V                      ; 0.000184 V                  ; 3.64 V             ; -0.19 V            ; 0.019 V                             ; 0.425 V                             ; 4.44e-10 s                 ; 1.91e-10 s                 ; Yes                       ; No                        ;
; GPIO_0[23]          ; 3.3-V LVTTL  ; 0 s                 ; 0 s                 ; 3.63 V                       ; 0.000184 V                   ; 3.64 V              ; -0.19 V             ; 0.019 V                              ; 0.425 V                              ; 4.44e-10 s                  ; 1.91e-10 s                  ; Yes                        ; No                         ; 3.63 V                      ; 0.000184 V                  ; 3.64 V             ; -0.19 V            ; 0.019 V                             ; 0.425 V                             ; 4.44e-10 s                 ; 1.91e-10 s                 ; Yes                       ; No                        ;
; GPIO_0[24]          ; 3.3-V LVTTL  ; 0 s                 ; 0 s                 ; 3.63 V                       ; 0.000238 V                   ; 3.64 V              ; -0.254 V            ; 0.052 V                              ; 0.543 V                              ; 4.59e-10 s                  ; 1.96e-10 s                  ; Yes                        ; No                         ; 3.63 V                      ; 0.000238 V                  ; 3.64 V             ; -0.254 V           ; 0.052 V                             ; 0.543 V                             ; 4.59e-10 s                 ; 1.96e-10 s                 ; Yes                       ; No                        ;
; GPIO_0[25]          ; 3.3-V LVTTL  ; 0 s                 ; 0 s                 ; 3.63 V                       ; 0.000238 V                   ; 3.64 V              ; -0.254 V            ; 0.052 V                              ; 0.543 V                              ; 4.59e-10 s                  ; 1.96e-10 s                  ; Yes                        ; No                         ; 3.63 V                      ; 0.000238 V                  ; 3.64 V             ; -0.254 V           ; 0.052 V                             ; 0.543 V                             ; 4.59e-10 s                 ; 1.96e-10 s                 ; Yes                       ; No                        ;
; GPIO_0[26]          ; 3.3-V LVTTL  ; 0 s                 ; 0 s                 ; 3.63 V                       ; 0.000184 V                   ; 3.64 V              ; -0.19 V             ; 0.019 V                              ; 0.425 V                              ; 4.44e-10 s                  ; 1.91e-10 s                  ; Yes                        ; No                         ; 3.63 V                      ; 0.000184 V                  ; 3.64 V             ; -0.19 V            ; 0.019 V                             ; 0.425 V                             ; 4.44e-10 s                 ; 1.91e-10 s                 ; Yes                       ; No                        ;
; GPIO_0[27]          ; 3.3-V LVTTL  ; 0 s                 ; 0 s                 ; 3.63 V                       ; 0.000229 V                   ; 3.65 V              ; -0.319 V            ; 0.041 V                              ; 0.528 V                              ; 4.29e-10 s                  ; 1.87e-10 s                  ; Yes                        ; No                         ; 3.63 V                      ; 0.000229 V                  ; 3.65 V             ; -0.319 V           ; 0.041 V                             ; 0.528 V                             ; 4.29e-10 s                 ; 1.87e-10 s                 ; Yes                       ; No                        ;
; GPIO_1[0]           ; 3.3-V LVTTL  ; 0 s                 ; 0 s                 ; 3.63 V                       ; 0.000238 V                   ; 3.64 V              ; -0.254 V            ; 0.052 V                              ; 0.543 V                              ; 4.59e-10 s                  ; 1.96e-10 s                  ; Yes                        ; No                         ; 3.63 V                      ; 0.000238 V                  ; 3.64 V             ; -0.254 V           ; 0.052 V                             ; 0.543 V                             ; 4.59e-10 s                 ; 1.96e-10 s                 ; Yes                       ; No                        ;
; GPIO_1[1]           ; 3.3-V LVTTL  ; 0 s                 ; 0 s                 ; 3.63 V                       ; 0.000229 V                   ; 3.65 V              ; -0.319 V            ; 0.041 V                              ; 0.528 V                              ; 4.29e-10 s                  ; 1.87e-10 s                  ; Yes                        ; No                         ; 3.63 V                      ; 0.000229 V                  ; 3.65 V             ; -0.319 V           ; 0.041 V                             ; 0.528 V                             ; 4.29e-10 s                 ; 1.87e-10 s                 ; Yes                       ; No                        ;
; GPIO_1[2]           ; 3.3-V LVTTL  ; 0 s                 ; 0 s                 ; 3.63 V                       ; 0.000184 V                   ; 3.64 V              ; -0.19 V             ; 0.019 V                              ; 0.425 V                              ; 4.44e-10 s                  ; 1.91e-10 s                  ; Yes                        ; No                         ; 3.63 V                      ; 0.000184 V                  ; 3.64 V             ; -0.19 V            ; 0.019 V                             ; 0.425 V                             ; 4.44e-10 s                 ; 1.91e-10 s                 ; Yes                       ; No                        ;
; GPIO_1[3]           ; 3.3-V LVTTL  ; 0 s                 ; 0 s                 ; 3.63 V                       ; 0.000229 V                   ; 3.65 V              ; -0.316 V            ; 0.041 V                              ; 0.53 V                               ; 4.29e-10 s                  ; 1.87e-10 s                  ; Yes                        ; No                         ; 3.63 V                      ; 0.000229 V                  ; 3.65 V             ; -0.316 V           ; 0.041 V                             ; 0.53 V                              ; 4.29e-10 s                 ; 1.87e-10 s                 ; Yes                       ; No                        ;
; GPIO_1[4]           ; 3.3-V LVTTL  ; 0 s                 ; 0 s                 ; 3.63 V                       ; 0.000229 V                   ; 3.65 V              ; -0.319 V            ; 0.041 V                              ; 0.528 V                              ; 4.29e-10 s                  ; 1.87e-10 s                  ; Yes                        ; No                         ; 3.63 V                      ; 0.000229 V                  ; 3.65 V             ; -0.319 V           ; 0.041 V                             ; 0.528 V                             ; 4.29e-10 s                 ; 1.87e-10 s                 ; Yes                       ; No                        ;
; GPIO_1[5]           ; 3.3-V LVTTL  ; 0 s                 ; 0 s                 ; 3.63 V                       ; 0.000229 V                   ; 3.65 V              ; -0.316 V            ; 0.041 V                              ; 0.53 V                               ; 4.29e-10 s                  ; 1.87e-10 s                  ; Yes                        ; No                         ; 3.63 V                      ; 0.000229 V                  ; 3.65 V             ; -0.316 V           ; 0.041 V                             ; 0.53 V                              ; 4.29e-10 s                 ; 1.87e-10 s                 ; Yes                       ; No                        ;
; GPIO_1[6]           ; 3.3-V LVTTL  ; 0 s                 ; 0 s                 ; 3.63 V                       ; 0.000184 V                   ; 3.64 V              ; -0.19 V             ; 0.019 V                              ; 0.425 V                              ; 4.44e-10 s                  ; 1.91e-10 s                  ; Yes                        ; No                         ; 3.63 V                      ; 0.000184 V                  ; 3.64 V             ; -0.19 V            ; 0.019 V                             ; 0.425 V                             ; 4.44e-10 s                 ; 1.91e-10 s                 ; Yes                       ; No                        ;
; GPIO_1[7]           ; 3.3-V LVTTL  ; 0 s                 ; 0 s                 ; 3.63 V                       ; 0.000238 V                   ; 3.64 V              ; -0.254 V            ; 0.052 V                              ; 0.543 V                              ; 4.59e-10 s                  ; 1.96e-10 s                  ; Yes                        ; No                         ; 3.63 V                      ; 0.000238 V                  ; 3.64 V             ; -0.254 V           ; 0.052 V                             ; 0.543 V                             ; 4.59e-10 s                 ; 1.96e-10 s                 ; Yes                       ; No                        ;
; GPIO_1[8]           ; 3.3-V LVTTL  ; 0 s                 ; 0 s                 ; 3.63 V                       ; 0.000238 V                   ; 3.64 V              ; -0.254 V            ; 0.052 V                              ; 0.543 V                              ; 4.59e-10 s                  ; 1.96e-10 s                  ; Yes                        ; No                         ; 3.63 V                      ; 0.000238 V                  ; 3.64 V             ; -0.254 V           ; 0.052 V                             ; 0.543 V                             ; 4.59e-10 s                 ; 1.96e-10 s                 ; Yes                       ; No                        ;
; GPIO_1[9]           ; 3.3-V LVTTL  ; 0 s                 ; 0 s                 ; 3.63 V                       ; 0.000229 V                   ; 3.65 V              ; -0.316 V            ; 0.041 V                              ; 0.53 V                               ; 4.29e-10 s                  ; 1.87e-10 s                  ; Yes                        ; No                         ; 3.63 V                      ; 0.000229 V                  ; 3.65 V             ; -0.316 V           ; 0.041 V                             ; 0.53 V                              ; 4.29e-10 s                 ; 1.87e-10 s                 ; Yes                       ; No                        ;
; GPIO_1[10]          ; 3.3-V LVTTL  ; 0 s                 ; 0 s                 ; 3.63 V                       ; 0.000184 V                   ; 3.64 V              ; -0.19 V             ; 0.019 V                              ; 0.425 V                              ; 4.44e-10 s                  ; 1.91e-10 s                  ; Yes                        ; No                         ; 3.63 V                      ; 0.000184 V                  ; 3.64 V             ; -0.19 V            ; 0.019 V                             ; 0.425 V                             ; 4.44e-10 s                 ; 1.91e-10 s                 ; Yes                       ; No                        ;
; GPIO_1[11]          ; 3.3-V LVTTL  ; 0 s                 ; 0 s                 ; 3.63 V                       ; 0.000229 V                   ; 3.65 V              ; -0.319 V            ; 0.041 V                              ; 0.528 V                              ; 4.29e-10 s                  ; 1.87e-10 s                  ; Yes                        ; No                         ; 3.63 V                      ; 0.000229 V                  ; 3.65 V             ; -0.319 V           ; 0.041 V                             ; 0.528 V                             ; 4.29e-10 s                 ; 1.87e-10 s                 ; Yes                       ; No                        ;
; GPIO_1[12]          ; 3.3-V LVTTL  ; 0 s                 ; 0 s                 ; 3.63 V                       ; 0.000229 V                   ; 3.65 V              ; -0.316 V            ; 0.041 V                              ; 0.53 V                               ; 4.29e-10 s                  ; 1.87e-10 s                  ; Yes                        ; No                         ; 3.63 V                      ; 0.000229 V                  ; 3.65 V             ; -0.316 V           ; 0.041 V                             ; 0.53 V                              ; 4.29e-10 s                 ; 1.87e-10 s                 ; Yes                       ; No                        ;
; GPIO_1[13]          ; 3.3-V LVTTL  ; 0 s                 ; 0 s                 ; 3.63 V                       ; 0.000229 V                   ; 3.65 V              ; -0.316 V            ; 0.041 V                              ; 0.53 V                               ; 4.29e-10 s                  ; 1.87e-10 s                  ; Yes                        ; No                         ; 3.63 V                      ; 0.000229 V                  ; 3.65 V             ; -0.316 V           ; 0.041 V                             ; 0.53 V                              ; 4.29e-10 s                 ; 1.87e-10 s                 ; Yes                       ; No                        ;
; GPIO_1[14]          ; 3.3-V LVTTL  ; 0 s                 ; 0 s                 ; 3.63 V                       ; 0.000229 V                   ; 3.65 V              ; -0.319 V            ; 0.041 V                              ; 0.528 V                              ; 4.29e-10 s                  ; 1.87e-10 s                  ; Yes                        ; No                         ; 3.63 V                      ; 0.000229 V                  ; 3.65 V             ; -0.319 V           ; 0.041 V                             ; 0.528 V                             ; 4.29e-10 s                 ; 1.87e-10 s                 ; Yes                       ; No                        ;
; GPIO_1[15]          ; 3.3-V LVTTL  ; 0 s                 ; 0 s                 ; 3.63 V                       ; 0.000229 V                   ; 3.65 V              ; -0.316 V            ; 0.041 V                              ; 0.53 V                               ; 4.29e-10 s                  ; 1.87e-10 s                  ; Yes                        ; No                         ; 3.63 V                      ; 0.000229 V                  ; 3.65 V             ; -0.316 V           ; 0.041 V                             ; 0.53 V                              ; 4.29e-10 s                 ; 1.87e-10 s                 ; Yes                       ; No                        ;
; GPIO_1[16]          ; 3.3-V LVTTL  ; 0 s                 ; 0 s                 ; 3.63 V                       ; 0.000238 V                   ; 3.64 V              ; -0.254 V            ; 0.052 V                              ; 0.543 V                              ; 4.59e-10 s                  ; 1.96e-10 s                  ; Yes                        ; No                         ; 3.63 V                      ; 0.000238 V                  ; 3.64 V             ; -0.254 V           ; 0.052 V                             ; 0.543 V                             ; 4.59e-10 s                 ; 1.96e-10 s                 ; Yes                       ; No                        ;
; GPIO_1[17]          ; 3.3-V LVTTL  ; 0 s                 ; 0 s                 ; 3.63 V                       ; 0.000229 V                   ; 3.65 V              ; -0.316 V            ; 0.041 V                              ; 0.53 V                               ; 4.29e-10 s                  ; 1.87e-10 s                  ; Yes                        ; No                         ; 3.63 V                      ; 0.000229 V                  ; 3.65 V             ; -0.316 V           ; 0.041 V                             ; 0.53 V                              ; 4.29e-10 s                 ; 1.87e-10 s                 ; Yes                       ; No                        ;
; GPIO_1[18]          ; 3.3-V LVTTL  ; 0 s                 ; 0 s                 ; 3.63 V                       ; 0.000184 V                   ; 3.64 V              ; -0.19 V             ; 0.019 V                              ; 0.425 V                              ; 4.44e-10 s                  ; 1.91e-10 s                  ; Yes                        ; No                         ; 3.63 V                      ; 0.000184 V                  ; 3.64 V             ; -0.19 V            ; 0.019 V                             ; 0.425 V                             ; 4.44e-10 s                 ; 1.91e-10 s                 ; Yes                       ; No                        ;
; GPIO_1[19]          ; 3.3-V LVTTL  ; 0 s                 ; 0 s                 ; 3.63 V                       ; 0.000229 V                   ; 3.65 V              ; -0.316 V            ; 0.041 V                              ; 0.53 V                               ; 4.29e-10 s                  ; 1.87e-10 s                  ; Yes                        ; No                         ; 3.63 V                      ; 0.000229 V                  ; 3.65 V             ; -0.316 V           ; 0.041 V                             ; 0.53 V                              ; 4.29e-10 s                 ; 1.87e-10 s                 ; Yes                       ; No                        ;
; GPIO_1[20]          ; 3.3-V LVTTL  ; 0 s                 ; 0 s                 ; 3.63 V                       ; 0.000229 V                   ; 3.65 V              ; -0.319 V            ; 0.041 V                              ; 0.528 V                              ; 4.29e-10 s                  ; 1.87e-10 s                  ; Yes                        ; No                         ; 3.63 V                      ; 0.000229 V                  ; 3.65 V             ; -0.319 V           ; 0.041 V                             ; 0.528 V                             ; 4.29e-10 s                 ; 1.87e-10 s                 ; Yes                       ; No                        ;
; GPIO_1[21]          ; 3.3-V LVTTL  ; 0 s                 ; 0 s                 ; 3.63 V                       ; 0.000184 V                   ; 3.64 V              ; -0.19 V             ; 0.019 V                              ; 0.425 V                              ; 4.44e-10 s                  ; 1.91e-10 s                  ; Yes                        ; No                         ; 3.63 V                      ; 0.000184 V                  ; 3.64 V             ; -0.19 V            ; 0.019 V                             ; 0.425 V                             ; 4.44e-10 s                 ; 1.91e-10 s                 ; Yes                       ; No                        ;
; GPIO_1[22]          ; 3.3-V LVTTL  ; 0 s                 ; 0 s                 ; 3.63 V                       ; 0.000238 V                   ; 3.64 V              ; -0.254 V            ; 0.052 V                              ; 0.543 V                              ; 4.59e-10 s                  ; 1.96e-10 s                  ; Yes                        ; No                         ; 3.63 V                      ; 0.000238 V                  ; 3.64 V             ; -0.254 V           ; 0.052 V                             ; 0.543 V                             ; 4.59e-10 s                 ; 1.96e-10 s                 ; Yes                       ; No                        ;
; GPIO_1[23]          ; 3.3-V LVTTL  ; 0 s                 ; 0 s                 ; 3.63 V                       ; 0.000238 V                   ; 3.64 V              ; -0.254 V            ; 0.052 V                              ; 0.543 V                              ; 4.59e-10 s                  ; 1.96e-10 s                  ; Yes                        ; No                         ; 3.63 V                      ; 0.000238 V                  ; 3.64 V             ; -0.254 V           ; 0.052 V                             ; 0.543 V                             ; 4.59e-10 s                 ; 1.96e-10 s                 ; Yes                       ; No                        ;
; GPIO_1[24]          ; 3.3-V LVTTL  ; 0 s                 ; 0 s                 ; 3.63 V                       ; 0.000238 V                   ; 3.64 V              ; -0.254 V            ; 0.052 V                              ; 0.543 V                              ; 4.59e-10 s                  ; 1.96e-10 s                  ; Yes                        ; No                         ; 3.63 V                      ; 0.000238 V                  ; 3.64 V             ; -0.254 V           ; 0.052 V                             ; 0.543 V                             ; 4.59e-10 s                 ; 1.96e-10 s                 ; Yes                       ; No                        ;
; GPIO_1[25]          ; 3.3-V LVTTL  ; 0 s                 ; 0 s                 ; 3.63 V                       ; 0.000184 V                   ; 3.64 V              ; -0.19 V             ; 0.019 V                              ; 0.425 V                              ; 4.44e-10 s                  ; 1.91e-10 s                  ; Yes                        ; No                         ; 3.63 V                      ; 0.000184 V                  ; 3.64 V             ; -0.19 V            ; 0.019 V                             ; 0.425 V                             ; 4.44e-10 s                 ; 1.91e-10 s                 ; Yes                       ; No                        ;
; GPIO_1[26]          ; 3.3-V LVTTL  ; 0 s                 ; 0 s                 ; 3.63 V                       ; 0.000229 V                   ; 3.65 V              ; -0.319 V            ; 0.041 V                              ; 0.528 V                              ; 4.29e-10 s                  ; 1.87e-10 s                  ; Yes                        ; No                         ; 3.63 V                      ; 0.000229 V                  ; 3.65 V             ; -0.319 V           ; 0.041 V                             ; 0.528 V                             ; 4.29e-10 s                 ; 1.87e-10 s                 ; Yes                       ; No                        ;
; GPIO_1[27]          ; 3.3-V LVTTL  ; 0 s                 ; 0 s                 ; 3.63 V                       ; 0.000184 V                   ; 3.64 V              ; -0.19 V             ; 0.019 V                              ; 0.425 V                              ; 4.44e-10 s                  ; 1.91e-10 s                  ; Yes                        ; No                         ; 3.63 V                      ; 0.000184 V                  ; 3.64 V             ; -0.19 V            ; 0.019 V                             ; 0.425 V                             ; 4.44e-10 s                 ; 1.91e-10 s                 ; Yes                       ; No                        ;
; GPIO_1[28]          ; 3.3-V LVTTL  ; 0 s                 ; 0 s                 ; 3.63 V                       ; 0.000184 V                   ; 3.64 V              ; -0.19 V             ; 0.019 V                              ; 0.425 V                              ; 4.44e-10 s                  ; 1.91e-10 s                  ; Yes                        ; No                         ; 3.63 V                      ; 0.000184 V                  ; 3.64 V             ; -0.19 V            ; 0.019 V                             ; 0.425 V                             ; 4.44e-10 s                 ; 1.91e-10 s                 ; Yes                       ; No                        ;
; GPIO_1[29]          ; 3.3-V LVTTL  ; 0 s                 ; 0 s                 ; 3.63 V                       ; 0.000229 V                   ; 3.65 V              ; -0.319 V            ; 0.041 V                              ; 0.528 V                              ; 4.29e-10 s                  ; 1.87e-10 s                  ; Yes                        ; No                         ; 3.63 V                      ; 0.000229 V                  ; 3.65 V             ; -0.319 V           ; 0.041 V                             ; 0.528 V                             ; 4.29e-10 s                 ; 1.87e-10 s                 ; Yes                       ; No                        ;
; GPIO_1[30]          ; 3.3-V LVTTL  ; 0 s                 ; 0 s                 ; 3.63 V                       ; 0.000229 V                   ; 3.65 V              ; -0.319 V            ; 0.041 V                              ; 0.528 V                              ; 4.29e-10 s                  ; 1.87e-10 s                  ; Yes                        ; No                         ; 3.63 V                      ; 0.000229 V                  ; 3.65 V             ; -0.319 V           ; 0.041 V                             ; 0.528 V                             ; 4.29e-10 s                 ; 1.87e-10 s                 ; Yes                       ; No                        ;
; GPIO_1[31]          ; 3.3-V LVTTL  ; 0 s                 ; 0 s                 ; 3.63 V                       ; 0.000229 V                   ; 3.65 V              ; -0.316 V            ; 0.041 V                              ; 0.53 V                               ; 4.29e-10 s                  ; 1.87e-10 s                  ; Yes                        ; No                         ; 3.63 V                      ; 0.000229 V                  ; 3.65 V             ; -0.316 V           ; 0.041 V                             ; 0.53 V                              ; 4.29e-10 s                 ; 1.87e-10 s                 ; Yes                       ; No                        ;
; GPIO_1[32]          ; 3.3-V LVTTL  ; 0 s                 ; 0 s                 ; 3.63 V                       ; 0.000184 V                   ; 3.64 V              ; -0.19 V             ; 0.019 V                              ; 0.425 V                              ; 4.44e-10 s                  ; 1.91e-10 s                  ; Yes                        ; No                         ; 3.63 V                      ; 0.000184 V                  ; 3.64 V             ; -0.19 V            ; 0.019 V                             ; 0.425 V                             ; 4.44e-10 s                 ; 1.91e-10 s                 ; Yes                       ; No                        ;
; GPIO_1[33]          ; 3.3-V LVTTL  ; 0 s                 ; 0 s                 ; 3.63 V                       ; 0.000184 V                   ; 3.64 V              ; -0.19 V             ; 0.019 V                              ; 0.425 V                              ; 4.44e-10 s                  ; 1.91e-10 s                  ; Yes                        ; No                         ; 3.63 V                      ; 0.000184 V                  ; 3.64 V             ; -0.19 V            ; 0.019 V                             ; 0.425 V                             ; 4.44e-10 s                 ; 1.91e-10 s                 ; Yes                       ; No                        ;
; GPIO_1[34]          ; 3.3-V LVTTL  ; 0 s                 ; 0 s                 ; 3.63 V                       ; 0.000229 V                   ; 3.65 V              ; -0.316 V            ; 0.041 V                              ; 0.53 V                               ; 4.29e-10 s                  ; 1.87e-10 s                  ; Yes                        ; No                         ; 3.63 V                      ; 0.000229 V                  ; 3.65 V             ; -0.316 V           ; 0.041 V                             ; 0.53 V                              ; 4.29e-10 s                 ; 1.87e-10 s                 ; Yes                       ; No                        ;
; GPIO_1[35]          ; 3.3-V LVTTL  ; 0 s                 ; 0 s                 ; 3.63 V                       ; 0.000229 V                   ; 3.65 V              ; -0.319 V            ; 0.041 V                              ; 0.528 V                              ; 4.29e-10 s                  ; 1.87e-10 s                  ; Yes                        ; No                         ; 3.63 V                      ; 0.000229 V                  ; 3.65 V             ; -0.319 V           ; 0.041 V                             ; 0.528 V                             ; 4.29e-10 s                 ; 1.87e-10 s                 ; Yes                       ; No                        ;
; PS2_CLK             ; 3.3-V LVTTL  ; 0 s                 ; 0 s                 ; 3.63 V                       ; 0.000238 V                   ; 3.64 V              ; -0.254 V            ; 0.052 V                              ; 0.543 V                              ; 4.59e-10 s                  ; 1.96e-10 s                  ; Yes                        ; No                         ; 3.63 V                      ; 0.000238 V                  ; 3.64 V             ; -0.254 V           ; 0.052 V                             ; 0.543 V                             ; 4.59e-10 s                 ; 1.96e-10 s                 ; Yes                       ; No                        ;
; PS2_CLK2            ; 3.3-V LVTTL  ; 0 s                 ; 0 s                 ; 3.63 V                       ; 0.000184 V                   ; 3.64 V              ; -0.19 V             ; 0.019 V                              ; 0.425 V                              ; 4.44e-10 s                  ; 1.91e-10 s                  ; Yes                        ; No                         ; 3.63 V                      ; 0.000184 V                  ; 3.64 V             ; -0.19 V            ; 0.019 V                             ; 0.425 V                             ; 4.44e-10 s                 ; 1.91e-10 s                 ; Yes                       ; No                        ;
; PS2_DAT             ; 3.3-V LVTTL  ; 0 s                 ; 0 s                 ; 3.63 V                       ; 0.000238 V                   ; 3.64 V              ; -0.254 V            ; 0.052 V                              ; 0.543 V                              ; 4.59e-10 s                  ; 1.96e-10 s                  ; Yes                        ; No                         ; 3.63 V                      ; 0.000238 V                  ; 3.64 V             ; -0.254 V           ; 0.052 V                             ; 0.543 V                             ; 4.59e-10 s                 ; 1.96e-10 s                 ; Yes                       ; No                        ;
; PS2_DAT2            ; 3.3-V LVTTL  ; 0 s                 ; 0 s                 ; 3.63 V                       ; 0.000184 V                   ; 3.64 V              ; -0.19 V             ; 0.019 V                              ; 0.425 V                              ; 4.44e-10 s                  ; 1.91e-10 s                  ; Yes                        ; No                         ; 3.63 V                      ; 0.000184 V                  ; 3.64 V             ; -0.19 V            ; 0.019 V                             ; 0.425 V                             ; 4.44e-10 s                 ; 1.91e-10 s                 ; Yes                       ; No                        ;
; SD_CMD              ; 3.3-V LVTTL  ; 0 s                 ; 0 s                 ; 3.63 V                       ; 0.000229 V                   ; 3.65 V              ; -0.319 V            ; 0.041 V                              ; 0.528 V                              ; 4.29e-10 s                  ; 1.87e-10 s                  ; Yes                        ; No                         ; 3.63 V                      ; 0.000229 V                  ; 3.65 V             ; -0.319 V           ; 0.041 V                             ; 0.528 V                             ; 4.29e-10 s                 ; 1.87e-10 s                 ; Yes                       ; No                        ;
; SD_DATA[0]          ; 3.3-V LVTTL  ; 0 s                 ; 0 s                 ; 3.63 V                       ; 0.000229 V                   ; 3.65 V              ; -0.319 V            ; 0.041 V                              ; 0.528 V                              ; 4.29e-10 s                  ; 1.87e-10 s                  ; Yes                        ; No                         ; 3.63 V                      ; 0.000229 V                  ; 3.65 V             ; -0.319 V           ; 0.041 V                             ; 0.528 V                             ; 4.29e-10 s                 ; 1.87e-10 s                 ; Yes                       ; No                        ;
; SD_DATA[1]          ; 3.3-V LVTTL  ; 0 s                 ; 0 s                 ; 3.63 V                       ; 0.000238 V                   ; 3.64 V              ; -0.254 V            ; 0.052 V                              ; 0.543 V                              ; 4.59e-10 s                  ; 1.96e-10 s                  ; Yes                        ; No                         ; 3.63 V                      ; 0.000238 V                  ; 3.64 V             ; -0.254 V           ; 0.052 V                             ; 0.543 V                             ; 4.59e-10 s                 ; 1.96e-10 s                 ; Yes                       ; No                        ;
; SD_DATA[2]          ; 3.3-V LVTTL  ; 0 s                 ; 0 s                 ; 3.63 V                       ; 0.000184 V                   ; 3.64 V              ; -0.19 V             ; 0.019 V                              ; 0.425 V                              ; 4.44e-10 s                  ; 1.91e-10 s                  ; Yes                        ; No                         ; 3.63 V                      ; 0.000184 V                  ; 3.64 V             ; -0.19 V            ; 0.019 V                             ; 0.425 V                             ; 4.44e-10 s                 ; 1.91e-10 s                 ; Yes                       ; No                        ;
; SD_DATA[3]          ; 3.3-V LVTTL  ; 0 s                 ; 0 s                 ; 3.63 V                       ; 0.000229 V                   ; 3.65 V              ; -0.316 V            ; 0.041 V                              ; 0.53 V                               ; 4.29e-10 s                  ; 1.87e-10 s                  ; Yes                        ; No                         ; 3.63 V                      ; 0.000229 V                  ; 3.65 V             ; -0.316 V           ; 0.041 V                             ; 0.53 V                              ; 4.29e-10 s                 ; 1.87e-10 s                 ; Yes                       ; No                        ;
; GPIO_0[0]           ; 3.3-V LVTTL  ; 0 s                 ; 0 s                 ; 3.63 V                       ; 0.000238 V                   ; 3.64 V              ; -0.254 V            ; 0.052 V                              ; 0.543 V                              ; 4.59e-10 s                  ; 1.96e-10 s                  ; Yes                        ; No                         ; 3.63 V                      ; 0.000238 V                  ; 3.64 V             ; -0.254 V           ; 0.052 V                             ; 0.543 V                             ; 4.59e-10 s                 ; 1.96e-10 s                 ; Yes                       ; No                        ;
; GPIO_0[1]           ; 3.3-V LVTTL  ; 0 s                 ; 0 s                 ; 3.63 V                       ; 0.000229 V                   ; 3.65 V              ; -0.316 V            ; 0.041 V                              ; 0.53 V                               ; 4.29e-10 s                  ; 1.87e-10 s                  ; Yes                        ; No                         ; 3.63 V                      ; 0.000229 V                  ; 3.65 V             ; -0.316 V           ; 0.041 V                             ; 0.53 V                              ; 4.29e-10 s                 ; 1.87e-10 s                 ; Yes                       ; No                        ;
; GPIO_0[2]           ; 3.3-V LVTTL  ; 0 s                 ; 0 s                 ; 3.63 V                       ; 0.000184 V                   ; 3.64 V              ; -0.19 V             ; 0.019 V                              ; 0.425 V                              ; 4.44e-10 s                  ; 1.91e-10 s                  ; Yes                        ; No                         ; 3.63 V                      ; 0.000184 V                  ; 3.64 V             ; -0.19 V            ; 0.019 V                             ; 0.425 V                             ; 4.44e-10 s                 ; 1.91e-10 s                 ; Yes                       ; No                        ;
; GPIO_0[3]           ; 3.3-V LVTTL  ; 0 s                 ; 0 s                 ; 3.63 V                       ; 0.000229 V                   ; 3.65 V              ; -0.319 V            ; 0.041 V                              ; 0.528 V                              ; 4.29e-10 s                  ; 1.87e-10 s                  ; Yes                        ; No                         ; 3.63 V                      ; 0.000229 V                  ; 3.65 V             ; -0.319 V           ; 0.041 V                             ; 0.528 V                             ; 4.29e-10 s                 ; 1.87e-10 s                 ; Yes                       ; No                        ;
; GPIO_0[4]           ; 3.3-V LVTTL  ; 0 s                 ; 0 s                 ; 3.63 V                       ; 0.000238 V                   ; 3.64 V              ; -0.254 V            ; 0.052 V                              ; 0.543 V                              ; 4.59e-10 s                  ; 1.96e-10 s                  ; Yes                        ; No                         ; 3.63 V                      ; 0.000238 V                  ; 3.64 V             ; -0.254 V           ; 0.052 V                             ; 0.543 V                             ; 4.59e-10 s                 ; 1.96e-10 s                 ; Yes                       ; No                        ;
; GPIO_0[5]           ; 3.3-V LVTTL  ; 0 s                 ; 0 s                 ; 3.63 V                       ; 0.000238 V                   ; 3.64 V              ; -0.254 V            ; 0.052 V                              ; 0.543 V                              ; 4.59e-10 s                  ; 1.96e-10 s                  ; Yes                        ; No                         ; 3.63 V                      ; 0.000238 V                  ; 3.64 V             ; -0.254 V           ; 0.052 V                             ; 0.543 V                             ; 4.59e-10 s                 ; 1.96e-10 s                 ; Yes                       ; No                        ;
; GPIO_0[28]          ; 3.3-V LVTTL  ; 0 s                 ; 0 s                 ; 3.63 V                       ; 0.000184 V                   ; 3.64 V              ; -0.19 V             ; 0.019 V                              ; 0.425 V                              ; 4.44e-10 s                  ; 1.91e-10 s                  ; Yes                        ; No                         ; 3.63 V                      ; 0.000184 V                  ; 3.64 V             ; -0.19 V            ; 0.019 V                             ; 0.425 V                             ; 4.44e-10 s                 ; 1.91e-10 s                 ; Yes                       ; No                        ;
; GPIO_0[29]          ; 3.3-V LVTTL  ; 0 s                 ; 0 s                 ; 3.63 V                       ; 0.000184 V                   ; 3.64 V              ; -0.19 V             ; 0.019 V                              ; 0.425 V                              ; 4.44e-10 s                  ; 1.91e-10 s                  ; Yes                        ; No                         ; 3.63 V                      ; 0.000184 V                  ; 3.64 V             ; -0.19 V            ; 0.019 V                             ; 0.425 V                             ; 4.44e-10 s                 ; 1.91e-10 s                 ; Yes                       ; No                        ;
; GPIO_0[30]          ; 3.3-V LVTTL  ; 0 s                 ; 0 s                 ; 3.63 V                       ; 0.000238 V                   ; 3.64 V              ; -0.254 V            ; 0.052 V                              ; 0.543 V                              ; 4.59e-10 s                  ; 1.96e-10 s                  ; Yes                        ; No                         ; 3.63 V                      ; 0.000238 V                  ; 3.64 V             ; -0.254 V           ; 0.052 V                             ; 0.543 V                             ; 4.59e-10 s                 ; 1.96e-10 s                 ; Yes                       ; No                        ;
; GPIO_0[31]          ; 3.3-V LVTTL  ; 0 s                 ; 0 s                 ; 3.63 V                       ; 0.000229 V                   ; 3.65 V              ; -0.319 V            ; 0.041 V                              ; 0.528 V                              ; 4.29e-10 s                  ; 1.87e-10 s                  ; Yes                        ; No                         ; 3.63 V                      ; 0.000229 V                  ; 3.65 V             ; -0.319 V           ; 0.041 V                             ; 0.528 V                             ; 4.29e-10 s                 ; 1.87e-10 s                 ; Yes                       ; No                        ;
; GPIO_0[32]          ; 3.3-V LVTTL  ; 0 s                 ; 0 s                 ; 3.63 V                       ; 0.000229 V                   ; 3.65 V              ; -0.316 V            ; 0.041 V                              ; 0.53 V                               ; 4.29e-10 s                  ; 1.87e-10 s                  ; Yes                        ; No                         ; 3.63 V                      ; 0.000229 V                  ; 3.65 V             ; -0.316 V           ; 0.041 V                             ; 0.53 V                              ; 4.29e-10 s                 ; 1.87e-10 s                 ; Yes                       ; No                        ;
; GPIO_0[33]          ; 3.3-V LVTTL  ; 0 s                 ; 0 s                 ; 3.63 V                       ; 0.000238 V                   ; 3.64 V              ; -0.254 V            ; 0.052 V                              ; 0.543 V                              ; 4.59e-10 s                  ; 1.96e-10 s                  ; Yes                        ; No                         ; 3.63 V                      ; 0.000238 V                  ; 3.64 V             ; -0.254 V           ; 0.052 V                             ; 0.543 V                             ; 4.59e-10 s                 ; 1.96e-10 s                 ; Yes                       ; No                        ;
; GPIO_0[34]          ; 3.3-V LVTTL  ; 0 s                 ; 0 s                 ; 3.63 V                       ; 0.000184 V                   ; 3.64 V              ; -0.19 V             ; 0.019 V                              ; 0.425 V                              ; 4.44e-10 s                  ; 1.91e-10 s                  ; Yes                        ; No                         ; 3.63 V                      ; 0.000184 V                  ; 3.64 V             ; -0.19 V            ; 0.019 V                             ; 0.425 V                             ; 4.44e-10 s                 ; 1.91e-10 s                 ; Yes                       ; No                        ;
; GPIO_0[35]          ; 3.3-V LVTTL  ; 0 s                 ; 0 s                 ; 3.63 V                       ; 0.000238 V                   ; 3.64 V              ; -0.254 V            ; 0.052 V                              ; 0.543 V                              ; 4.59e-10 s                  ; 1.96e-10 s                  ; Yes                        ; No                         ; 3.63 V                      ; 0.000238 V                  ; 3.64 V             ; -0.254 V           ; 0.052 V                             ; 0.543 V                             ; 4.59e-10 s                 ; 1.96e-10 s                 ; Yes                       ; No                        ;
; altera_reserved_tdo ; 3.3-V LVTTL  ; 0 s                 ; 0 s                 ; 3.63 V                       ; 0.000312 V                   ; 3.68 V              ; -0.0512 V           ; 0.226 V                              ; 0.205 V                              ; 5.93e-10 s                  ; 2.92e-10 s                  ; No                         ; Yes                        ; 3.63 V                      ; 0.000312 V                  ; 3.68 V             ; -0.0512 V          ; 0.226 V                             ; 0.205 V                             ; 5.93e-10 s                 ; 2.92e-10 s                 ; No                        ; Yes                       ;
+---------------------+--------------+---------------------+---------------------+------------------------------+------------------------------+---------------------+---------------------+--------------------------------------+--------------------------------------+-----------------------------+-----------------------------+----------------------------+----------------------------+-----------------------------+-----------------------------+--------------------+--------------------+-------------------------------------+-------------------------------------+----------------------------+----------------------------+---------------------------+---------------------------+


+---------------------------------------------------------------------------------------+
; Setup Transfers                                                                       ;
+---------------------+---------------------+----------+----------+----------+----------+
; From Clock          ; To Clock            ; RR Paths ; FR Paths ; RF Paths ; FF Paths ;
+---------------------+---------------------+----------+----------+----------+----------+
; altera_reserved_tck ; altera_reserved_tck ; 5680     ; 0        ; 56       ; 0        ;
+---------------------+---------------------+----------+----------+----------+----------+
Entries labeled "false path" only account for clock-to-clock false paths and not path-based false paths. As a result, actual path counts may be lower than reported.


+---------------------------------------------------------------------------------------+
; Hold Transfers                                                                        ;
+---------------------+---------------------+----------+----------+----------+----------+
; From Clock          ; To Clock            ; RR Paths ; FR Paths ; RF Paths ; FF Paths ;
+---------------------+---------------------+----------+----------+----------+----------+
; altera_reserved_tck ; altera_reserved_tck ; 5680     ; 0        ; 56       ; 0        ;
+---------------------+---------------------+----------+----------+----------+----------+
Entries labeled "false path" only account for clock-to-clock false paths and not path-based false paths. As a result, actual path counts may be lower than reported.


+---------------------------------------------------------------------------------------+
; Recovery Transfers                                                                    ;
+---------------------+---------------------+----------+----------+----------+----------+
; From Clock          ; To Clock            ; RR Paths ; FR Paths ; RF Paths ; FF Paths ;
+---------------------+---------------------+----------+----------+----------+----------+
; altera_reserved_tck ; altera_reserved_tck ; 244      ; 0        ; 0        ; 0        ;
+---------------------+---------------------+----------+----------+----------+----------+
Entries labeled "false path" only account for clock-to-clock false paths and not path-based false paths. As a result, actual path counts may be lower than reported.


+---------------------------------------------------------------------------------------+
; Removal Transfers                                                                     ;
+---------------------+---------------------+----------+----------+----------+----------+
; From Clock          ; To Clock            ; RR Paths ; FR Paths ; RF Paths ; FF Paths ;
+---------------------+---------------------+----------+----------+----------+----------+
; altera_reserved_tck ; altera_reserved_tck ; 244      ; 0        ; 0        ; 0        ;
+---------------------+---------------------+----------+----------+----------+----------+
Entries labeled "false path" only account for clock-to-clock false paths and not path-based false paths. As a result, actual path counts may be lower than reported.


---------------
; Report TCCS ;
---------------
No dedicated SERDES Transmitter circuitry present in device or used in design


---------------
; Report RSKM ;
---------------
No non-DPA dedicated SERDES Receiver circuitry present in device or used in design


+------------------------------------------------+
; Unconstrained Paths Summary                    ;
+---------------------------------+-------+------+
; Property                        ; Setup ; Hold ;
+---------------------------------+-------+------+
; Illegal Clocks                  ; 0     ; 0    ;
; Unconstrained Clocks            ; 1     ; 1    ;
; Unconstrained Input Ports       ; 41    ; 41   ;
; Unconstrained Input Port Paths  ; 294   ; 294  ;
; Unconstrained Output Ports      ; 13    ; 13   ;
; Unconstrained Output Port Paths ; 51    ; 51   ;
+---------------------------------+-------+------+


+------------------------------------------------------------------+
; Clock Status Summary                                             ;
+---------------------+---------------------+------+---------------+
; Target              ; Clock               ; Type ; Status        ;
+---------------------+---------------------+------+---------------+
; CLOCK_50            ;                     ; Base ; Unconstrained ;
; altera_reserved_tck ; altera_reserved_tck ; Base ; Constrained   ;
+---------------------+---------------------+------+---------------+


+------------------------------------------------------------------------------------------------------------+
; Unconstrained Input Ports                                                                                  ;
+---------------------+--------------------------------------------------------------------------------------+
; Input Port          ; Comment                                                                              ;
+---------------------+--------------------------------------------------------------------------------------+
; GPIO_0[0]           ; No input delay, min/max delays, false-path exceptions, or max skew assignments found ;
; GPIO_0[1]           ; No input delay, min/max delays, false-path exceptions, or max skew assignments found ;
; GPIO_0[2]           ; No input delay, min/max delays, false-path exceptions, or max skew assignments found ;
; GPIO_0[3]           ; No input delay, min/max delays, false-path exceptions, or max skew assignments found ;
; GPIO_0[4]           ; No input delay, min/max delays, false-path exceptions, or max skew assignments found ;
; GPIO_0[5]           ; No input delay, min/max delays, false-path exceptions, or max skew assignments found ;
; GPIO_0[6]           ; No input delay, min/max delays, false-path exceptions, or max skew assignments found ;
; GPIO_0[7]           ; No input delay, min/max delays, false-path exceptions, or max skew assignments found ;
; GPIO_0[8]           ; No input delay, min/max delays, false-path exceptions, or max skew assignments found ;
; GPIO_0[9]           ; No input delay, min/max delays, false-path exceptions, or max skew assignments found ;
; GPIO_0[10]          ; No input delay, min/max delays, false-path exceptions, or max skew assignments found ;
; GPIO_0[11]          ; No input delay, min/max delays, false-path exceptions, or max skew assignments found ;
; GPIO_0[12]          ; No input delay, min/max delays, false-path exceptions, or max skew assignments found ;
; GPIO_0[13]          ; No input delay, min/max delays, false-path exceptions, or max skew assignments found ;
; GPIO_0[14]          ; No input delay, min/max delays, false-path exceptions, or max skew assignments found ;
; GPIO_0[15]          ; No input delay, min/max delays, false-path exceptions, or max skew assignments found ;
; GPIO_0[16]          ; No input delay, min/max delays, false-path exceptions, or max skew assignments found ;
; GPIO_0[17]          ; No input delay, min/max delays, false-path exceptions, or max skew assignments found ;
; GPIO_0[18]          ; No input delay, min/max delays, false-path exceptions, or max skew assignments found ;
; GPIO_0[19]          ; No input delay, min/max delays, false-path exceptions, or max skew assignments found ;
; GPIO_0[20]          ; No input delay, min/max delays, false-path exceptions, or max skew assignments found ;
; GPIO_0[21]          ; No input delay, min/max delays, false-path exceptions, or max skew assignments found ;
; GPIO_0[22]          ; No input delay, min/max delays, false-path exceptions, or max skew assignments found ;
; GPIO_0[23]          ; No input delay, min/max delays, false-path exceptions, or max skew assignments found ;
; GPIO_0[24]          ; No input delay, min/max delays, false-path exceptions, or max skew assignments found ;
; GPIO_0[25]          ; No input delay, min/max delays, false-path exceptions, or max skew assignments found ;
; GPIO_0[26]          ; No input delay, min/max delays, false-path exceptions, or max skew assignments found ;
; GPIO_0[27]          ; No input delay, min/max delays, false-path exceptions, or max skew assignments found ;
; GPIO_0[28]          ; No input delay, min/max delays, false-path exceptions, or max skew assignments found ;
; GPIO_0[29]          ; No input delay, min/max delays, false-path exceptions, or max skew assignments found ;
; GPIO_0[30]          ; No input delay, min/max delays, false-path exceptions, or max skew assignments found ;
; GPIO_0[31]          ; No input delay, min/max delays, false-path exceptions, or max skew assignments found ;
; GPIO_0[32]          ; No input delay, min/max delays, false-path exceptions, or max skew assignments found ;
; GPIO_0[33]          ; No input delay, min/max delays, false-path exceptions, or max skew assignments found ;
; GPIO_0[34]          ; No input delay, min/max delays, false-path exceptions, or max skew assignments found ;
; GPIO_0[35]          ; No input delay, min/max delays, false-path exceptions, or max skew assignments found ;
; SW[0]               ; No input delay, min/max delays, false-path exceptions, or max skew assignments found ;
; SW[1]               ; No input delay, min/max delays, false-path exceptions, or max skew assignments found ;
; SW[2]               ; No input delay, min/max delays, false-path exceptions, or max skew assignments found ;
; altera_reserved_tdi ; No input delay, min/max delays, false-path exceptions, or max skew assignments found ;
; altera_reserved_tms ; No input delay, min/max delays, false-path exceptions, or max skew assignments found ;
+---------------------+--------------------------------------------------------------------------------------+


+-------------------------------------------------------------------------------------------------------------+
; Unconstrained Output Ports                                                                                  ;
+---------------------+---------------------------------------------------------------------------------------+
; Output Port         ; Comment                                                                               ;
+---------------------+---------------------------------------------------------------------------------------+
; GPIO_0[2]           ; No output delay, min/max delays, false-path exceptions, or max skew assignments found ;
; GPIO_0[4]           ; No output delay, min/max delays, false-path exceptions, or max skew assignments found ;
; GPIO_0[5]           ; No output delay, min/max delays, false-path exceptions, or max skew assignments found ;
; GPIO_0[28]          ; No output delay, min/max delays, false-path exceptions, or max skew assignments found ;
; GPIO_0[29]          ; No output delay, min/max delays, false-path exceptions, or max skew assignments found ;
; GPIO_0[30]          ; No output delay, min/max delays, false-path exceptions, or max skew assignments found ;
; GPIO_0[31]          ; No output delay, min/max delays, false-path exceptions, or max skew assignments found ;
; GPIO_0[32]          ; No output delay, min/max delays, false-path exceptions, or max skew assignments found ;
; GPIO_0[33]          ; No output delay, min/max delays, false-path exceptions, or max skew assignments found ;
; GPIO_0[34]          ; No output delay, min/max delays, false-path exceptions, or max skew assignments found ;
; GPIO_0[35]          ; No output delay, min/max delays, false-path exceptions, or max skew assignments found ;
; LEDR[4]             ; No output delay, min/max delays, false-path exceptions, or max skew assignments found ;
; altera_reserved_tdo ; No output delay, min/max delays, false-path exceptions, or max skew assignments found ;
+---------------------+---------------------------------------------------------------------------------------+


+------------------------------------------------------------------------------------------------------------+
; Unconstrained Input Ports                                                                                  ;
+---------------------+--------------------------------------------------------------------------------------+
; Input Port          ; Comment                                                                              ;
+---------------------+--------------------------------------------------------------------------------------+
; GPIO_0[0]           ; No input delay, min/max delays, false-path exceptions, or max skew assignments found ;
; GPIO_0[1]           ; No input delay, min/max delays, false-path exceptions, or max skew assignments found ;
; GPIO_0[2]           ; No input delay, min/max delays, false-path exceptions, or max skew assignments found ;
; GPIO_0[3]           ; No input delay, min/max delays, false-path exceptions, or max skew assignments found ;
; GPIO_0[4]           ; No input delay, min/max delays, false-path exceptions, or max skew assignments found ;
; GPIO_0[5]           ; No input delay, min/max delays, false-path exceptions, or max skew assignments found ;
; GPIO_0[6]           ; No input delay, min/max delays, false-path exceptions, or max skew assignments found ;
; GPIO_0[7]           ; No input delay, min/max delays, false-path exceptions, or max skew assignments found ;
; GPIO_0[8]           ; No input delay, min/max delays, false-path exceptions, or max skew assignments found ;
; GPIO_0[9]           ; No input delay, min/max delays, false-path exceptions, or max skew assignments found ;
; GPIO_0[10]          ; No input delay, min/max delays, false-path exceptions, or max skew assignments found ;
; GPIO_0[11]          ; No input delay, min/max delays, false-path exceptions, or max skew assignments found ;
; GPIO_0[12]          ; No input delay, min/max delays, false-path exceptions, or max skew assignments found ;
; GPIO_0[13]          ; No input delay, min/max delays, false-path exceptions, or max skew assignments found ;
; GPIO_0[14]          ; No input delay, min/max delays, false-path exceptions, or max skew assignments found ;
; GPIO_0[15]          ; No input delay, min/max delays, false-path exceptions, or max skew assignments found ;
; GPIO_0[16]          ; No input delay, min/max delays, false-path exceptions, or max skew assignments found ;
; GPIO_0[17]          ; No input delay, min/max delays, false-path exceptions, or max skew assignments found ;
; GPIO_0[18]          ; No input delay, min/max delays, false-path exceptions, or max skew assignments found ;
; GPIO_0[19]          ; No input delay, min/max delays, false-path exceptions, or max skew assignments found ;
; GPIO_0[20]          ; No input delay, min/max delays, false-path exceptions, or max skew assignments found ;
; GPIO_0[21]          ; No input delay, min/max delays, false-path exceptions, or max skew assignments found ;
; GPIO_0[22]          ; No input delay, min/max delays, false-path exceptions, or max skew assignments found ;
; GPIO_0[23]          ; No input delay, min/max delays, false-path exceptions, or max skew assignments found ;
; GPIO_0[24]          ; No input delay, min/max delays, false-path exceptions, or max skew assignments found ;
; GPIO_0[25]          ; No input delay, min/max delays, false-path exceptions, or max skew assignments found ;
; GPIO_0[26]          ; No input delay, min/max delays, false-path exceptions, or max skew assignments found ;
; GPIO_0[27]          ; No input delay, min/max delays, false-path exceptions, or max skew assignments found ;
; GPIO_0[28]          ; No input delay, min/max delays, false-path exceptions, or max skew assignments found ;
; GPIO_0[29]          ; No input delay, min/max delays, false-path exceptions, or max skew assignments found ;
; GPIO_0[30]          ; No input delay, min/max delays, false-path exceptions, or max skew assignments found ;
; GPIO_0[31]          ; No input delay, min/max delays, false-path exceptions, or max skew assignments found ;
; GPIO_0[32]          ; No input delay, min/max delays, false-path exceptions, or max skew assignments found ;
; GPIO_0[33]          ; No input delay, min/max delays, false-path exceptions, or max skew assignments found ;
; GPIO_0[34]          ; No input delay, min/max delays, false-path exceptions, or max skew assignments found ;
; GPIO_0[35]          ; No input delay, min/max delays, false-path exceptions, or max skew assignments found ;
; SW[0]               ; No input delay, min/max delays, false-path exceptions, or max skew assignments found ;
; SW[1]               ; No input delay, min/max delays, false-path exceptions, or max skew assignments found ;
; SW[2]               ; No input delay, min/max delays, false-path exceptions, or max skew assignments found ;
; altera_reserved_tdi ; No input delay, min/max delays, false-path exceptions, or max skew assignments found ;
; altera_reserved_tms ; No input delay, min/max delays, false-path exceptions, or max skew assignments found ;
+---------------------+--------------------------------------------------------------------------------------+


+-------------------------------------------------------------------------------------------------------------+
; Unconstrained Output Ports                                                                                  ;
+---------------------+---------------------------------------------------------------------------------------+
; Output Port         ; Comment                                                                               ;
+---------------------+---------------------------------------------------------------------------------------+
; GPIO_0[2]           ; No output delay, min/max delays, false-path exceptions, or max skew assignments found ;
; GPIO_0[4]           ; No output delay, min/max delays, false-path exceptions, or max skew assignments found ;
; GPIO_0[5]           ; No output delay, min/max delays, false-path exceptions, or max skew assignments found ;
; GPIO_0[28]          ; No output delay, min/max delays, false-path exceptions, or max skew assignments found ;
; GPIO_0[29]          ; No output delay, min/max delays, false-path exceptions, or max skew assignments found ;
; GPIO_0[30]          ; No output delay, min/max delays, false-path exceptions, or max skew assignments found ;
; GPIO_0[31]          ; No output delay, min/max delays, false-path exceptions, or max skew assignments found ;
; GPIO_0[32]          ; No output delay, min/max delays, false-path exceptions, or max skew assignments found ;
; GPIO_0[33]          ; No output delay, min/max delays, false-path exceptions, or max skew assignments found ;
; GPIO_0[34]          ; No output delay, min/max delays, false-path exceptions, or max skew assignments found ;
; GPIO_0[35]          ; No output delay, min/max delays, false-path exceptions, or max skew assignments found ;
; LEDR[4]             ; No output delay, min/max delays, false-path exceptions, or max skew assignments found ;
; altera_reserved_tdo ; No output delay, min/max delays, false-path exceptions, or max skew assignments found ;
+---------------------+---------------------------------------------------------------------------------------+


+--------------------------+
; Timing Analyzer Messages ;
+--------------------------+
Info: *******************************************************************
Info: Running Quartus Prime Timing Analyzer
    Info: Version 18.1.0 Build 625 09/12/2018 SJ Lite Edition
    Info: Processing started: Thu May 01 00:30:16 2025
Info: Command: quartus_sta Ps2_Encrypted_LCD -c Ps2_Encrypted_LCD
Info: qsta_default_script.tcl version: #1
Warning (18236): Number of processors has not been specified which may cause overloading on shared machines.  Set the global assignment NUM_PARALLEL_PROCESSORS in your QSF to an appropriate value for best performance.
Info (20030): Parallel compilation is enabled and will use 12 of the 12 processors detected
Info (21076): High junction temperature operating condition is not set. Assuming a default value of '85'.
Info (21076): Low junction temperature operating condition is not set. Assuming a default value of '0'.
Info (332164): Evaluating HDL-embedded SDC commands
    Info (332165): Entity sld_hub
        Info (332166): create_clock -name altera_reserved_tck [get_ports {altera_reserved_tck}] -period 30MHz   
        Info (332166): if { [string equal quartus_fit $::TimeQuestInfo(nameofexecutable)] } { set_max_delay -to [get_ports { altera_reserved_tdo } ] 0 }
        Info (332166): set_clock_groups -asynchronous -group {altera_reserved_tck}
Critical Warning (332012): Synopsys Design Constraints File file not found: 'Ps2_Encrypted_LCD.sdc'. A Synopsys Design Constraints File is required by the Timing Analyzer to get proper timing constraints. Without it, the Compiler will not properly optimize the design.
Warning (332060): Node: CLOCK_50 was determined to be a clock but was found without an associated clock assignment.
    Info (13166): Register Top:t|LCD_display:display|delay_counter[17] is being clocked by CLOCK_50
Info (332143): No user constrained clock uncertainty found in the design. Calling "derive_clock_uncertainty"
Info (332123): Deriving Clock Uncertainty. Please refer to report_sdc in the Timing Analyzer to see clock uncertainties.
Info: Found TIMING_ANALYZER_REPORT_SCRIPT_INCLUDE_DEFAULT_ANALYSIS = ON
Info: Analyzing Slow 1100mV 85C Model
Info (332146): Worst-case setup slack is 9.576
    Info (332119):     Slack       End Point TNS Clock 
    Info (332119): ========= =================== =====================
    Info (332119):     9.576               0.000 altera_reserved_tck 
Info (332146): Worst-case hold slack is 0.542
    Info (332119):     Slack       End Point TNS Clock 
    Info (332119): ========= =================== =====================
    Info (332119):     0.542               0.000 altera_reserved_tck 
Info (332146): Worst-case recovery slack is 29.692
    Info (332119):     Slack       End Point TNS Clock 
    Info (332119): ========= =================== =====================
    Info (332119):    29.692               0.000 altera_reserved_tck 
Info (332146): Worst-case removal slack is 0.790
    Info (332119):     Slack       End Point TNS Clock 
    Info (332119): ========= =================== =====================
    Info (332119):     0.790               0.000 altera_reserved_tck 
Info (332146): Worst-case minimum pulse width slack is 15.049
    Info (332119):     Slack       End Point TNS Clock 
    Info (332119): ========= =================== =====================
    Info (332119):    15.049               0.000 altera_reserved_tck 
Info: Analyzing Slow 1100mV 0C Model
Info (334003): Started post-fitting delay annotation
Info (334004): Delay annotation completed successfully
Warning (332060): Node: CLOCK_50 was determined to be a clock but was found without an associated clock assignment.
    Info (13166): Register Top:t|LCD_display:display|delay_counter[17] is being clocked by CLOCK_50
Info (332123): Deriving Clock Uncertainty. Please refer to report_sdc in the Timing Analyzer to see clock uncertainties.
Info (332146): Worst-case setup slack is 9.813
    Info (332119):     Slack       End Point TNS Clock 
    Info (332119): ========= =================== =====================
    Info (332119):     9.813               0.000 altera_reserved_tck 
Info (332146): Worst-case hold slack is 0.548
    Info (332119):     Slack       End Point TNS Clock 
    Info (332119): ========= =================== =====================
    Info (332119):     0.548               0.000 altera_reserved_tck 
Info (332146): Worst-case recovery slack is 29.858
    Info (332119):     Slack       End Point TNS Clock 
    Info (332119): ========= =================== =====================
    Info (332119):    29.858               0.000 altera_reserved_tck 
Info (332146): Worst-case removal slack is 0.711
    Info (332119):     Slack       End Point TNS Clock 
    Info (332119): ========= =================== =====================
    Info (332119):     0.711               0.000 altera_reserved_tck 
Info (332146): Worst-case minimum pulse width slack is 15.052
    Info (332119):     Slack       End Point TNS Clock 
    Info (332119): ========= =================== =====================
    Info (332119):    15.052               0.000 altera_reserved_tck 
Info: Analyzing Fast 1100mV 85C Model
Info (334003): Started post-fitting delay annotation
Info (334004): Delay annotation completed successfully
Warning (332060): Node: CLOCK_50 was determined to be a clock but was found without an associated clock assignment.
    Info (13166): Register Top:t|LCD_display:display|delay_counter[17] is being clocked by CLOCK_50
Info (332123): Deriving Clock Uncertainty. Please refer to report_sdc in the Timing Analyzer to see clock uncertainties.
Info (332146): Worst-case setup slack is 13.282
    Info (332119):     Slack       End Point TNS Clock 
    Info (332119): ========= =================== =====================
    Info (332119):    13.282               0.000 altera_reserved_tck 
Info (332146): Worst-case hold slack is 0.170
    Info (332119):     Slack       End Point TNS Clock 
    Info (332119): ========= =================== =====================
    Info (332119):     0.170               0.000 altera_reserved_tck 
Info (332146): Worst-case recovery slack is 31.078
    Info (332119):     Slack       End Point TNS Clock 
    Info (332119): ========= =================== =====================
    Info (332119):    31.078               0.000 altera_reserved_tck 
Info (332146): Worst-case removal slack is 0.291
    Info (332119):     Slack       End Point TNS Clock 
    Info (332119): ========= =================== =====================
    Info (332119):     0.291               0.000 altera_reserved_tck 
Info (332146): Worst-case minimum pulse width slack is 14.806
    Info (332119):     Slack       End Point TNS Clock 
    Info (332119): ========= =================== =====================
    Info (332119):    14.806               0.000 altera_reserved_tck 
Info: Analyzing Fast 1100mV 0C Model
Warning (332060): Node: CLOCK_50 was determined to be a clock but was found without an associated clock assignment.
    Info (13166): Register Top:t|LCD_display:display|delay_counter[17] is being clocked by CLOCK_50
Info (332123): Deriving Clock Uncertainty. Please refer to report_sdc in the Timing Analyzer to see clock uncertainties.
Info (332146): Worst-case setup slack is 13.726
    Info (332119):     Slack       End Point TNS Clock 
    Info (332119): ========= =================== =====================
    Info (332119):    13.726               0.000 altera_reserved_tck 
Info (332146): Worst-case hold slack is 0.155
    Info (332119):     Slack       End Point TNS Clock 
    Info (332119): ========= =================== =====================
    Info (332119):     0.155               0.000 altera_reserved_tck 
Info (332146): Worst-case recovery slack is 31.298
    Info (332119):     Slack       End Point TNS Clock 
    Info (332119): ========= =================== =====================
    Info (332119):    31.298               0.000 altera_reserved_tck 
Info (332146): Worst-case removal slack is 0.254
    Info (332119):     Slack       End Point TNS Clock 
    Info (332119): ========= =================== =====================
    Info (332119):     0.254               0.000 altera_reserved_tck 
Info (332146): Worst-case minimum pulse width slack is 14.795
    Info (332119):     Slack       End Point TNS Clock 
    Info (332119): ========= =================== =====================
    Info (332119):    14.795               0.000 altera_reserved_tck 
Info (332102): Design is not fully constrained for setup requirements
Info (332102): Design is not fully constrained for hold requirements
Info: Quartus Prime Timing Analyzer was successful. 0 errors, 6 warnings
    Info: Peak virtual memory: 5231 megabytes
    Info: Processing ended: Thu May 01 00:30:24 2025
    Info: Elapsed time: 00:00:08
    Info: Total CPU time (on all processors): 00:00:10


