Analysis & Synthesis report for Ps2_Encrypted_LCD
Thu May 01 00:28:44 2025
Quartus Prime Version 18.1.0 Build 625 09/12/2018 SJ Lite Edition


---------------------
; Table of Contents ;
---------------------
  1. Legal Notice
  2. Analysis & Synthesis Summary
  3. Analysis & Synthesis Settings
  4. Parallel Compilation
  5. Analysis & Synthesis Source Files Read
  6. Analysis & Synthesis Resource Usage Summary
  7. Analysis & Synthesis Resource Utilization by Entity
  8. Analysis & Synthesis RAM Summary
  9. Analysis & Synthesis IP Cores Summary
 10. State Machine - |DE0_CV_golden_top|Top:t|LCD_display:display|current_state
 11. State Machine - |DE0_CV_golden_top|Top:t|Ps2DataCollection:collector|current_state
 12. Registers Protected by Synthesis
 13. Registers Removed During Synthesis
 14. General Register Statistics
 15. Inverted Register Statistics
 16. Multiplexer Restructuring Statistics (Restructuring Performed)
 17. Source assignments for Top:t|Ps2DataCollection:collector
 18. Source assignments for sld_signaltap:auto_signaltap_0
 19. Parameter Settings for Inferred Entity Instance: sld_signaltap:auto_signaltap_0
 20. Signal Tap Logic Analyzer Settings
 21. Post-Synthesis Netlist Statistics for Top Partition
 22. Elapsed Time Per Partition
 23. Connections to In-System Debugging Instance "auto_signaltap_0"
 24. Analysis & Synthesis Messages



----------------
; Legal Notice ;
----------------
Copyright (C) 2018  Intel Corporation. All rights reserved.
Your use of Intel Corporation's design tools, logic functions 
and other software and tools, and its AMPP partner logic 
functions, and any output files from any of the foregoing 
(including device programming or simulation files), and any 
associated documentation or information are expressly subject 
to the terms and conditions of the Intel Program License 
Subscription Agreement, the Intel Quartus Prime License Agreement,
the Intel FPGA IP License Agreement, or other applicable license
agreement, including, without limitation, that your use is for
the sole purpose of programming logic devices manufactured by
Intel and sold by Intel or its authorized distributors.  Please
refer to the applicable agreement for further details.



+-------------------------------------------------------------------------------+
; Analysis & Synthesis Summary                                                  ;
+---------------------------------+---------------------------------------------+
; Analysis & Synthesis Status     ; Successful - Thu May 01 00:28:44 2025       ;
; Quartus Prime Version           ; 18.1.0 Build 625 09/12/2018 SJ Lite Edition ;
; Revision Name                   ; Ps2_Encrypted_LCD                           ;
; Top-level Entity Name           ; DE0_CV_golden_top                           ;
; Family                          ; Cyclone V                                   ;
; Logic utilization (in ALMs)     ; N/A                                         ;
; Total registers                 ; 879                                         ;
; Total pins                      ; 206                                         ;
; Total virtual pins              ; 0                                           ;
; Total block memory bits         ; 4,736                                       ;
; Total DSP Blocks                ; 0                                           ;
; Total HSSI RX PCSs              ; 0                                           ;
; Total HSSI PMA RX Deserializers ; 0                                           ;
; Total HSSI TX PCSs              ; 0                                           ;
; Total HSSI PMA TX Serializers   ; 0                                           ;
; Total PLLs                      ; 0                                           ;
; Total DLLs                      ; 0                                           ;
+---------------------------------+---------------------------------------------+


+---------------------------------------------------------------------------------------------------------------------------+
; Analysis & Synthesis Settings                                                                                             ;
+---------------------------------------------------------------------------------+--------------------+--------------------+
; Option                                                                          ; Setting            ; Default Value      ;
+---------------------------------------------------------------------------------+--------------------+--------------------+
; Device                                                                          ; 5CEBA4F23C7        ;                    ;
; Top-level entity name                                                           ; DE0_CV_golden_top  ; Ps2_Encrypted_LCD  ;
; Family name                                                                     ; Cyclone V          ; Cyclone V          ;
; Optimization Technique                                                          ; Speed              ; Balanced           ;
; Use smart compilation                                                           ; Off                ; Off                ;
; Enable parallel Assembler and Timing Analyzer during compilation                ; On                 ; On                 ;
; Enable compact report table                                                     ; Off                ; Off                ;
; Restructure Multiplexers                                                        ; Auto               ; Auto               ;
; MLAB Add Timing Constraints For Mixed-Port Feed-Through Mode Setting Don't Care ; Off                ; Off                ;
; Create Debugging Nodes for IP Cores                                             ; Off                ; Off                ;
; Preserve fewer node names                                                       ; On                 ; On                 ;
; Intel FPGA IP Evaluation Mode                                                   ; Enable             ; Enable             ;
; Verilog Version                                                                 ; Verilog_2001       ; Verilog_2001       ;
; VHDL Version                                                                    ; VHDL_1993          ; VHDL_1993          ;
; State Machine Processing                                                        ; Auto               ; Auto               ;
; Safe State Machine                                                              ; Off                ; Off                ;
; Extract Verilog State Machines                                                  ; On                 ; On                 ;
; Extract VHDL State Machines                                                     ; On                 ; On                 ;
; Ignore Verilog initial constructs                                               ; Off                ; Off                ;
; Iteration limit for constant Verilog loops                                      ; 5000               ; 5000               ;
; Iteration limit for non-constant Verilog loops                                  ; 250                ; 250                ;
; Add Pass-Through Logic to Inferred RAMs                                         ; On                 ; On                 ;
; Infer RAMs from Raw Logic                                                       ; On                 ; On                 ;
; Parallel Synthesis                                                              ; On                 ; On                 ;
; DSP Block Balancing                                                             ; Auto               ; Auto               ;
; NOT Gate Push-Back                                                              ; On                 ; On                 ;
; Power-Up Don't Care                                                             ; On                 ; On                 ;
; Remove Redundant Logic Cells                                                    ; Off                ; Off                ;
; Remove Duplicate Registers                                                      ; On                 ; On                 ;
; Ignore CARRY Buffers                                                            ; Off                ; Off                ;
; Ignore CASCADE Buffers                                                          ; Off                ; Off                ;
; Ignore GLOBAL Buffers                                                           ; Off                ; Off                ;
; Ignore ROW GLOBAL Buffers                                                       ; Off                ; Off                ;
; Ignore LCELL Buffers                                                            ; Off                ; Off                ;
; Ignore SOFT Buffers                                                             ; On                 ; On                 ;
; Limit AHDL Integers to 32 Bits                                                  ; Off                ; Off                ;
; Carry Chain Length                                                              ; 70                 ; 70                 ;
; Auto Carry Chains                                                               ; On                 ; On                 ;
; Auto Open-Drain Pins                                                            ; On                 ; On                 ;
; Perform WYSIWYG Primitive Resynthesis                                           ; Off                ; Off                ;
; Auto ROM Replacement                                                            ; On                 ; On                 ;
; Auto RAM Replacement                                                            ; On                 ; On                 ;
; Auto DSP Block Replacement                                                      ; On                 ; On                 ;
; Auto Shift Register Replacement                                                 ; Auto               ; Auto               ;
; Allow Shift Register Merging across Hierarchies                                 ; Auto               ; Auto               ;
; Auto Clock Enable Replacement                                                   ; On                 ; On                 ;
; Strict RAM Replacement                                                          ; Off                ; Off                ;
; Allow Synchronous Control Signals                                               ; On                 ; On                 ;
; Force Use of Synchronous Clear Signals                                          ; Off                ; Off                ;
; Auto Resource Sharing                                                           ; Off                ; Off                ;
; Allow Any RAM Size For Recognition                                              ; Off                ; Off                ;
; Allow Any ROM Size For Recognition                                              ; Off                ; Off                ;
; Allow Any Shift Register Size For Recognition                                   ; Off                ; Off                ;
; Use LogicLock Constraints during Resource Balancing                             ; On                 ; On                 ;
; Ignore translate_off and synthesis_off directives                               ; Off                ; Off                ;
; Timing-Driven Synthesis                                                         ; On                 ; On                 ;
; Report Parameter Settings                                                       ; On                 ; On                 ;
; Report Source Assignments                                                       ; On                 ; On                 ;
; Report Connectivity Checks                                                      ; On                 ; On                 ;
; Ignore Maximum Fan-Out Assignments                                              ; Off                ; Off                ;
; Synchronization Register Chain Length                                           ; 3                  ; 3                  ;
; Power Optimization During Synthesis                                             ; Normal compilation ; Normal compilation ;
; HDL message level                                                               ; Level2             ; Level2             ;
; Suppress Register Optimization Related Messages                                 ; Off                ; Off                ;
; Number of Removed Registers Reported in Synthesis Report                        ; 5000               ; 5000               ;
; Number of Swept Nodes Reported in Synthesis Report                              ; 5000               ; 5000               ;
; Number of Inverted Registers Reported in Synthesis Report                       ; 100                ; 100                ;
; Clock MUX Protection                                                            ; On                 ; On                 ;
; Auto Gated Clock Conversion                                                     ; Off                ; Off                ;
; Block Design Naming                                                             ; Auto               ; Auto               ;
; SDC constraint protection                                                       ; Off                ; Off                ;
; Synthesis Effort                                                                ; Auto               ; Auto               ;
; Shift Register Replacement - Allow Asynchronous Clear Signal                    ; On                 ; On                 ;
; Pre-Mapping Resynthesis Optimization                                            ; Off                ; Off                ;
; Analysis & Synthesis Message Level                                              ; Medium             ; Medium             ;
; Disable Register Merging Across Hierarchies                                     ; Auto               ; Auto               ;
; Resource Aware Inference For Block RAM                                          ; On                 ; On                 ;
; Automatic Parallel Synthesis                                                    ; On                 ; On                 ;
; Partial Reconfiguration Bitstream ID                                            ; Off                ; Off                ;
+---------------------------------------------------------------------------------+--------------------+--------------------+


+------------------------------------------+
; Parallel Compilation                     ;
+----------------------------+-------------+
; Processors                 ; Number      ;
+----------------------------+-------------+
; Number detected on machine ; 20          ;
; Maximum allowed            ; 12          ;
;                            ;             ;
; Average used               ; 1.00        ;
; Maximum used               ; 12          ;
;                            ;             ;
; Usage by Processor         ; % Time Used ;
;     Processor 1            ; 100.0%      ;
;     Processors 2-12        ;   0.0%      ;
+----------------------------+-------------+


+----------------------------------------------------------------------------------------------------------------------------------------------------------------------------------------------------------------------------------------------------------------------+
; Analysis & Synthesis Source Files Read                                                                                                                                                                                                                               ;
+--------------------------------------------------------------------+-----------------+----------------------------------------------+------------------------------------------------------------------------------------------------------------------+-------------+
; File Name with User-Entered Path                                   ; Used in Netlist ; File Type                                    ; File Name with Absolute Path                                                                                     ; Library     ;
+--------------------------------------------------------------------+-----------------+----------------------------------------------+------------------------------------------------------------------------------------------------------------------+-------------+
; Top.sv                                                             ; yes             ; User SystemVerilog HDL File                  ; C:/Users/nlp52/Documents/PS2_Encrypted_to_LCD/Top.sv                                                             ;             ;
; Ps2DataCollection.sv                                               ; yes             ; User SystemVerilog HDL File                  ; C:/Users/nlp52/Documents/PS2_Encrypted_to_LCD/Ps2DataCollection.sv                                               ;             ;
; Linear_to_ASCII.sv                                                 ; yes             ; User SystemVerilog HDL File                  ; C:/Users/nlp52/Documents/PS2_Encrypted_to_LCD/Linear_to_ASCII.sv                                                 ;             ;
; LCD_display.sv                                                     ; yes             ; User SystemVerilog HDL File                  ; C:/Users/nlp52/Documents/PS2_Encrypted_to_LCD/LCD_display.sv                                                     ;             ;
; CaeserCipher.sv                                                    ; yes             ; User SystemVerilog HDL File                  ; C:/Users/nlp52/Documents/PS2_Encrypted_to_LCD/CaeserCipher.sv                                                    ;             ;
; DE0_CV_golden_top.v                                                ; yes             ; User Verilog HDL File                        ; C:/Users/nlp52/Documents/PS2_Encrypted_to_LCD/DE0_CV_golden_top.v                                                ;             ;
; Ps2_to_Linear.sv                                                   ; yes             ; User SystemVerilog HDL File                  ; C:/Users/nlp52/Documents/PS2_Encrypted_to_LCD/Ps2_to_Linear.sv                                                   ;             ;
; sld_signaltap.vhd                                                  ; yes             ; Megafunction                                 ; c:/programs/intelfpga/18.1/quartus/libraries/megafunctions/sld_signaltap.vhd                                     ;             ;
; sld_signaltap_impl.vhd                                             ; yes             ; Encrypted Megafunction                       ; c:/programs/intelfpga/18.1/quartus/libraries/megafunctions/sld_signaltap_impl.vhd                                ;             ;
; sld_ela_control.vhd                                                ; yes             ; Encrypted Megafunction                       ; c:/programs/intelfpga/18.1/quartus/libraries/megafunctions/sld_ela_control.vhd                                   ;             ;
; lpm_shiftreg.tdf                                                   ; yes             ; Megafunction                                 ; c:/programs/intelfpga/18.1/quartus/libraries/megafunctions/lpm_shiftreg.tdf                                      ;             ;
; lpm_constant.inc                                                   ; yes             ; Megafunction                                 ; c:/programs/intelfpga/18.1/quartus/libraries/megafunctions/lpm_constant.inc                                      ;             ;
; dffeea.inc                                                         ; yes             ; Megafunction                                 ; c:/programs/intelfpga/18.1/quartus/libraries/megafunctions/dffeea.inc                                            ;             ;
; aglobal181.inc                                                     ; yes             ; Megafunction                                 ; c:/programs/intelfpga/18.1/quartus/libraries/megafunctions/aglobal181.inc                                        ;             ;
; sld_mbpmg.vhd                                                      ; yes             ; Encrypted Megafunction                       ; c:/programs/intelfpga/18.1/quartus/libraries/megafunctions/sld_mbpmg.vhd                                         ;             ;
; sld_ela_trigger_flow_mgr.vhd                                       ; yes             ; Encrypted Megafunction                       ; c:/programs/intelfpga/18.1/quartus/libraries/megafunctions/sld_ela_trigger_flow_mgr.vhd                          ;             ;
; sld_buffer_manager.vhd                                             ; yes             ; Encrypted Megafunction                       ; c:/programs/intelfpga/18.1/quartus/libraries/megafunctions/sld_buffer_manager.vhd                                ;             ;
; altsyncram.tdf                                                     ; yes             ; Megafunction                                 ; c:/programs/intelfpga/18.1/quartus/libraries/megafunctions/altsyncram.tdf                                        ;             ;
; stratix_ram_block.inc                                              ; yes             ; Megafunction                                 ; c:/programs/intelfpga/18.1/quartus/libraries/megafunctions/stratix_ram_block.inc                                 ;             ;
; lpm_mux.inc                                                        ; yes             ; Megafunction                                 ; c:/programs/intelfpga/18.1/quartus/libraries/megafunctions/lpm_mux.inc                                           ;             ;
; lpm_decode.inc                                                     ; yes             ; Megafunction                                 ; c:/programs/intelfpga/18.1/quartus/libraries/megafunctions/lpm_decode.inc                                        ;             ;
; a_rdenreg.inc                                                      ; yes             ; Megafunction                                 ; c:/programs/intelfpga/18.1/quartus/libraries/megafunctions/a_rdenreg.inc                                         ;             ;
; altrom.inc                                                         ; yes             ; Megafunction                                 ; c:/programs/intelfpga/18.1/quartus/libraries/megafunctions/altrom.inc                                            ;             ;
; altram.inc                                                         ; yes             ; Megafunction                                 ; c:/programs/intelfpga/18.1/quartus/libraries/megafunctions/altram.inc                                            ;             ;
; altdpram.inc                                                       ; yes             ; Megafunction                                 ; c:/programs/intelfpga/18.1/quartus/libraries/megafunctions/altdpram.inc                                          ;             ;
; db/altsyncram_qb84.tdf                                             ; yes             ; Auto-Generated Megafunction                  ; C:/Users/nlp52/Documents/PS2_Encrypted_to_LCD/db/altsyncram_qb84.tdf                                             ;             ;
; altdpram.tdf                                                       ; yes             ; Megafunction                                 ; c:/programs/intelfpga/18.1/quartus/libraries/megafunctions/altdpram.tdf                                          ;             ;
; memmodes.inc                                                       ; yes             ; Megafunction                                 ; c:/programs/intelfpga/18.1/quartus/libraries/others/maxplus2/memmodes.inc                                        ;             ;
; a_hdffe.inc                                                        ; yes             ; Megafunction                                 ; c:/programs/intelfpga/18.1/quartus/libraries/megafunctions/a_hdffe.inc                                           ;             ;
; alt_le_rden_reg.inc                                                ; yes             ; Megafunction                                 ; c:/programs/intelfpga/18.1/quartus/libraries/megafunctions/alt_le_rden_reg.inc                                   ;             ;
; altsyncram.inc                                                     ; yes             ; Megafunction                                 ; c:/programs/intelfpga/18.1/quartus/libraries/megafunctions/altsyncram.inc                                        ;             ;
; lpm_mux.tdf                                                        ; yes             ; Megafunction                                 ; c:/programs/intelfpga/18.1/quartus/libraries/megafunctions/lpm_mux.tdf                                           ;             ;
; muxlut.inc                                                         ; yes             ; Megafunction                                 ; c:/programs/intelfpga/18.1/quartus/libraries/megafunctions/muxlut.inc                                            ;             ;
; bypassff.inc                                                       ; yes             ; Megafunction                                 ; c:/programs/intelfpga/18.1/quartus/libraries/megafunctions/bypassff.inc                                          ;             ;
; altshift.inc                                                       ; yes             ; Megafunction                                 ; c:/programs/intelfpga/18.1/quartus/libraries/megafunctions/altshift.inc                                          ;             ;
; db/mux_elc.tdf                                                     ; yes             ; Auto-Generated Megafunction                  ; C:/Users/nlp52/Documents/PS2_Encrypted_to_LCD/db/mux_elc.tdf                                                     ;             ;
; lpm_decode.tdf                                                     ; yes             ; Megafunction                                 ; c:/programs/intelfpga/18.1/quartus/libraries/megafunctions/lpm_decode.tdf                                        ;             ;
; declut.inc                                                         ; yes             ; Megafunction                                 ; c:/programs/intelfpga/18.1/quartus/libraries/megafunctions/declut.inc                                            ;             ;
; lpm_compare.inc                                                    ; yes             ; Megafunction                                 ; c:/programs/intelfpga/18.1/quartus/libraries/megafunctions/lpm_compare.inc                                       ;             ;
; db/decode_vnf.tdf                                                  ; yes             ; Auto-Generated Megafunction                  ; C:/Users/nlp52/Documents/PS2_Encrypted_to_LCD/db/decode_vnf.tdf                                                  ;             ;
; lpm_counter.tdf                                                    ; yes             ; Megafunction                                 ; c:/programs/intelfpga/18.1/quartus/libraries/megafunctions/lpm_counter.tdf                                       ;             ;
; lpm_add_sub.inc                                                    ; yes             ; Megafunction                                 ; c:/programs/intelfpga/18.1/quartus/libraries/megafunctions/lpm_add_sub.inc                                       ;             ;
; cmpconst.inc                                                       ; yes             ; Megafunction                                 ; c:/programs/intelfpga/18.1/quartus/libraries/megafunctions/cmpconst.inc                                          ;             ;
; lpm_counter.inc                                                    ; yes             ; Megafunction                                 ; c:/programs/intelfpga/18.1/quartus/libraries/megafunctions/lpm_counter.inc                                       ;             ;
; alt_counter_stratix.inc                                            ; yes             ; Megafunction                                 ; c:/programs/intelfpga/18.1/quartus/libraries/megafunctions/alt_counter_stratix.inc                               ;             ;
; db/cntr_69i.tdf                                                    ; yes             ; Auto-Generated Megafunction                  ; C:/Users/nlp52/Documents/PS2_Encrypted_to_LCD/db/cntr_69i.tdf                                                    ;             ;
; db/cmpr_e9c.tdf                                                    ; yes             ; Auto-Generated Megafunction                  ; C:/Users/nlp52/Documents/PS2_Encrypted_to_LCD/db/cmpr_e9c.tdf                                                    ;             ;
; db/cntr_4vi.tdf                                                    ; yes             ; Auto-Generated Megafunction                  ; C:/Users/nlp52/Documents/PS2_Encrypted_to_LCD/db/cntr_4vi.tdf                                                    ;             ;
; db/cntr_09i.tdf                                                    ; yes             ; Auto-Generated Megafunction                  ; C:/Users/nlp52/Documents/PS2_Encrypted_to_LCD/db/cntr_09i.tdf                                                    ;             ;
; db/cmpr_c9c.tdf                                                    ; yes             ; Auto-Generated Megafunction                  ; C:/Users/nlp52/Documents/PS2_Encrypted_to_LCD/db/cmpr_c9c.tdf                                                    ;             ;
; db/cntr_kri.tdf                                                    ; yes             ; Auto-Generated Megafunction                  ; C:/Users/nlp52/Documents/PS2_Encrypted_to_LCD/db/cntr_kri.tdf                                                    ;             ;
; db/cmpr_99c.tdf                                                    ; yes             ; Auto-Generated Megafunction                  ; C:/Users/nlp52/Documents/PS2_Encrypted_to_LCD/db/cmpr_99c.tdf                                                    ;             ;
; sld_rom_sr.vhd                                                     ; yes             ; Encrypted Megafunction                       ; c:/programs/intelfpga/18.1/quartus/libraries/megafunctions/sld_rom_sr.vhd                                        ;             ;
; sld_jtag_endpoint_adapter.vhd                                      ; yes             ; Encrypted Megafunction                       ; c:/programs/intelfpga/18.1/quartus/libraries/megafunctions/sld_jtag_endpoint_adapter.vhd                         ;             ;
; sld_jtag_endpoint_adapter_impl.sv                                  ; yes             ; Encrypted Megafunction                       ; c:/programs/intelfpga/18.1/quartus/libraries/megafunctions/sld_jtag_endpoint_adapter_impl.sv                     ;             ;
; sld_hub.vhd                                                        ; yes             ; Encrypted Megafunction                       ; c:/programs/intelfpga/18.1/quartus/libraries/megafunctions/sld_hub.vhd                                           ; altera_sld  ;
; db/ip/sld60a1a2f9/alt_sld_fab.v                                    ; yes             ; Encrypted Auto-Found Verilog HDL File        ; C:/Users/nlp52/Documents/PS2_Encrypted_to_LCD/db/ip/sld60a1a2f9/alt_sld_fab.v                                    ; alt_sld_fab ;
; db/ip/sld60a1a2f9/submodules/alt_sld_fab_alt_sld_fab.v             ; yes             ; Encrypted Auto-Found Verilog HDL File        ; C:/Users/nlp52/Documents/PS2_Encrypted_to_LCD/db/ip/sld60a1a2f9/submodules/alt_sld_fab_alt_sld_fab.v             ; alt_sld_fab ;
; db/ip/sld60a1a2f9/submodules/alt_sld_fab_alt_sld_fab_ident.sv      ; yes             ; Auto-Found SystemVerilog HDL File            ; C:/Users/nlp52/Documents/PS2_Encrypted_to_LCD/db/ip/sld60a1a2f9/submodules/alt_sld_fab_alt_sld_fab_ident.sv      ; alt_sld_fab ;
; db/ip/sld60a1a2f9/submodules/alt_sld_fab_alt_sld_fab_presplit.sv   ; yes             ; Encrypted Auto-Found SystemVerilog HDL File  ; C:/Users/nlp52/Documents/PS2_Encrypted_to_LCD/db/ip/sld60a1a2f9/submodules/alt_sld_fab_alt_sld_fab_presplit.sv   ; alt_sld_fab ;
; db/ip/sld60a1a2f9/submodules/alt_sld_fab_alt_sld_fab_sldfabric.vhd ; yes             ; Encrypted Auto-Found VHDL File               ; C:/Users/nlp52/Documents/PS2_Encrypted_to_LCD/db/ip/sld60a1a2f9/submodules/alt_sld_fab_alt_sld_fab_sldfabric.vhd ; alt_sld_fab ;
; db/ip/sld60a1a2f9/submodules/alt_sld_fab_alt_sld_fab_splitter.sv   ; yes             ; Encrypted Auto-Found SystemVerilog HDL File  ; C:/Users/nlp52/Documents/PS2_Encrypted_to_LCD/db/ip/sld60a1a2f9/submodules/alt_sld_fab_alt_sld_fab_splitter.sv   ; alt_sld_fab ;
; sld_jtag_hub.vhd                                                   ; yes             ; Encrypted Megafunction                       ; c:/programs/intelfpga/18.1/quartus/libraries/megafunctions/sld_jtag_hub.vhd                                      ;             ;
+--------------------------------------------------------------------+-----------------+----------------------------------------------+------------------------------------------------------------------------------------------------------------------+-------------+


+--------------------------------------------------------------+
; Analysis & Synthesis Resource Usage Summary                  ;
+---------------------------------------------+----------------+
; Resource                                    ; Usage          ;
+---------------------------------------------+----------------+
; Estimate of Logic utilization (ALMs needed) ; 547            ;
;                                             ;                ;
; Combinational ALUT usage for logic          ; 582            ;
;     -- 7 input functions                    ; 1              ;
;     -- 6 input functions                    ; 161            ;
;     -- 5 input functions                    ; 120            ;
;     -- 4 input functions                    ; 68             ;
;     -- <=3 input functions                  ; 232            ;
;                                             ;                ;
; Dedicated logic registers                   ; 879            ;
;                                             ;                ;
; I/O pins                                    ; 206            ;
; Total MLAB memory bits                      ; 0              ;
; Total block memory bits                     ; 4736           ;
;                                             ;                ;
; Total DSP Blocks                            ; 0              ;
;                                             ;                ;
; Maximum fan-out node                        ; CLOCK_50~input ;
; Maximum fan-out                             ; 504            ;
; Total fan-out                               ; 6272           ;
; Average fan-out                             ; 3.11           ;
+---------------------------------------------+----------------+


+---------------------------------------------------------------------------------------------------------------------------------------------------------------------------------------------------------------------------------------------------------------------------------------------------------------------------------------------------------------------------------------------------------------------------------------------------------------------------------------------------------------------------------------------------------------------------------------------------------------------------------------------------------------------+
; Analysis & Synthesis Resource Utilization by Entity                                                                                                                                                                                                                                                                                                                                                                                                                                                                                                                                                                                                                 ;
+-----------------------------------------------------------------------------------------------------------------------------------------+---------------------+---------------------------+-------------------+------------+------+--------------+---------------------------------------------------------------------------------------------------------------------------------------------------------------------------------------------------------------------------------------------------------------------------------------------------------------------------------------------------------------+-----------------------------------+--------------+
; Compilation Hierarchy Node                                                                                                              ; Combinational ALUTs ; Dedicated Logic Registers ; Block Memory Bits ; DSP Blocks ; Pins ; Virtual Pins ; Full Hierarchy Name                                                                                                                                                                                                                                                                                                                                           ; Entity Name                       ; Library Name ;
+-----------------------------------------------------------------------------------------------------------------------------------------+---------------------+---------------------------+-------------------+------------+------+--------------+---------------------------------------------------------------------------------------------------------------------------------------------------------------------------------------------------------------------------------------------------------------------------------------------------------------------------------------------------------------+-----------------------------------+--------------+
; |DE0_CV_golden_top                                                                                                                      ; 582 (0)             ; 879 (0)                   ; 4736              ; 0          ; 206  ; 0            ; |DE0_CV_golden_top                                                                                                                                                                                                                                                                                                                                            ; DE0_CV_golden_top                 ; work         ;
;    |Top:t|                                                                                                                              ; 237 (0)             ; 71 (0)                    ; 0                 ; 0          ; 0    ; 0            ; |DE0_CV_golden_top|Top:t                                                                                                                                                                                                                                                                                                                                      ; Top                               ; work         ;
;       |CaeserCipher:encrypter|                                                                                                          ; 75 (75)             ; 6 (6)                     ; 0                 ; 0          ; 0    ; 0            ; |DE0_CV_golden_top|Top:t|CaeserCipher:encrypter                                                                                                                                                                                                                                                                                                               ; CaeserCipher                      ; work         ;
;       |LCD_display:display|                                                                                                             ; 104 (104)           ; 43 (43)                   ; 0                 ; 0          ; 0    ; 0            ; |DE0_CV_golden_top|Top:t|LCD_display:display                                                                                                                                                                                                                                                                                                                  ; LCD_display                       ; work         ;
;       |Linear_to_ASCII:l|                                                                                                               ; 12 (12)             ; 0 (0)                     ; 0                 ; 0          ; 0    ; 0            ; |DE0_CV_golden_top|Top:t|Linear_to_ASCII:l                                                                                                                                                                                                                                                                                                                    ; Linear_to_ASCII                   ; work         ;
;       |Ps2DataCollection:collector|                                                                                                     ; 23 (23)             ; 22 (22)                   ; 0                 ; 0          ; 0    ; 0            ; |DE0_CV_golden_top|Top:t|Ps2DataCollection:collector                                                                                                                                                                                                                                                                                                          ; Ps2DataCollection                 ; work         ;
;       |Ps2_to_Linear:converter|                                                                                                         ; 23 (23)             ; 0 (0)                     ; 0                 ; 0          ; 0    ; 0            ; |DE0_CV_golden_top|Top:t|Ps2_to_Linear:converter                                                                                                                                                                                                                                                                                                              ; Ps2_to_Linear                     ; work         ;
;    |sld_hub:auto_hub|                                                                                                                   ; 92 (1)              ; 91 (0)                    ; 0                 ; 0          ; 0    ; 0            ; |DE0_CV_golden_top|sld_hub:auto_hub                                                                                                                                                                                                                                                                                                                           ; sld_hub                           ; altera_sld   ;
;       |alt_sld_fab_with_jtag_input:\instrumentation_fabric_with_node_gen:fabric_gen_new_way:with_jtag_input_gen:instrumentation_fabric| ; 91 (0)              ; 91 (0)                    ; 0                 ; 0          ; 0    ; 0            ; |DE0_CV_golden_top|sld_hub:auto_hub|alt_sld_fab_with_jtag_input:\instrumentation_fabric_with_node_gen:fabric_gen_new_way:with_jtag_input_gen:instrumentation_fabric                                                                                                                                                                                           ; alt_sld_fab_with_jtag_input       ; altera_sld   ;
;          |alt_sld_fab:instrumentation_fabric|                                                                                           ; 91 (0)              ; 91 (0)                    ; 0                 ; 0          ; 0    ; 0            ; |DE0_CV_golden_top|sld_hub:auto_hub|alt_sld_fab_with_jtag_input:\instrumentation_fabric_with_node_gen:fabric_gen_new_way:with_jtag_input_gen:instrumentation_fabric|alt_sld_fab:instrumentation_fabric                                                                                                                                                        ; alt_sld_fab                       ; alt_sld_fab  ;
;             |alt_sld_fab_alt_sld_fab:alt_sld_fab|                                                                                       ; 91 (1)              ; 91 (5)                    ; 0                 ; 0          ; 0    ; 0            ; |DE0_CV_golden_top|sld_hub:auto_hub|alt_sld_fab_with_jtag_input:\instrumentation_fabric_with_node_gen:fabric_gen_new_way:with_jtag_input_gen:instrumentation_fabric|alt_sld_fab:instrumentation_fabric|alt_sld_fab_alt_sld_fab:alt_sld_fab                                                                                                                    ; alt_sld_fab_alt_sld_fab           ; alt_sld_fab  ;
;                |alt_sld_fab_alt_sld_fab_sldfabric:sldfabric|                                                                            ; 90 (0)              ; 86 (0)                    ; 0                 ; 0          ; 0    ; 0            ; |DE0_CV_golden_top|sld_hub:auto_hub|alt_sld_fab_with_jtag_input:\instrumentation_fabric_with_node_gen:fabric_gen_new_way:with_jtag_input_gen:instrumentation_fabric|alt_sld_fab:instrumentation_fabric|alt_sld_fab_alt_sld_fab:alt_sld_fab|alt_sld_fab_alt_sld_fab_sldfabric:sldfabric                                                                        ; alt_sld_fab_alt_sld_fab_sldfabric ; alt_sld_fab  ;
;                   |sld_jtag_hub:\jtag_hub_gen:real_sld_jtag_hub|                                                                        ; 90 (57)             ; 86 (58)                   ; 0                 ; 0          ; 0    ; 0            ; |DE0_CV_golden_top|sld_hub:auto_hub|alt_sld_fab_with_jtag_input:\instrumentation_fabric_with_node_gen:fabric_gen_new_way:with_jtag_input_gen:instrumentation_fabric|alt_sld_fab:instrumentation_fabric|alt_sld_fab_alt_sld_fab:alt_sld_fab|alt_sld_fab_alt_sld_fab_sldfabric:sldfabric|sld_jtag_hub:\jtag_hub_gen:real_sld_jtag_hub                           ; sld_jtag_hub                      ; work         ;
;                      |sld_rom_sr:hub_info_reg|                                                                                          ; 15 (15)             ; 9 (9)                     ; 0                 ; 0          ; 0    ; 0            ; |DE0_CV_golden_top|sld_hub:auto_hub|alt_sld_fab_with_jtag_input:\instrumentation_fabric_with_node_gen:fabric_gen_new_way:with_jtag_input_gen:instrumentation_fabric|alt_sld_fab:instrumentation_fabric|alt_sld_fab_alt_sld_fab:alt_sld_fab|alt_sld_fab_alt_sld_fab_sldfabric:sldfabric|sld_jtag_hub:\jtag_hub_gen:real_sld_jtag_hub|sld_rom_sr:hub_info_reg   ; sld_rom_sr                        ; work         ;
;                      |sld_shadow_jsm:shadow_jsm|                                                                                        ; 18 (18)             ; 19 (19)                   ; 0                 ; 0          ; 0    ; 0            ; |DE0_CV_golden_top|sld_hub:auto_hub|alt_sld_fab_with_jtag_input:\instrumentation_fabric_with_node_gen:fabric_gen_new_way:with_jtag_input_gen:instrumentation_fabric|alt_sld_fab:instrumentation_fabric|alt_sld_fab_alt_sld_fab:alt_sld_fab|alt_sld_fab_alt_sld_fab_sldfabric:sldfabric|sld_jtag_hub:\jtag_hub_gen:real_sld_jtag_hub|sld_shadow_jsm:shadow_jsm ; sld_shadow_jsm                    ; altera_sld   ;
;    |sld_signaltap:auto_signaltap_0|                                                                                                     ; 253 (2)             ; 717 (74)                  ; 4736              ; 0          ; 0    ; 0            ; |DE0_CV_golden_top|sld_signaltap:auto_signaltap_0                                                                                                                                                                                                                                                                                                             ; sld_signaltap                     ; work         ;
;       |sld_signaltap_impl:sld_signaltap_body|                                                                                           ; 251 (0)             ; 643 (0)                   ; 4736              ; 0          ; 0    ; 0            ; |DE0_CV_golden_top|sld_signaltap:auto_signaltap_0|sld_signaltap_impl:sld_signaltap_body                                                                                                                                                                                                                                                                       ; sld_signaltap_impl                ; work         ;
;          |sld_signaltap_implb:sld_signaltap_body|                                                                                       ; 251 (67)            ; 643 (222)                 ; 4736              ; 0          ; 0    ; 0            ; |DE0_CV_golden_top|sld_signaltap:auto_signaltap_0|sld_signaltap_impl:sld_signaltap_body|sld_signaltap_implb:sld_signaltap_body                                                                                                                                                                                                                                ; sld_signaltap_implb               ; work         ;
;             |altdpram:\stp_non_zero_ram_gen:attribute_mem_gen:attribute_mem|                                                            ; 2 (0)               ; 46 (46)                   ; 0                 ; 0          ; 0    ; 0            ; |DE0_CV_golden_top|sld_signaltap:auto_signaltap_0|sld_signaltap_impl:sld_signaltap_body|sld_signaltap_implb:sld_signaltap_body|altdpram:\stp_non_zero_ram_gen:attribute_mem_gen:attribute_mem                                                                                                                                                                 ; altdpram                          ; work         ;
;                |lpm_decode:wdecoder|                                                                                                    ; 2 (0)               ; 0 (0)                     ; 0                 ; 0          ; 0    ; 0            ; |DE0_CV_golden_top|sld_signaltap:auto_signaltap_0|sld_signaltap_impl:sld_signaltap_body|sld_signaltap_implb:sld_signaltap_body|altdpram:\stp_non_zero_ram_gen:attribute_mem_gen:attribute_mem|lpm_decode:wdecoder                                                                                                                                             ; lpm_decode                        ; work         ;
;                   |decode_vnf:auto_generated|                                                                                           ; 2 (2)               ; 0 (0)                     ; 0                 ; 0          ; 0    ; 0            ; |DE0_CV_golden_top|sld_signaltap:auto_signaltap_0|sld_signaltap_impl:sld_signaltap_body|sld_signaltap_implb:sld_signaltap_body|altdpram:\stp_non_zero_ram_gen:attribute_mem_gen:attribute_mem|lpm_decode:wdecoder|decode_vnf:auto_generated                                                                                                                   ; decode_vnf                        ; work         ;
;             |altsyncram:\stp_non_zero_ram_gen:stp_buffer_ram|                                                                           ; 0 (0)               ; 0 (0)                     ; 4736              ; 0          ; 0    ; 0            ; |DE0_CV_golden_top|sld_signaltap:auto_signaltap_0|sld_signaltap_impl:sld_signaltap_body|sld_signaltap_implb:sld_signaltap_body|altsyncram:\stp_non_zero_ram_gen:stp_buffer_ram                                                                                                                                                                                ; altsyncram                        ; work         ;
;                |altsyncram_qb84:auto_generated|                                                                                         ; 0 (0)               ; 0 (0)                     ; 4736              ; 0          ; 0    ; 0            ; |DE0_CV_golden_top|sld_signaltap:auto_signaltap_0|sld_signaltap_impl:sld_signaltap_body|sld_signaltap_implb:sld_signaltap_body|altsyncram:\stp_non_zero_ram_gen:stp_buffer_ram|altsyncram_qb84:auto_generated                                                                                                                                                 ; altsyncram_qb84                   ; work         ;
;             |lpm_shiftreg:segment_offset_config_deserialize|                                                                            ; 0 (0)               ; 7 (7)                     ; 0                 ; 0          ; 0    ; 0            ; |DE0_CV_golden_top|sld_signaltap:auto_signaltap_0|sld_signaltap_impl:sld_signaltap_body|sld_signaltap_implb:sld_signaltap_body|lpm_shiftreg:segment_offset_config_deserialize                                                                                                                                                                                 ; lpm_shiftreg                      ; work         ;
;             |lpm_shiftreg:status_register|                                                                                              ; 17 (17)             ; 17 (17)                   ; 0                 ; 0          ; 0    ; 0            ; |DE0_CV_golden_top|sld_signaltap:auto_signaltap_0|sld_signaltap_impl:sld_signaltap_body|sld_signaltap_implb:sld_signaltap_body|lpm_shiftreg:status_register                                                                                                                                                                                                   ; lpm_shiftreg                      ; work         ;
;             |serial_crc_16:\tdo_crc_gen:tdo_crc_calc|                                                                                   ; 4 (4)               ; 13 (13)                   ; 0                 ; 0          ; 0    ; 0            ; |DE0_CV_golden_top|sld_signaltap:auto_signaltap_0|sld_signaltap_impl:sld_signaltap_body|sld_signaltap_implb:sld_signaltap_body|serial_crc_16:\tdo_crc_gen:tdo_crc_calc                                                                                                                                                                                        ; serial_crc_16                     ; work         ;
;             |sld_buffer_manager:sld_buffer_manager_inst|                                                                                ; 58 (58)             ; 44 (44)                   ; 0                 ; 0          ; 0    ; 0            ; |DE0_CV_golden_top|sld_signaltap:auto_signaltap_0|sld_signaltap_impl:sld_signaltap_body|sld_signaltap_implb:sld_signaltap_body|sld_buffer_manager:sld_buffer_manager_inst                                                                                                                                                                                     ; sld_buffer_manager                ; work         ;
;             |sld_ela_control:ela_control|                                                                                               ; 46 (1)              ; 201 (1)                   ; 0                 ; 0          ; 0    ; 0            ; |DE0_CV_golden_top|sld_signaltap:auto_signaltap_0|sld_signaltap_impl:sld_signaltap_body|sld_signaltap_implb:sld_signaltap_body|sld_ela_control:ela_control                                                                                                                                                                                                    ; sld_ela_control                   ; work         ;
;                |lpm_shiftreg:trigger_config_deserialize|                                                                                ; 0 (0)               ; 4 (4)                     ; 0                 ; 0          ; 0    ; 0            ; |DE0_CV_golden_top|sld_signaltap:auto_signaltap_0|sld_signaltap_impl:sld_signaltap_body|sld_signaltap_implb:sld_signaltap_body|sld_ela_control:ela_control|lpm_shiftreg:trigger_config_deserialize                                                                                                                                                            ; lpm_shiftreg                      ; work         ;
;                |sld_ela_basic_multi_level_trigger:\basic_multi_level_mbpm_trigger_gen:multi_level_mbpm|                                 ; 37 (0)              ; 185 (0)                   ; 0                 ; 0          ; 0    ; 0            ; |DE0_CV_golden_top|sld_signaltap:auto_signaltap_0|sld_signaltap_impl:sld_signaltap_body|sld_signaltap_implb:sld_signaltap_body|sld_ela_control:ela_control|sld_ela_basic_multi_level_trigger:\basic_multi_level_mbpm_trigger_gen:multi_level_mbpm                                                                                                             ; sld_ela_basic_multi_level_trigger ; work         ;
;                   |lpm_shiftreg:trigger_condition_deserialize|                                                                          ; 0 (0)               ; 111 (111)                 ; 0                 ; 0          ; 0    ; 0            ; |DE0_CV_golden_top|sld_signaltap:auto_signaltap_0|sld_signaltap_impl:sld_signaltap_body|sld_signaltap_implb:sld_signaltap_body|sld_ela_control:ela_control|sld_ela_basic_multi_level_trigger:\basic_multi_level_mbpm_trigger_gen:multi_level_mbpm|lpm_shiftreg:trigger_condition_deserialize                                                                  ; lpm_shiftreg                      ; work         ;
;                   |sld_mbpmg:\trigger_modules_gen:0:trigger_match|                                                                      ; 37 (0)              ; 74 (0)                    ; 0                 ; 0          ; 0    ; 0            ; |DE0_CV_golden_top|sld_signaltap:auto_signaltap_0|sld_signaltap_impl:sld_signaltap_body|sld_signaltap_implb:sld_signaltap_body|sld_ela_control:ela_control|sld_ela_basic_multi_level_trigger:\basic_multi_level_mbpm_trigger_gen:multi_level_mbpm|sld_mbpmg:\trigger_modules_gen:0:trigger_match                                                              ; sld_mbpmg                         ; work         ;
;                      |sld_sbpmg:\gen_sbpmg_pipeline_less_than_two:sm0:0:sm1|                                                            ; 1 (1)               ; 2 (2)                     ; 0                 ; 0          ; 0    ; 0            ; |DE0_CV_golden_top|sld_signaltap:auto_signaltap_0|sld_signaltap_impl:sld_signaltap_body|sld_signaltap_implb:sld_signaltap_body|sld_ela_control:ela_control|sld_ela_basic_multi_level_trigger:\basic_multi_level_mbpm_trigger_gen:multi_level_mbpm|sld_mbpmg:\trigger_modules_gen:0:trigger_match|sld_sbpmg:\gen_sbpmg_pipeline_less_than_two:sm0:0:sm1        ; sld_sbpmg                         ; work         ;
;                      |sld_sbpmg:\gen_sbpmg_pipeline_less_than_two:sm0:10:sm1|                                                           ; 1 (1)               ; 2 (2)                     ; 0                 ; 0          ; 0    ; 0            ; |DE0_CV_golden_top|sld_signaltap:auto_signaltap_0|sld_signaltap_impl:sld_signaltap_body|sld_signaltap_implb:sld_signaltap_body|sld_ela_control:ela_control|sld_ela_basic_multi_level_trigger:\basic_multi_level_mbpm_trigger_gen:multi_level_mbpm|sld_mbpmg:\trigger_modules_gen:0:trigger_match|sld_sbpmg:\gen_sbpmg_pipeline_less_than_two:sm0:10:sm1       ; sld_sbpmg                         ; work         ;
;                      |sld_sbpmg:\gen_sbpmg_pipeline_less_than_two:sm0:11:sm1|                                                           ; 1 (1)               ; 2 (2)                     ; 0                 ; 0          ; 0    ; 0            ; |DE0_CV_golden_top|sld_signaltap:auto_signaltap_0|sld_signaltap_impl:sld_signaltap_body|sld_signaltap_implb:sld_signaltap_body|sld_ela_control:ela_control|sld_ela_basic_multi_level_trigger:\basic_multi_level_mbpm_trigger_gen:multi_level_mbpm|sld_mbpmg:\trigger_modules_gen:0:trigger_match|sld_sbpmg:\gen_sbpmg_pipeline_less_than_two:sm0:11:sm1       ; sld_sbpmg                         ; work         ;
;                      |sld_sbpmg:\gen_sbpmg_pipeline_less_than_two:sm0:12:sm1|                                                           ; 1 (1)               ; 2 (2)                     ; 0                 ; 0          ; 0    ; 0            ; |DE0_CV_golden_top|sld_signaltap:auto_signaltap_0|sld_signaltap_impl:sld_signaltap_body|sld_signaltap_implb:sld_signaltap_body|sld_ela_control:ela_control|sld_ela_basic_multi_level_trigger:\basic_multi_level_mbpm_trigger_gen:multi_level_mbpm|sld_mbpmg:\trigger_modules_gen:0:trigger_match|sld_sbpmg:\gen_sbpmg_pipeline_less_than_two:sm0:12:sm1       ; sld_sbpmg                         ; work         ;
;                      |sld_sbpmg:\gen_sbpmg_pipeline_less_than_two:sm0:13:sm1|                                                           ; 1 (1)               ; 2 (2)                     ; 0                 ; 0          ; 0    ; 0            ; |DE0_CV_golden_top|sld_signaltap:auto_signaltap_0|sld_signaltap_impl:sld_signaltap_body|sld_signaltap_implb:sld_signaltap_body|sld_ela_control:ela_control|sld_ela_basic_multi_level_trigger:\basic_multi_level_mbpm_trigger_gen:multi_level_mbpm|sld_mbpmg:\trigger_modules_gen:0:trigger_match|sld_sbpmg:\gen_sbpmg_pipeline_less_than_two:sm0:13:sm1       ; sld_sbpmg                         ; work         ;
;                      |sld_sbpmg:\gen_sbpmg_pipeline_less_than_two:sm0:14:sm1|                                                           ; 1 (1)               ; 2 (2)                     ; 0                 ; 0          ; 0    ; 0            ; |DE0_CV_golden_top|sld_signaltap:auto_signaltap_0|sld_signaltap_impl:sld_signaltap_body|sld_signaltap_implb:sld_signaltap_body|sld_ela_control:ela_control|sld_ela_basic_multi_level_trigger:\basic_multi_level_mbpm_trigger_gen:multi_level_mbpm|sld_mbpmg:\trigger_modules_gen:0:trigger_match|sld_sbpmg:\gen_sbpmg_pipeline_less_than_two:sm0:14:sm1       ; sld_sbpmg                         ; work         ;
;                      |sld_sbpmg:\gen_sbpmg_pipeline_less_than_two:sm0:15:sm1|                                                           ; 1 (1)               ; 2 (2)                     ; 0                 ; 0          ; 0    ; 0            ; |DE0_CV_golden_top|sld_signaltap:auto_signaltap_0|sld_signaltap_impl:sld_signaltap_body|sld_signaltap_implb:sld_signaltap_body|sld_ela_control:ela_control|sld_ela_basic_multi_level_trigger:\basic_multi_level_mbpm_trigger_gen:multi_level_mbpm|sld_mbpmg:\trigger_modules_gen:0:trigger_match|sld_sbpmg:\gen_sbpmg_pipeline_less_than_two:sm0:15:sm1       ; sld_sbpmg                         ; work         ;
;                      |sld_sbpmg:\gen_sbpmg_pipeline_less_than_two:sm0:16:sm1|                                                           ; 1 (1)               ; 2 (2)                     ; 0                 ; 0          ; 0    ; 0            ; |DE0_CV_golden_top|sld_signaltap:auto_signaltap_0|sld_signaltap_impl:sld_signaltap_body|sld_signaltap_implb:sld_signaltap_body|sld_ela_control:ela_control|sld_ela_basic_multi_level_trigger:\basic_multi_level_mbpm_trigger_gen:multi_level_mbpm|sld_mbpmg:\trigger_modules_gen:0:trigger_match|sld_sbpmg:\gen_sbpmg_pipeline_less_than_two:sm0:16:sm1       ; sld_sbpmg                         ; work         ;
;                      |sld_sbpmg:\gen_sbpmg_pipeline_less_than_two:sm0:17:sm1|                                                           ; 1 (1)               ; 2 (2)                     ; 0                 ; 0          ; 0    ; 0            ; |DE0_CV_golden_top|sld_signaltap:auto_signaltap_0|sld_signaltap_impl:sld_signaltap_body|sld_signaltap_implb:sld_signaltap_body|sld_ela_control:ela_control|sld_ela_basic_multi_level_trigger:\basic_multi_level_mbpm_trigger_gen:multi_level_mbpm|sld_mbpmg:\trigger_modules_gen:0:trigger_match|sld_sbpmg:\gen_sbpmg_pipeline_less_than_two:sm0:17:sm1       ; sld_sbpmg                         ; work         ;
;                      |sld_sbpmg:\gen_sbpmg_pipeline_less_than_two:sm0:18:sm1|                                                           ; 1 (1)               ; 2 (2)                     ; 0                 ; 0          ; 0    ; 0            ; |DE0_CV_golden_top|sld_signaltap:auto_signaltap_0|sld_signaltap_impl:sld_signaltap_body|sld_signaltap_implb:sld_signaltap_body|sld_ela_control:ela_control|sld_ela_basic_multi_level_trigger:\basic_multi_level_mbpm_trigger_gen:multi_level_mbpm|sld_mbpmg:\trigger_modules_gen:0:trigger_match|sld_sbpmg:\gen_sbpmg_pipeline_less_than_two:sm0:18:sm1       ; sld_sbpmg                         ; work         ;
;                      |sld_sbpmg:\gen_sbpmg_pipeline_less_than_two:sm0:19:sm1|                                                           ; 1 (1)               ; 2 (2)                     ; 0                 ; 0          ; 0    ; 0            ; |DE0_CV_golden_top|sld_signaltap:auto_signaltap_0|sld_signaltap_impl:sld_signaltap_body|sld_signaltap_implb:sld_signaltap_body|sld_ela_control:ela_control|sld_ela_basic_multi_level_trigger:\basic_multi_level_mbpm_trigger_gen:multi_level_mbpm|sld_mbpmg:\trigger_modules_gen:0:trigger_match|sld_sbpmg:\gen_sbpmg_pipeline_less_than_two:sm0:19:sm1       ; sld_sbpmg                         ; work         ;
;                      |sld_sbpmg:\gen_sbpmg_pipeline_less_than_two:sm0:1:sm1|                                                            ; 1 (1)               ; 2 (2)                     ; 0                 ; 0          ; 0    ; 0            ; |DE0_CV_golden_top|sld_signaltap:auto_signaltap_0|sld_signaltap_impl:sld_signaltap_body|sld_signaltap_implb:sld_signaltap_body|sld_ela_control:ela_control|sld_ela_basic_multi_level_trigger:\basic_multi_level_mbpm_trigger_gen:multi_level_mbpm|sld_mbpmg:\trigger_modules_gen:0:trigger_match|sld_sbpmg:\gen_sbpmg_pipeline_less_than_two:sm0:1:sm1        ; sld_sbpmg                         ; work         ;
;                      |sld_sbpmg:\gen_sbpmg_pipeline_less_than_two:sm0:20:sm1|                                                           ; 1 (1)               ; 2 (2)                     ; 0                 ; 0          ; 0    ; 0            ; |DE0_CV_golden_top|sld_signaltap:auto_signaltap_0|sld_signaltap_impl:sld_signaltap_body|sld_signaltap_implb:sld_signaltap_body|sld_ela_control:ela_control|sld_ela_basic_multi_level_trigger:\basic_multi_level_mbpm_trigger_gen:multi_level_mbpm|sld_mbpmg:\trigger_modules_gen:0:trigger_match|sld_sbpmg:\gen_sbpmg_pipeline_less_than_two:sm0:20:sm1       ; sld_sbpmg                         ; work         ;
;                      |sld_sbpmg:\gen_sbpmg_pipeline_less_than_two:sm0:21:sm1|                                                           ; 1 (1)               ; 2 (2)                     ; 0                 ; 0          ; 0    ; 0            ; |DE0_CV_golden_top|sld_signaltap:auto_signaltap_0|sld_signaltap_impl:sld_signaltap_body|sld_signaltap_implb:sld_signaltap_body|sld_ela_control:ela_control|sld_ela_basic_multi_level_trigger:\basic_multi_level_mbpm_trigger_gen:multi_level_mbpm|sld_mbpmg:\trigger_modules_gen:0:trigger_match|sld_sbpmg:\gen_sbpmg_pipeline_less_than_two:sm0:21:sm1       ; sld_sbpmg                         ; work         ;
;                      |sld_sbpmg:\gen_sbpmg_pipeline_less_than_two:sm0:22:sm1|                                                           ; 1 (1)               ; 2 (2)                     ; 0                 ; 0          ; 0    ; 0            ; |DE0_CV_golden_top|sld_signaltap:auto_signaltap_0|sld_signaltap_impl:sld_signaltap_body|sld_signaltap_implb:sld_signaltap_body|sld_ela_control:ela_control|sld_ela_basic_multi_level_trigger:\basic_multi_level_mbpm_trigger_gen:multi_level_mbpm|sld_mbpmg:\trigger_modules_gen:0:trigger_match|sld_sbpmg:\gen_sbpmg_pipeline_less_than_two:sm0:22:sm1       ; sld_sbpmg                         ; work         ;
;                      |sld_sbpmg:\gen_sbpmg_pipeline_less_than_two:sm0:23:sm1|                                                           ; 1 (1)               ; 2 (2)                     ; 0                 ; 0          ; 0    ; 0            ; |DE0_CV_golden_top|sld_signaltap:auto_signaltap_0|sld_signaltap_impl:sld_signaltap_body|sld_signaltap_implb:sld_signaltap_body|sld_ela_control:ela_control|sld_ela_basic_multi_level_trigger:\basic_multi_level_mbpm_trigger_gen:multi_level_mbpm|sld_mbpmg:\trigger_modules_gen:0:trigger_match|sld_sbpmg:\gen_sbpmg_pipeline_less_than_two:sm0:23:sm1       ; sld_sbpmg                         ; work         ;
;                      |sld_sbpmg:\gen_sbpmg_pipeline_less_than_two:sm0:24:sm1|                                                           ; 1 (1)               ; 2 (2)                     ; 0                 ; 0          ; 0    ; 0            ; |DE0_CV_golden_top|sld_signaltap:auto_signaltap_0|sld_signaltap_impl:sld_signaltap_body|sld_signaltap_implb:sld_signaltap_body|sld_ela_control:ela_control|sld_ela_basic_multi_level_trigger:\basic_multi_level_mbpm_trigger_gen:multi_level_mbpm|sld_mbpmg:\trigger_modules_gen:0:trigger_match|sld_sbpmg:\gen_sbpmg_pipeline_less_than_two:sm0:24:sm1       ; sld_sbpmg                         ; work         ;
;                      |sld_sbpmg:\gen_sbpmg_pipeline_less_than_two:sm0:25:sm1|                                                           ; 1 (1)               ; 2 (2)                     ; 0                 ; 0          ; 0    ; 0            ; |DE0_CV_golden_top|sld_signaltap:auto_signaltap_0|sld_signaltap_impl:sld_signaltap_body|sld_signaltap_implb:sld_signaltap_body|sld_ela_control:ela_control|sld_ela_basic_multi_level_trigger:\basic_multi_level_mbpm_trigger_gen:multi_level_mbpm|sld_mbpmg:\trigger_modules_gen:0:trigger_match|sld_sbpmg:\gen_sbpmg_pipeline_less_than_two:sm0:25:sm1       ; sld_sbpmg                         ; work         ;
;                      |sld_sbpmg:\gen_sbpmg_pipeline_less_than_two:sm0:26:sm1|                                                           ; 1 (1)               ; 2 (2)                     ; 0                 ; 0          ; 0    ; 0            ; |DE0_CV_golden_top|sld_signaltap:auto_signaltap_0|sld_signaltap_impl:sld_signaltap_body|sld_signaltap_implb:sld_signaltap_body|sld_ela_control:ela_control|sld_ela_basic_multi_level_trigger:\basic_multi_level_mbpm_trigger_gen:multi_level_mbpm|sld_mbpmg:\trigger_modules_gen:0:trigger_match|sld_sbpmg:\gen_sbpmg_pipeline_less_than_two:sm0:26:sm1       ; sld_sbpmg                         ; work         ;
;                      |sld_sbpmg:\gen_sbpmg_pipeline_less_than_two:sm0:27:sm1|                                                           ; 1 (1)               ; 2 (2)                     ; 0                 ; 0          ; 0    ; 0            ; |DE0_CV_golden_top|sld_signaltap:auto_signaltap_0|sld_signaltap_impl:sld_signaltap_body|sld_signaltap_implb:sld_signaltap_body|sld_ela_control:ela_control|sld_ela_basic_multi_level_trigger:\basic_multi_level_mbpm_trigger_gen:multi_level_mbpm|sld_mbpmg:\trigger_modules_gen:0:trigger_match|sld_sbpmg:\gen_sbpmg_pipeline_less_than_two:sm0:27:sm1       ; sld_sbpmg                         ; work         ;
;                      |sld_sbpmg:\gen_sbpmg_pipeline_less_than_two:sm0:28:sm1|                                                           ; 1 (1)               ; 2 (2)                     ; 0                 ; 0          ; 0    ; 0            ; |DE0_CV_golden_top|sld_signaltap:auto_signaltap_0|sld_signaltap_impl:sld_signaltap_body|sld_signaltap_implb:sld_signaltap_body|sld_ela_control:ela_control|sld_ela_basic_multi_level_trigger:\basic_multi_level_mbpm_trigger_gen:multi_level_mbpm|sld_mbpmg:\trigger_modules_gen:0:trigger_match|sld_sbpmg:\gen_sbpmg_pipeline_less_than_two:sm0:28:sm1       ; sld_sbpmg                         ; work         ;
;                      |sld_sbpmg:\gen_sbpmg_pipeline_less_than_two:sm0:29:sm1|                                                           ; 1 (1)               ; 2 (2)                     ; 0                 ; 0          ; 0    ; 0            ; |DE0_CV_golden_top|sld_signaltap:auto_signaltap_0|sld_signaltap_impl:sld_signaltap_body|sld_signaltap_implb:sld_signaltap_body|sld_ela_control:ela_control|sld_ela_basic_multi_level_trigger:\basic_multi_level_mbpm_trigger_gen:multi_level_mbpm|sld_mbpmg:\trigger_modules_gen:0:trigger_match|sld_sbpmg:\gen_sbpmg_pipeline_less_than_two:sm0:29:sm1       ; sld_sbpmg                         ; work         ;
;                      |sld_sbpmg:\gen_sbpmg_pipeline_less_than_two:sm0:2:sm1|                                                            ; 1 (1)               ; 2 (2)                     ; 0                 ; 0          ; 0    ; 0            ; |DE0_CV_golden_top|sld_signaltap:auto_signaltap_0|sld_signaltap_impl:sld_signaltap_body|sld_signaltap_implb:sld_signaltap_body|sld_ela_control:ela_control|sld_ela_basic_multi_level_trigger:\basic_multi_level_mbpm_trigger_gen:multi_level_mbpm|sld_mbpmg:\trigger_modules_gen:0:trigger_match|sld_sbpmg:\gen_sbpmg_pipeline_less_than_two:sm0:2:sm1        ; sld_sbpmg                         ; work         ;
;                      |sld_sbpmg:\gen_sbpmg_pipeline_less_than_two:sm0:30:sm1|                                                           ; 1 (1)               ; 2 (2)                     ; 0                 ; 0          ; 0    ; 0            ; |DE0_CV_golden_top|sld_signaltap:auto_signaltap_0|sld_signaltap_impl:sld_signaltap_body|sld_signaltap_implb:sld_signaltap_body|sld_ela_control:ela_control|sld_ela_basic_multi_level_trigger:\basic_multi_level_mbpm_trigger_gen:multi_level_mbpm|sld_mbpmg:\trigger_modules_gen:0:trigger_match|sld_sbpmg:\gen_sbpmg_pipeline_less_than_two:sm0:30:sm1       ; sld_sbpmg                         ; work         ;
;                      |sld_sbpmg:\gen_sbpmg_pipeline_less_than_two:sm0:31:sm1|                                                           ; 1 (1)               ; 2 (2)                     ; 0                 ; 0          ; 0    ; 0            ; |DE0_CV_golden_top|sld_signaltap:auto_signaltap_0|sld_signaltap_impl:sld_signaltap_body|sld_signaltap_implb:sld_signaltap_body|sld_ela_control:ela_control|sld_ela_basic_multi_level_trigger:\basic_multi_level_mbpm_trigger_gen:multi_level_mbpm|sld_mbpmg:\trigger_modules_gen:0:trigger_match|sld_sbpmg:\gen_sbpmg_pipeline_less_than_two:sm0:31:sm1       ; sld_sbpmg                         ; work         ;
;                      |sld_sbpmg:\gen_sbpmg_pipeline_less_than_two:sm0:32:sm1|                                                           ; 1 (1)               ; 2 (2)                     ; 0                 ; 0          ; 0    ; 0            ; |DE0_CV_golden_top|sld_signaltap:auto_signaltap_0|sld_signaltap_impl:sld_signaltap_body|sld_signaltap_implb:sld_signaltap_body|sld_ela_control:ela_control|sld_ela_basic_multi_level_trigger:\basic_multi_level_mbpm_trigger_gen:multi_level_mbpm|sld_mbpmg:\trigger_modules_gen:0:trigger_match|sld_sbpmg:\gen_sbpmg_pipeline_less_than_two:sm0:32:sm1       ; sld_sbpmg                         ; work         ;
;                      |sld_sbpmg:\gen_sbpmg_pipeline_less_than_two:sm0:33:sm1|                                                           ; 1 (1)               ; 2 (2)                     ; 0                 ; 0          ; 0    ; 0            ; |DE0_CV_golden_top|sld_signaltap:auto_signaltap_0|sld_signaltap_impl:sld_signaltap_body|sld_signaltap_implb:sld_signaltap_body|sld_ela_control:ela_control|sld_ela_basic_multi_level_trigger:\basic_multi_level_mbpm_trigger_gen:multi_level_mbpm|sld_mbpmg:\trigger_modules_gen:0:trigger_match|sld_sbpmg:\gen_sbpmg_pipeline_less_than_two:sm0:33:sm1       ; sld_sbpmg                         ; work         ;
;                      |sld_sbpmg:\gen_sbpmg_pipeline_less_than_two:sm0:34:sm1|                                                           ; 1 (1)               ; 2 (2)                     ; 0                 ; 0          ; 0    ; 0            ; |DE0_CV_golden_top|sld_signaltap:auto_signaltap_0|sld_signaltap_impl:sld_signaltap_body|sld_signaltap_implb:sld_signaltap_body|sld_ela_control:ela_control|sld_ela_basic_multi_level_trigger:\basic_multi_level_mbpm_trigger_gen:multi_level_mbpm|sld_mbpmg:\trigger_modules_gen:0:trigger_match|sld_sbpmg:\gen_sbpmg_pipeline_less_than_two:sm0:34:sm1       ; sld_sbpmg                         ; work         ;
;                      |sld_sbpmg:\gen_sbpmg_pipeline_less_than_two:sm0:35:sm1|                                                           ; 1 (1)               ; 2 (2)                     ; 0                 ; 0          ; 0    ; 0            ; |DE0_CV_golden_top|sld_signaltap:auto_signaltap_0|sld_signaltap_impl:sld_signaltap_body|sld_signaltap_implb:sld_signaltap_body|sld_ela_control:ela_control|sld_ela_basic_multi_level_trigger:\basic_multi_level_mbpm_trigger_gen:multi_level_mbpm|sld_mbpmg:\trigger_modules_gen:0:trigger_match|sld_sbpmg:\gen_sbpmg_pipeline_less_than_two:sm0:35:sm1       ; sld_sbpmg                         ; work         ;
;                      |sld_sbpmg:\gen_sbpmg_pipeline_less_than_two:sm0:36:sm1|                                                           ; 1 (1)               ; 2 (2)                     ; 0                 ; 0          ; 0    ; 0            ; |DE0_CV_golden_top|sld_signaltap:auto_signaltap_0|sld_signaltap_impl:sld_signaltap_body|sld_signaltap_implb:sld_signaltap_body|sld_ela_control:ela_control|sld_ela_basic_multi_level_trigger:\basic_multi_level_mbpm_trigger_gen:multi_level_mbpm|sld_mbpmg:\trigger_modules_gen:0:trigger_match|sld_sbpmg:\gen_sbpmg_pipeline_less_than_two:sm0:36:sm1       ; sld_sbpmg                         ; work         ;
;                      |sld_sbpmg:\gen_sbpmg_pipeline_less_than_two:sm0:3:sm1|                                                            ; 1 (1)               ; 2 (2)                     ; 0                 ; 0          ; 0    ; 0            ; |DE0_CV_golden_top|sld_signaltap:auto_signaltap_0|sld_signaltap_impl:sld_signaltap_body|sld_signaltap_implb:sld_signaltap_body|sld_ela_control:ela_control|sld_ela_basic_multi_level_trigger:\basic_multi_level_mbpm_trigger_gen:multi_level_mbpm|sld_mbpmg:\trigger_modules_gen:0:trigger_match|sld_sbpmg:\gen_sbpmg_pipeline_less_than_two:sm0:3:sm1        ; sld_sbpmg                         ; work         ;
;                      |sld_sbpmg:\gen_sbpmg_pipeline_less_than_two:sm0:4:sm1|                                                            ; 1 (1)               ; 2 (2)                     ; 0                 ; 0          ; 0    ; 0            ; |DE0_CV_golden_top|sld_signaltap:auto_signaltap_0|sld_signaltap_impl:sld_signaltap_body|sld_signaltap_implb:sld_signaltap_body|sld_ela_control:ela_control|sld_ela_basic_multi_level_trigger:\basic_multi_level_mbpm_trigger_gen:multi_level_mbpm|sld_mbpmg:\trigger_modules_gen:0:trigger_match|sld_sbpmg:\gen_sbpmg_pipeline_less_than_two:sm0:4:sm1        ; sld_sbpmg                         ; work         ;
;                      |sld_sbpmg:\gen_sbpmg_pipeline_less_than_two:sm0:5:sm1|                                                            ; 1 (1)               ; 2 (2)                     ; 0                 ; 0          ; 0    ; 0            ; |DE0_CV_golden_top|sld_signaltap:auto_signaltap_0|sld_signaltap_impl:sld_signaltap_body|sld_signaltap_implb:sld_signaltap_body|sld_ela_control:ela_control|sld_ela_basic_multi_level_trigger:\basic_multi_level_mbpm_trigger_gen:multi_level_mbpm|sld_mbpmg:\trigger_modules_gen:0:trigger_match|sld_sbpmg:\gen_sbpmg_pipeline_less_than_two:sm0:5:sm1        ; sld_sbpmg                         ; work         ;
;                      |sld_sbpmg:\gen_sbpmg_pipeline_less_than_two:sm0:6:sm1|                                                            ; 1 (1)               ; 2 (2)                     ; 0                 ; 0          ; 0    ; 0            ; |DE0_CV_golden_top|sld_signaltap:auto_signaltap_0|sld_signaltap_impl:sld_signaltap_body|sld_signaltap_implb:sld_signaltap_body|sld_ela_control:ela_control|sld_ela_basic_multi_level_trigger:\basic_multi_level_mbpm_trigger_gen:multi_level_mbpm|sld_mbpmg:\trigger_modules_gen:0:trigger_match|sld_sbpmg:\gen_sbpmg_pipeline_less_than_two:sm0:6:sm1        ; sld_sbpmg                         ; work         ;
;                      |sld_sbpmg:\gen_sbpmg_pipeline_less_than_two:sm0:7:sm1|                                                            ; 1 (1)               ; 2 (2)                     ; 0                 ; 0          ; 0    ; 0            ; |DE0_CV_golden_top|sld_signaltap:auto_signaltap_0|sld_signaltap_impl:sld_signaltap_body|sld_signaltap_implb:sld_signaltap_body|sld_ela_control:ela_control|sld_ela_basic_multi_level_trigger:\basic_multi_level_mbpm_trigger_gen:multi_level_mbpm|sld_mbpmg:\trigger_modules_gen:0:trigger_match|sld_sbpmg:\gen_sbpmg_pipeline_less_than_two:sm0:7:sm1        ; sld_sbpmg                         ; work         ;
;                      |sld_sbpmg:\gen_sbpmg_pipeline_less_than_two:sm0:8:sm1|                                                            ; 1 (1)               ; 2 (2)                     ; 0                 ; 0          ; 0    ; 0            ; |DE0_CV_golden_top|sld_signaltap:auto_signaltap_0|sld_signaltap_impl:sld_signaltap_body|sld_signaltap_implb:sld_signaltap_body|sld_ela_control:ela_control|sld_ela_basic_multi_level_trigger:\basic_multi_level_mbpm_trigger_gen:multi_level_mbpm|sld_mbpmg:\trigger_modules_gen:0:trigger_match|sld_sbpmg:\gen_sbpmg_pipeline_less_than_two:sm0:8:sm1        ; sld_sbpmg                         ; work         ;
;                      |sld_sbpmg:\gen_sbpmg_pipeline_less_than_two:sm0:9:sm1|                                                            ; 1 (1)               ; 2 (2)                     ; 0                 ; 0          ; 0    ; 0            ; |DE0_CV_golden_top|sld_signaltap:auto_signaltap_0|sld_signaltap_impl:sld_signaltap_body|sld_signaltap_implb:sld_signaltap_body|sld_ela_control:ela_control|sld_ela_basic_multi_level_trigger:\basic_multi_level_mbpm_trigger_gen:multi_level_mbpm|sld_mbpmg:\trigger_modules_gen:0:trigger_match|sld_sbpmg:\gen_sbpmg_pipeline_less_than_two:sm0:9:sm1        ; sld_sbpmg                         ; work         ;
;                |sld_ela_trigger_flow_mgr:\builtin:ela_trigger_flow_mgr_entity|                                                          ; 8 (8)               ; 11 (1)                    ; 0                 ; 0          ; 0    ; 0            ; |DE0_CV_golden_top|sld_signaltap:auto_signaltap_0|sld_signaltap_impl:sld_signaltap_body|sld_signaltap_implb:sld_signaltap_body|sld_ela_control:ela_control|sld_ela_trigger_flow_mgr:\builtin:ela_trigger_flow_mgr_entity                                                                                                                                      ; sld_ela_trigger_flow_mgr          ; work         ;
;                   |lpm_shiftreg:trigger_config_deserialize|                                                                             ; 0 (0)               ; 10 (10)                   ; 0                 ; 0          ; 0    ; 0            ; |DE0_CV_golden_top|sld_signaltap:auto_signaltap_0|sld_signaltap_impl:sld_signaltap_body|sld_signaltap_implb:sld_signaltap_body|sld_ela_control:ela_control|sld_ela_trigger_flow_mgr:\builtin:ela_trigger_flow_mgr_entity|lpm_shiftreg:trigger_config_deserialize                                                                                              ; lpm_shiftreg                      ; work         ;
;             |sld_offload_buffer_mgr:\stp_non_zero_depth_offload_gen:stp_offload_buff_mgr_inst|                                          ; 37 (11)             ; 85 (0)                    ; 0                 ; 0          ; 0    ; 0            ; |DE0_CV_golden_top|sld_signaltap:auto_signaltap_0|sld_signaltap_impl:sld_signaltap_body|sld_signaltap_implb:sld_signaltap_body|sld_offload_buffer_mgr:\stp_non_zero_depth_offload_gen:stp_offload_buff_mgr_inst                                                                                                                                               ; sld_offload_buffer_mgr            ; work         ;
;                |lpm_counter:\adv_point_3_and_more:advance_pointer_counter|                                                              ; 8 (0)               ; 6 (0)                     ; 0                 ; 0          ; 0    ; 0            ; |DE0_CV_golden_top|sld_signaltap:auto_signaltap_0|sld_signaltap_impl:sld_signaltap_body|sld_signaltap_implb:sld_signaltap_body|sld_offload_buffer_mgr:\stp_non_zero_depth_offload_gen:stp_offload_buff_mgr_inst|lpm_counter:\adv_point_3_and_more:advance_pointer_counter                                                                                     ; lpm_counter                       ; work         ;
;                   |cntr_69i:auto_generated|                                                                                             ; 8 (8)               ; 6 (6)                     ; 0                 ; 0          ; 0    ; 0            ; |DE0_CV_golden_top|sld_signaltap:auto_signaltap_0|sld_signaltap_impl:sld_signaltap_body|sld_signaltap_implb:sld_signaltap_body|sld_offload_buffer_mgr:\stp_non_zero_depth_offload_gen:stp_offload_buff_mgr_inst|lpm_counter:\adv_point_3_and_more:advance_pointer_counter|cntr_69i:auto_generated                                                             ; cntr_69i                          ; work         ;
;                |lpm_counter:read_pointer_counter|                                                                                       ; 7 (0)               ; 7 (0)                     ; 0                 ; 0          ; 0    ; 0            ; |DE0_CV_golden_top|sld_signaltap:auto_signaltap_0|sld_signaltap_impl:sld_signaltap_body|sld_signaltap_implb:sld_signaltap_body|sld_offload_buffer_mgr:\stp_non_zero_depth_offload_gen:stp_offload_buff_mgr_inst|lpm_counter:read_pointer_counter                                                                                                              ; lpm_counter                       ; work         ;
;                   |cntr_4vi:auto_generated|                                                                                             ; 7 (7)               ; 7 (7)                     ; 0                 ; 0          ; 0    ; 0            ; |DE0_CV_golden_top|sld_signaltap:auto_signaltap_0|sld_signaltap_impl:sld_signaltap_body|sld_signaltap_implb:sld_signaltap_body|sld_offload_buffer_mgr:\stp_non_zero_depth_offload_gen:stp_offload_buff_mgr_inst|lpm_counter:read_pointer_counter|cntr_4vi:auto_generated                                                                                      ; cntr_4vi                          ; work         ;
;                |lpm_counter:status_advance_pointer_counter|                                                                             ; 6 (0)               ; 4 (0)                     ; 0                 ; 0          ; 0    ; 0            ; |DE0_CV_golden_top|sld_signaltap:auto_signaltap_0|sld_signaltap_impl:sld_signaltap_body|sld_signaltap_implb:sld_signaltap_body|sld_offload_buffer_mgr:\stp_non_zero_depth_offload_gen:stp_offload_buff_mgr_inst|lpm_counter:status_advance_pointer_counter                                                                                                    ; lpm_counter                       ; work         ;
;                   |cntr_09i:auto_generated|                                                                                             ; 6 (6)               ; 4 (4)                     ; 0                 ; 0          ; 0    ; 0            ; |DE0_CV_golden_top|sld_signaltap:auto_signaltap_0|sld_signaltap_impl:sld_signaltap_body|sld_signaltap_implb:sld_signaltap_body|sld_offload_buffer_mgr:\stp_non_zero_depth_offload_gen:stp_offload_buff_mgr_inst|lpm_counter:status_advance_pointer_counter|cntr_09i:auto_generated                                                                            ; cntr_09i                          ; work         ;
;                |lpm_counter:status_read_pointer_counter|                                                                                ; 3 (0)               ; 1 (0)                     ; 0                 ; 0          ; 0    ; 0            ; |DE0_CV_golden_top|sld_signaltap:auto_signaltap_0|sld_signaltap_impl:sld_signaltap_body|sld_signaltap_implb:sld_signaltap_body|sld_offload_buffer_mgr:\stp_non_zero_depth_offload_gen:stp_offload_buff_mgr_inst|lpm_counter:status_read_pointer_counter                                                                                                       ; lpm_counter                       ; work         ;
;                   |cntr_kri:auto_generated|                                                                                             ; 3 (3)               ; 1 (1)                     ; 0                 ; 0          ; 0    ; 0            ; |DE0_CV_golden_top|sld_signaltap:auto_signaltap_0|sld_signaltap_impl:sld_signaltap_body|sld_signaltap_implb:sld_signaltap_body|sld_offload_buffer_mgr:\stp_non_zero_depth_offload_gen:stp_offload_buff_mgr_inst|lpm_counter:status_read_pointer_counter|cntr_kri:auto_generated                                                                               ; cntr_kri                          ; work         ;
;                |lpm_shiftreg:info_data_shift_out|                                                                                       ; 0 (0)               ; 15 (15)                   ; 0                 ; 0          ; 0    ; 0            ; |DE0_CV_golden_top|sld_signaltap:auto_signaltap_0|sld_signaltap_impl:sld_signaltap_body|sld_signaltap_implb:sld_signaltap_body|sld_offload_buffer_mgr:\stp_non_zero_depth_offload_gen:stp_offload_buff_mgr_inst|lpm_shiftreg:info_data_shift_out                                                                                                              ; lpm_shiftreg                      ; work         ;
;                |lpm_shiftreg:ram_data_shift_out|                                                                                        ; 1 (1)               ; 37 (37)                   ; 0                 ; 0          ; 0    ; 0            ; |DE0_CV_golden_top|sld_signaltap:auto_signaltap_0|sld_signaltap_impl:sld_signaltap_body|sld_signaltap_implb:sld_signaltap_body|sld_offload_buffer_mgr:\stp_non_zero_depth_offload_gen:stp_offload_buff_mgr_inst|lpm_shiftreg:ram_data_shift_out                                                                                                               ; lpm_shiftreg                      ; work         ;
;                |lpm_shiftreg:status_data_shift_out|                                                                                     ; 1 (1)               ; 15 (15)                   ; 0                 ; 0          ; 0    ; 0            ; |DE0_CV_golden_top|sld_signaltap:auto_signaltap_0|sld_signaltap_impl:sld_signaltap_body|sld_signaltap_implb:sld_signaltap_body|sld_offload_buffer_mgr:\stp_non_zero_depth_offload_gen:stp_offload_buff_mgr_inst|lpm_shiftreg:status_data_shift_out                                                                                                            ; lpm_shiftreg                      ; work         ;
;             |sld_rom_sr:crc_rom_sr|                                                                                                     ; 20 (20)             ; 8 (8)                     ; 0                 ; 0          ; 0    ; 0            ; |DE0_CV_golden_top|sld_signaltap:auto_signaltap_0|sld_signaltap_impl:sld_signaltap_body|sld_signaltap_implb:sld_signaltap_body|sld_rom_sr:crc_rom_sr                                                                                                                                                                                                          ; sld_rom_sr                        ; work         ;
+-----------------------------------------------------------------------------------------------------------------------------------------+---------------------+---------------------------+-------------------+------------+------+--------------+---------------------------------------------------------------------------------------------------------------------------------------------------------------------------------------------------------------------------------------------------------------------------------------------------------------------------------------------------------------+-----------------------------------+--------------+
Note: For table entries with two numbers listed, the numbers in parentheses indicate the number of resources of the given type used by the specific entity alone. The numbers listed outside of parentheses indicate the total resources of the given type used by the specific entity and all of its sub-entities in the hierarchy.


+-----------------------------------------------------------------------------------------------------------------------------------------------------------------------------------------------------------------------------------------------------------------------------------------------------------+
; Analysis & Synthesis RAM Summary                                                                                                                                                                                                                                                                          ;
+-------------------------------------------------------------------------------------------------------------------------------------------------------------------------------------------------------+------+------------------+--------------+--------------+--------------+--------------+------+------+
; Name                                                                                                                                                                                                  ; Type ; Mode             ; Port A Depth ; Port A Width ; Port B Depth ; Port B Width ; Size ; MIF  ;
+-------------------------------------------------------------------------------------------------------------------------------------------------------------------------------------------------------+------+------------------+--------------+--------------+--------------+--------------+------+------+
; sld_signaltap:auto_signaltap_0|sld_signaltap_impl:sld_signaltap_body|sld_signaltap_implb:sld_signaltap_body|altsyncram:\stp_non_zero_ram_gen:stp_buffer_ram|altsyncram_qb84:auto_generated|ALTSYNCRAM ; AUTO ; Simple Dual Port ; 128          ; 37           ; 128          ; 37           ; 4736 ; None ;
+-------------------------------------------------------------------------------------------------------------------------------------------------------------------------------------------------------+------+------------------+--------------+--------------+--------------+--------------+------+------+


+--------------------------------------------------------------------------------------------------------------------------------------------------------------------------------------------------------------------------------------------------------------------------------------------------------------------------------------------------------------------------+
; Analysis & Synthesis IP Cores Summary                                                                                                                                                                                                                                                                                                                                    ;
+--------+--------------+---------+--------------+--------------+----------------------------------------------------------------------------------------------------------------------------------------------------------------------------------------------------------------------------------------------------------------------------------------+-----------------+
; Vendor ; IP Core Name ; Version ; Release Date ; License Type ; Entity Instance                                                                                                                                                                                                                                                                        ; IP Include File ;
+--------+--------------+---------+--------------+--------------+----------------------------------------------------------------------------------------------------------------------------------------------------------------------------------------------------------------------------------------------------------------------------------------+-----------------+
; Altera ; Signal Tap   ; N/A     ; N/A          ; Licensed     ; |DE0_CV_golden_top|sld_hub:auto_hub|alt_sld_fab_with_jtag_input:\instrumentation_fabric_with_node_gen:fabric_gen_new_way:with_jtag_input_gen:instrumentation_fabric|alt_sld_fab:instrumentation_fabric                                                                                 ;                 ;
; Altera ; Signal Tap   ; N/A     ; N/A          ; Licensed     ; |DE0_CV_golden_top|sld_hub:auto_hub|alt_sld_fab_with_jtag_input:\instrumentation_fabric_with_node_gen:fabric_gen_new_way:with_jtag_input_gen:instrumentation_fabric|alt_sld_fab:instrumentation_fabric|alt_sld_fab_alt_sld_fab:alt_sld_fab                                             ;                 ;
; Altera ; Signal Tap   ; N/A     ; N/A          ; Licensed     ; |DE0_CV_golden_top|sld_hub:auto_hub|alt_sld_fab_with_jtag_input:\instrumentation_fabric_with_node_gen:fabric_gen_new_way:with_jtag_input_gen:instrumentation_fabric|alt_sld_fab:instrumentation_fabric|alt_sld_fab_alt_sld_fab:alt_sld_fab|alt_sld_fab_alt_sld_fab_presplit:presplit   ;                 ;
; Altera ; Signal Tap   ; N/A     ; N/A          ; Licensed     ; |DE0_CV_golden_top|sld_hub:auto_hub|alt_sld_fab_with_jtag_input:\instrumentation_fabric_with_node_gen:fabric_gen_new_way:with_jtag_input_gen:instrumentation_fabric|alt_sld_fab:instrumentation_fabric|alt_sld_fab_alt_sld_fab:alt_sld_fab|alt_sld_fab_alt_sld_fab_sldfabric:sldfabric ;                 ;
; Altera ; Signal Tap   ; N/A     ; N/A          ; Licensed     ; |DE0_CV_golden_top|sld_hub:auto_hub|alt_sld_fab_with_jtag_input:\instrumentation_fabric_with_node_gen:fabric_gen_new_way:with_jtag_input_gen:instrumentation_fabric|alt_sld_fab:instrumentation_fabric|alt_sld_fab_alt_sld_fab:alt_sld_fab|alt_sld_fab_alt_sld_fab_splitter:splitter   ;                 ;
+--------+--------------+---------+--------------+--------------+----------------------------------------------------------------------------------------------------------------------------------------------------------------------------------------------------------------------------------------------------------------------------------------+-----------------+


Encoding Type:  One-Hot
+----------------------------------------------------------------------------------------------------------------------------------------------------------------------------------------------------------------------------------------------------------------------------------------------------------------------------------------------------------------------------------------------------------+
; State Machine - |DE0_CV_golden_top|Top:t|LCD_display:display|current_state                                                                                                                                                                                                                                                                                                                               ;
+-----------------------------+---------------------+----------------------------+----------------------------+----------------------------+----------------------------+--------------------------+--------------------------+-----------------------------+---------------------------+-----------------------------+-----------------------------+-----------------------------+------------------------+
; Name                        ; current_state.ENTER ; current_state.CURSOR_LEFT2 ; current_state.REPLACE_DATA ; current_state.CURSOR_LEFT1 ; current_state.RECEIVE_DATA ; current_state.DISPLAY_ON ; current_state.ENTRY_MODE ; current_state.CLEAR_DISPLAY ; current_state.DISPLAY_OFF ; current_state.FUNCTION_SET3 ; current_state.FUNCTION_SET2 ; current_state.FUNCTION_SET1 ; current_state.WAIT_VDD ;
+-----------------------------+---------------------+----------------------------+----------------------------+----------------------------+----------------------------+--------------------------+--------------------------+-----------------------------+---------------------------+-----------------------------+-----------------------------+-----------------------------+------------------------+
; current_state.WAIT_VDD      ; 0                   ; 0                          ; 0                          ; 0                          ; 0                          ; 0                        ; 0                        ; 0                           ; 0                         ; 0                           ; 0                           ; 0                           ; 0                      ;
; current_state.FUNCTION_SET1 ; 0                   ; 0                          ; 0                          ; 0                          ; 0                          ; 0                        ; 0                        ; 0                           ; 0                         ; 0                           ; 0                           ; 1                           ; 1                      ;
; current_state.FUNCTION_SET2 ; 0                   ; 0                          ; 0                          ; 0                          ; 0                          ; 0                        ; 0                        ; 0                           ; 0                         ; 0                           ; 1                           ; 0                           ; 1                      ;
; current_state.FUNCTION_SET3 ; 0                   ; 0                          ; 0                          ; 0                          ; 0                          ; 0                        ; 0                        ; 0                           ; 0                         ; 1                           ; 0                           ; 0                           ; 1                      ;
; current_state.DISPLAY_OFF   ; 0                   ; 0                          ; 0                          ; 0                          ; 0                          ; 0                        ; 0                        ; 0                           ; 1                         ; 0                           ; 0                           ; 0                           ; 1                      ;
; current_state.CLEAR_DISPLAY ; 0                   ; 0                          ; 0                          ; 0                          ; 0                          ; 0                        ; 0                        ; 1                           ; 0                         ; 0                           ; 0                           ; 0                           ; 1                      ;
; current_state.ENTRY_MODE    ; 0                   ; 0                          ; 0                          ; 0                          ; 0                          ; 0                        ; 1                        ; 0                           ; 0                         ; 0                           ; 0                           ; 0                           ; 1                      ;
; current_state.DISPLAY_ON    ; 0                   ; 0                          ; 0                          ; 0                          ; 0                          ; 1                        ; 0                        ; 0                           ; 0                         ; 0                           ; 0                           ; 0                           ; 1                      ;
; current_state.RECEIVE_DATA  ; 0                   ; 0                          ; 0                          ; 0                          ; 1                          ; 0                        ; 0                        ; 0                           ; 0                         ; 0                           ; 0                           ; 0                           ; 1                      ;
; current_state.CURSOR_LEFT1  ; 0                   ; 0                          ; 0                          ; 1                          ; 0                          ; 0                        ; 0                        ; 0                           ; 0                         ; 0                           ; 0                           ; 0                           ; 1                      ;
; current_state.REPLACE_DATA  ; 0                   ; 0                          ; 1                          ; 0                          ; 0                          ; 0                        ; 0                        ; 0                           ; 0                         ; 0                           ; 0                           ; 0                           ; 1                      ;
; current_state.CURSOR_LEFT2  ; 0                   ; 1                          ; 0                          ; 0                          ; 0                          ; 0                        ; 0                        ; 0                           ; 0                         ; 0                           ; 0                           ; 0                           ; 1                      ;
; current_state.ENTER         ; 1                   ; 0                          ; 0                          ; 0                          ; 0                          ; 0                        ; 0                        ; 0                           ; 0                         ; 0                           ; 0                           ; 0                           ; 1                      ;
+-----------------------------+---------------------+----------------------------+----------------------------+----------------------------+----------------------------+--------------------------+--------------------------+-----------------------------+---------------------------+-----------------------------+-----------------------------+-----------------------------+------------------------+


Encoding Type:  One-Hot
+------------------------------------------------------------------------------------------------------------------------------------------------------------------------------------------------+
; State Machine - |DE0_CV_golden_top|Top:t|Ps2DataCollection:collector|current_state                                                                                                             ;
+---------------------------------+---------------------------------+----------------------------+-------------------------------+-------------------------------+-------------------------------+
; Name                            ; current_state.CHECK_DATA_PARITY ; current_state.RECIEVE_DATA ; current_state.CHECK_START_BIT ; current_state.WAIT_BREAK_CODE ; current_state.CHECK_DATA_STOP ;
+---------------------------------+---------------------------------+----------------------------+-------------------------------+-------------------------------+-------------------------------+
; current_state.WAIT_BREAK_CODE   ; 0                               ; 0                          ; 0                             ; 0                             ; 0                             ;
; current_state.CHECK_START_BIT   ; 0                               ; 0                          ; 1                             ; 1                             ; 0                             ;
; current_state.RECIEVE_DATA      ; 0                               ; 1                          ; 0                             ; 1                             ; 0                             ;
; current_state.CHECK_DATA_PARITY ; 1                               ; 0                          ; 0                             ; 1                             ; 0                             ;
; current_state.CHECK_DATA_STOP   ; 0                               ; 0                          ; 0                             ; 1                             ; 1                             ;
+---------------------------------+---------------------------------+----------------------------+-------------------------------+-------------------------------+-------------------------------+


+-----------------------------------------------------------------------------------------------------------------------------------------------------------------------------------+
; Registers Protected by Synthesis                                                                                                                                                  ;
+-------------------------------------------------------------------+------------------------------------------------------------------+--------------------------------------------+
; Register Name                                                     ; Protected by Synthesis Attribute or Preserve Register Assignment ; Not to be Touched by Netlist Optimizations ;
+-------------------------------------------------------------------+------------------------------------------------------------------+--------------------------------------------+
; Top:t|Ps2DataCollection:collector|current_state.CHECK_DATA_STOP   ; yes                                                              ; yes                                        ;
; Top:t|Ps2DataCollection:collector|current_state.WAIT_BREAK_CODE   ; yes                                                              ; yes                                        ;
; Top:t|Ps2DataCollection:collector|current_state.RECIEVE_DATA      ; yes                                                              ; yes                                        ;
; Top:t|Ps2DataCollection:collector|current_state.CHECK_DATA_PARITY ; yes                                                              ; yes                                        ;
; Top:t|Ps2DataCollection:collector|current_state.CHECK_START_BIT   ; yes                                                              ; yes                                        ;
; Total number of protected registers is 5                          ;                                                                  ;                                            ;
+-------------------------------------------------------------------+------------------------------------------------------------------+--------------------------------------------+


+--------------------------------------------------------------------------------------------+
; Registers Removed During Synthesis                                                         ;
+---------------------------------------------------+----------------------------------------+
; Register name                                     ; Reason for Removal                     ;
+---------------------------------------------------+----------------------------------------+
; Top:t|LCD_display:display|read_write              ; Stuck at GND due to stuck port data_in ;
; Top:t|LCD_display:display|current_state~4         ; Lost fanout                            ;
; Top:t|LCD_display:display|current_state~5         ; Lost fanout                            ;
; Top:t|LCD_display:display|current_state~6         ; Lost fanout                            ;
; Top:t|LCD_display:display|current_state~7         ; Lost fanout                            ;
; Top:t|Ps2DataCollection:collector|current_state~2 ; Lost fanout                            ;
; Top:t|Ps2DataCollection:collector|current_state~3 ; Lost fanout                            ;
; Total Number of Removed Registers = 7             ;                                        ;
+---------------------------------------------------+----------------------------------------+


+------------------------------------------------------+
; General Register Statistics                          ;
+----------------------------------------------+-------+
; Statistic                                    ; Value ;
+----------------------------------------------+-------+
; Total registers                              ; 879   ;
; Number of registers using Synchronous Clear  ; 128   ;
; Number of registers using Synchronous Load   ; 146   ;
; Number of registers using Asynchronous Clear ; 320   ;
; Number of registers using Asynchronous Load  ; 0     ;
; Number of registers using Clock Enable       ; 419   ;
; Number of registers using Preset             ; 0     ;
+----------------------------------------------+-------+


+-------------------------------------------------------------------------------------------------------------------------------------------------------------------------------------------------------------------------------------------------------------------------------------------------------------------------------------------+
; Inverted Register Statistics                                                                                                                                                                                                                                                                                                              ;
+---------------------------------------------------------------------------------------------------------------------------------------------------------------------------------------------------------------------------------------------------------------------------------------------------------------------------------+---------+
; Inverted Register                                                                                                                                                                                                                                                                                                               ; Fan out ;
+---------------------------------------------------------------------------------------------------------------------------------------------------------------------------------------------------------------------------------------------------------------------------------------------------------------------------------+---------+
; sld_hub:auto_hub|alt_sld_fab_with_jtag_input:\instrumentation_fabric_with_node_gen:fabric_gen_new_way:with_jtag_input_gen:instrumentation_fabric|alt_sld_fab:instrumentation_fabric|alt_sld_fab_alt_sld_fab:alt_sld_fab|alt_sld_fab_alt_sld_fab_sldfabric:sldfabric|sld_jtag_hub:\jtag_hub_gen:real_sld_jtag_hub|jtag_ir_reg[1] ; 3       ;
; sld_hub:auto_hub|alt_sld_fab_with_jtag_input:\instrumentation_fabric_with_node_gen:fabric_gen_new_way:with_jtag_input_gen:instrumentation_fabric|alt_sld_fab:instrumentation_fabric|alt_sld_fab_alt_sld_fab:alt_sld_fab|alt_sld_fab_alt_sld_fab_sldfabric:sldfabric|sld_jtag_hub:\jtag_hub_gen:real_sld_jtag_hub|jtag_ir_reg[2] ; 3       ;
; sld_signaltap:auto_signaltap_0|sld_signaltap_impl:sld_signaltap_body|sld_signaltap_implb:sld_signaltap_body|sld_buffer_manager:sld_buffer_manager_inst|modified_post_count[6]                                                                                                                                                   ; 1       ;
; sld_signaltap:auto_signaltap_0|sld_signaltap_impl:sld_signaltap_body|sld_signaltap_implb:sld_signaltap_body|sld_buffer_manager:sld_buffer_manager_inst|modified_post_count[7]                                                                                                                                                   ; 1       ;
; sld_signaltap:auto_signaltap_0|sld_signaltap_impl:sld_signaltap_body|sld_signaltap_implb:sld_signaltap_body|sld_buffer_manager:sld_buffer_manager_inst|modified_post_count[0]                                                                                                                                                   ; 1       ;
; sld_signaltap:auto_signaltap_0|sld_signaltap_impl:sld_signaltap_body|sld_signaltap_implb:sld_signaltap_body|sld_buffer_manager:sld_buffer_manager_inst|modified_post_count[1]                                                                                                                                                   ; 1       ;
; sld_signaltap:auto_signaltap_0|sld_signaltap_impl:sld_signaltap_body|sld_signaltap_implb:sld_signaltap_body|sld_buffer_manager:sld_buffer_manager_inst|modified_post_count[2]                                                                                                                                                   ; 1       ;
; sld_signaltap:auto_signaltap_0|sld_signaltap_impl:sld_signaltap_body|sld_signaltap_implb:sld_signaltap_body|sld_buffer_manager:sld_buffer_manager_inst|modified_post_count[3]                                                                                                                                                   ; 1       ;
; sld_signaltap:auto_signaltap_0|sld_signaltap_impl:sld_signaltap_body|sld_signaltap_implb:sld_signaltap_body|sld_buffer_manager:sld_buffer_manager_inst|modified_post_count[4]                                                                                                                                                   ; 1       ;
; sld_signaltap:auto_signaltap_0|sld_signaltap_impl:sld_signaltap_body|sld_signaltap_implb:sld_signaltap_body|sld_buffer_manager:sld_buffer_manager_inst|modified_post_count[5]                                                                                                                                                   ; 1       ;
; Total number of inverted registers = 10                                                                                                                                                                                                                                                                                         ;         ;
+---------------------------------------------------------------------------------------------------------------------------------------------------------------------------------------------------------------------------------------------------------------------------------------------------------------------------------+---------+


+--------------------------------------------------------------------------------------------------------------------------------------------------------------------------------------+
; Multiplexer Restructuring Statistics (Restructuring Performed)                                                                                                                       ;
+--------------------+-----------+---------------+----------------------+------------------------+------------+------------------------------------------------------------------------+
; Multiplexer Inputs ; Bus Width ; Baseline Area ; Area if Restructured ; Saving if Restructured ; Registered ; Example Multiplexer Output                                             ;
+--------------------+-----------+---------------+----------------------+------------------------+------------+------------------------------------------------------------------------+
; 4:1                ; 4 bits    ; 8 LEs         ; 8 LEs                ; 0 LEs                  ; Yes        ; |DE0_CV_golden_top|Top:t|Ps2DataCollection:collector|data_count[2]     ;
; 4:1                ; 20 bits   ; 40 LEs        ; 0 LEs                ; 40 LEs                 ; Yes        ; |DE0_CV_golden_top|Top:t|LCD_display:display|delay_counter[8]          ;
; 6:1                ; 8 bits    ; 32 LEs        ; 0 LEs                ; 32 LEs                 ; Yes        ; |DE0_CV_golden_top|Top:t|Ps2DataCollection:collector|data_shift_reg[7] ;
; 8:1                ; 6 bits    ; 30 LEs        ; 18 LEs               ; 12 LEs                 ; No         ; |DE0_CV_golden_top|Top:t|CaeserCipher:encrypter|ciphered_value[2]      ;
+--------------------+-----------+---------------+----------------------+------------------------+------------+------------------------------------------------------------------------+


+-------------------------------------------------------------------------------+
; Source assignments for Top:t|Ps2DataCollection:collector                      ;
+------------------------------+-------+------+---------------------------------+
; Assignment                   ; Value ; From ; To                              ;
+------------------------------+-------+------+---------------------------------+
; PRESERVE_REGISTER            ; on    ; -    ; current_state.WAIT_BREAK_CODE   ;
; PRESERVE_REGISTER            ; on    ; -    ; current_state.CHECK_START_BIT   ;
; PRESERVE_REGISTER            ; on    ; -    ; current_state.RECIEVE_DATA      ;
; PRESERVE_REGISTER            ; on    ; -    ; current_state.CHECK_DATA_PARITY ;
; PRESERVE_REGISTER            ; on    ; -    ; current_state.CHECK_DATA_STOP   ;
; IGNORE_LCELL_BUFFERS         ; off   ; -    ; next_state.WAIT_BREAK_CODE      ;
; REMOVE_REDUNDANT_LOGIC_CELLS ; off   ; -    ; next_state.WAIT_BREAK_CODE      ;
; IGNORE_LCELL_BUFFERS         ; off   ; -    ; next_state.CHECK_START_BIT      ;
; REMOVE_REDUNDANT_LOGIC_CELLS ; off   ; -    ; next_state.CHECK_START_BIT      ;
; IGNORE_LCELL_BUFFERS         ; off   ; -    ; next_state.RECIEVE_DATA         ;
; REMOVE_REDUNDANT_LOGIC_CELLS ; off   ; -    ; next_state.RECIEVE_DATA         ;
; IGNORE_LCELL_BUFFERS         ; off   ; -    ; next_state.CHECK_DATA_PARITY    ;
; REMOVE_REDUNDANT_LOGIC_CELLS ; off   ; -    ; next_state.CHECK_DATA_PARITY    ;
; IGNORE_LCELL_BUFFERS         ; off   ; -    ; next_state.CHECK_DATA_STOP      ;
; REMOVE_REDUNDANT_LOGIC_CELLS ; off   ; -    ; next_state.CHECK_DATA_STOP      ;
+------------------------------+-------+------+---------------------------------+


+-------------------------------------------------------+
; Source assignments for sld_signaltap:auto_signaltap_0 ;
+-----------------+-------+------+----------------------+
; Assignment      ; Value ; From ; To                   ;
+-----------------+-------+------+----------------------+
; MESSAGE_DISABLE ; 13410 ; -    ; -                    ;
+-----------------+-------+------+----------------------+


+---------------------------------------------------------------------------------------------------------------------------------------------------------------------------------------------------------+
; Parameter Settings for Inferred Entity Instance: sld_signaltap:auto_signaltap_0                                                                                                                         ;
+-------------------------------------------------+--------------------------------------------------------------------------------------------------------------------------------------+----------------+
; Parameter Name                                  ; Value                                                                                                                                ; Type           ;
+-------------------------------------------------+--------------------------------------------------------------------------------------------------------------------------------------+----------------+
; lpm_type                                        ; sld_signaltap                                                                                                                        ; String         ;
; sld_node_info                                   ; 805334528                                                                                                                            ; Untyped        ;
; SLD_SECTION_ID                                  ; hdl_signaltap_0                                                                                                                      ; String         ;
; SLD_IP_VERSION                                  ; 6                                                                                                                                    ; Signed Integer ;
; SLD_IP_MINOR_VERSION                            ; 0                                                                                                                                    ; Signed Integer ;
; SLD_COMMON_IP_VERSION                           ; 0                                                                                                                                    ; Signed Integer ;
; sld_data_bits                                   ; 37                                                                                                                                   ; Untyped        ;
; sld_trigger_bits                                ; 37                                                                                                                                   ; Untyped        ;
; SLD_NODE_CRC_BITS                               ; 32                                                                                                                                   ; Signed Integer ;
; SLD_NODE_CRC_HIWORD                             ; 41394                                                                                                                                ; Signed Integer ;
; SLD_NODE_CRC_LOWORD                             ; 50132                                                                                                                                ; Signed Integer ;
; sld_incremental_routing                         ; 1                                                                                                                                    ; Untyped        ;
; sld_sample_depth                                ; 128                                                                                                                                  ; Untyped        ;
; sld_segment_size                                ; 128                                                                                                                                  ; Untyped        ;
; sld_ram_block_type                              ; AUTO                                                                                                                                 ; Untyped        ;
; sld_state_bits                                  ; 11                                                                                                                                   ; Untyped        ;
; sld_buffer_full_stop                            ; 1                                                                                                                                    ; Untyped        ;
; SLD_MEM_ADDRESS_BITS                            ; 7                                                                                                                                    ; Signed Integer ;
; SLD_DATA_BIT_CNTR_BITS                          ; 4                                                                                                                                    ; Signed Integer ;
; sld_trigger_level                               ; 1                                                                                                                                    ; Untyped        ;
; sld_trigger_in_enabled                          ; 0                                                                                                                                    ; Untyped        ;
; SLD_HPS_TRIGGER_IN_ENABLED                      ; 0                                                                                                                                    ; Signed Integer ;
; SLD_HPS_TRIGGER_OUT_ENABLED                     ; 0                                                                                                                                    ; Signed Integer ;
; SLD_HPS_EVENT_ENABLED                           ; 0                                                                                                                                    ; Signed Integer ;
; SLD_HPS_EVENT_ID                                ; 0                                                                                                                                    ; Signed Integer ;
; sld_advanced_trigger_entity                     ; basic,1,                                                                                                                             ; Untyped        ;
; sld_trigger_level_pipeline                      ; 1                                                                                                                                    ; Untyped        ;
; sld_trigger_pipeline                            ; 0                                                                                                                                    ; Untyped        ;
; sld_ram_pipeline                                ; 0                                                                                                                                    ; Untyped        ;
; sld_counter_pipeline                            ; 0                                                                                                                                    ; Untyped        ;
; sld_enable_advanced_trigger                     ; 0                                                                                                                                    ; Untyped        ;
; SLD_ADVANCED_TRIGGER_1                          ; NONE                                                                                                                                 ; String         ;
; SLD_ADVANCED_TRIGGER_2                          ; NONE                                                                                                                                 ; String         ;
; SLD_ADVANCED_TRIGGER_3                          ; NONE                                                                                                                                 ; String         ;
; SLD_ADVANCED_TRIGGER_4                          ; NONE                                                                                                                                 ; String         ;
; SLD_ADVANCED_TRIGGER_5                          ; NONE                                                                                                                                 ; String         ;
; SLD_ADVANCED_TRIGGER_6                          ; NONE                                                                                                                                 ; String         ;
; SLD_ADVANCED_TRIGGER_7                          ; NONE                                                                                                                                 ; String         ;
; SLD_ADVANCED_TRIGGER_8                          ; NONE                                                                                                                                 ; String         ;
; SLD_ADVANCED_TRIGGER_9                          ; NONE                                                                                                                                 ; String         ;
; SLD_ADVANCED_TRIGGER_10                         ; NONE                                                                                                                                 ; String         ;
; sld_inversion_mask_length                       ; 132                                                                                                                                  ; Untyped        ;
; sld_inversion_mask                              ; 000000000000000000000000000000000000000000000000000000000000000000000000000000000000000000000000000000000000000000000000000000000000 ; Untyped        ;
; sld_power_up_trigger                            ; 0                                                                                                                                    ; Untyped        ;
; SLD_STATE_FLOW_MGR_ENTITY                       ; state_flow_mgr_entity.vhd                                                                                                            ; String         ;
; sld_state_flow_use_generated                    ; 0                                                                                                                                    ; Untyped        ;
; sld_current_resource_width                      ; 1                                                                                                                                    ; Untyped        ;
; sld_attribute_mem_mode                          ; OFF                                                                                                                                  ; Untyped        ;
; sld_storage_qualifier_bits                      ; 37                                                                                                                                   ; Untyped        ;
; SLD_STORAGE_QUALIFIER_GAP_RECORD                ; 0                                                                                                                                    ; Signed Integer ;
; SLD_STORAGE_QUALIFIER_MODE                      ; OFF                                                                                                                                  ; String         ;
; SLD_STORAGE_QUALIFIER_ENABLE_ADVANCED_CONDITION ; 0                                                                                                                                    ; Signed Integer ;
; sld_storage_qualifier_inversion_mask_length     ; 0                                                                                                                                    ; Untyped        ;
; SLD_STORAGE_QUALIFIER_ADVANCED_CONDITION_ENTITY ; basic                                                                                                                                ; String         ;
; SLD_STORAGE_QUALIFIER_PIPELINE                  ; 0                                                                                                                                    ; Signed Integer ;
; SLD_CREATE_MONITOR_INTERFACE                    ; 0                                                                                                                                    ; Signed Integer ;
; SLD_USE_JTAG_SIGNAL_ADAPTER                     ; 1                                                                                                                                    ; Signed Integer ;
+-------------------------------------------------+--------------------------------------------------------------------------------------------------------------------------------------+----------------+
Note: In order to hide this table in the UI and the text report file, please set the "Show Parameter Settings in Synthesis Report" option in "Analysis and Synthesis Settings -> More Settings" to "Off".


+-------------------------------------------------------------------------------------------------------------------------------------------------------------------------------------------------------------------------------------------------------------------------+
; Signal Tap Logic Analyzer Settings                                                                                                                                                                                                                                      ;
+----------------+------------------+---------------------+------------------+--------------+----------+------------------------+----------------------+--------------------+-----------------------------+-----------------+------------------+--------------------------+
; Instance Index ; Instance Name    ; Trigger Input Width ; Data Input Width ; Sample Depth ; Segments ; Storage Qualifier Type ; Trigger Flow Control ; Trigger Conditions ; Advanced Trigger Conditions ; Trigger In Used ; Trigger Out Used ; Power-Up Trigger Enabled ;
+----------------+------------------+---------------------+------------------+--------------+----------+------------------------+----------------------+--------------------+-----------------------------+-----------------+------------------+--------------------------+
; 0              ; auto_signaltap_0 ; 37                  ; 37               ; 128          ; 1        ; continuous             ; sequential           ; 1                  ; 0                           ; no              ; no               ; no                       ;
+----------------+------------------+---------------------+------------------+--------------+----------+------------------------+----------------------+--------------------+-----------------------------+-----------------+------------------+--------------------------+


+-----------------------------------------------------+
; Post-Synthesis Netlist Statistics for Top Partition ;
+-----------------------+-----------------------------+
; Type                  ; Count                       ;
+-----------------------+-----------------------------+
; arriav_ff             ; 71                          ;
;     CLR               ; 21                          ;
;     ENA               ; 10                          ;
;     ENA CLR           ; 2                           ;
;     ENA CLR SCLR      ; 20                          ;
;     ENA SCLR          ; 8                           ;
;     SCLR              ; 1                           ;
;     plain             ; 9                           ;
; arriav_io_obuf        ; 98                          ;
; arriav_lcell_comb     ; 238                         ;
;     arith             ; 40                          ;
;         0 data inputs ; 2                           ;
;         1 data inputs ; 20                          ;
;         3 data inputs ; 18                          ;
;     extend            ; 1                           ;
;         7 data inputs ; 1                           ;
;     normal            ; 197                         ;
;         0 data inputs ; 1                           ;
;         1 data inputs ; 1                           ;
;         2 data inputs ; 26                          ;
;         3 data inputs ; 24                          ;
;         4 data inputs ; 29                          ;
;         5 data inputs ; 34                          ;
;         6 data inputs ; 82                          ;
; boundary_port         ; 207                         ;
;                       ;                             ;
; Max LUT depth         ; 12.00                       ;
; Average LUT depth     ; 6.00                        ;
+-----------------------+-----------------------------+


+-------------------------------+
; Elapsed Time Per Partition    ;
+----------------+--------------+
; Partition Name ; Elapsed Time ;
+----------------+--------------+
; Top            ; 00:00:01     ;
+----------------+--------------+


+---------------------------------------------------------------------------------------------------------------------------------------------------------+
; Connections to In-System Debugging Instance "auto_signaltap_0"                                                                                          ;
+----------------------+---------------+-----------+--------------------------------+-------------------+---------------------------------------+---------+
; Name                 ; Type          ; Status    ; Partition Name                 ; Netlist Type Used ; Actual Connection                     ; Details ;
+----------------------+---------------+-----------+--------------------------------+-------------------+---------------------------------------+---------+
; CLOCK_50             ; pre-synthesis ; connected ; Top                            ; post-synthesis    ; CLOCK_50                              ; N/A     ;
; GPIO_0[0]            ; pre-synthesis ; connected ; Top                            ; post-synthesis    ; GPIO_0[0]                             ; N/A     ;
; GPIO_0[0]            ; pre-synthesis ; connected ; Top                            ; post-synthesis    ; GPIO_0[0]                             ; N/A     ;
; GPIO_0[10]           ; pre-synthesis ; connected ; Top                            ; post-synthesis    ; GPIO_0[10]                            ; N/A     ;
; GPIO_0[10]           ; pre-synthesis ; connected ; Top                            ; post-synthesis    ; GPIO_0[10]                            ; N/A     ;
; GPIO_0[11]           ; pre-synthesis ; connected ; Top                            ; post-synthesis    ; GPIO_0[11]                            ; N/A     ;
; GPIO_0[11]           ; pre-synthesis ; connected ; Top                            ; post-synthesis    ; GPIO_0[11]                            ; N/A     ;
; GPIO_0[12]           ; pre-synthesis ; connected ; Top                            ; post-synthesis    ; GPIO_0[12]                            ; N/A     ;
; GPIO_0[12]           ; pre-synthesis ; connected ; Top                            ; post-synthesis    ; GPIO_0[12]                            ; N/A     ;
; GPIO_0[13]           ; pre-synthesis ; connected ; Top                            ; post-synthesis    ; GPIO_0[13]                            ; N/A     ;
; GPIO_0[13]           ; pre-synthesis ; connected ; Top                            ; post-synthesis    ; GPIO_0[13]                            ; N/A     ;
; GPIO_0[14]           ; pre-synthesis ; connected ; Top                            ; post-synthesis    ; GPIO_0[14]                            ; N/A     ;
; GPIO_0[14]           ; pre-synthesis ; connected ; Top                            ; post-synthesis    ; GPIO_0[14]                            ; N/A     ;
; GPIO_0[15]           ; pre-synthesis ; connected ; Top                            ; post-synthesis    ; GPIO_0[15]                            ; N/A     ;
; GPIO_0[15]           ; pre-synthesis ; connected ; Top                            ; post-synthesis    ; GPIO_0[15]                            ; N/A     ;
; GPIO_0[16]           ; pre-synthesis ; connected ; Top                            ; post-synthesis    ; GPIO_0[16]                            ; N/A     ;
; GPIO_0[16]           ; pre-synthesis ; connected ; Top                            ; post-synthesis    ; GPIO_0[16]                            ; N/A     ;
; GPIO_0[17]           ; pre-synthesis ; connected ; Top                            ; post-synthesis    ; GPIO_0[17]                            ; N/A     ;
; GPIO_0[17]           ; pre-synthesis ; connected ; Top                            ; post-synthesis    ; GPIO_0[17]                            ; N/A     ;
; GPIO_0[18]           ; pre-synthesis ; connected ; Top                            ; post-synthesis    ; GPIO_0[18]                            ; N/A     ;
; GPIO_0[18]           ; pre-synthesis ; connected ; Top                            ; post-synthesis    ; GPIO_0[18]                            ; N/A     ;
; GPIO_0[19]           ; pre-synthesis ; connected ; Top                            ; post-synthesis    ; GPIO_0[19]                            ; N/A     ;
; GPIO_0[19]           ; pre-synthesis ; connected ; Top                            ; post-synthesis    ; GPIO_0[19]                            ; N/A     ;
; GPIO_0[1]            ; pre-synthesis ; connected ; Top                            ; post-synthesis    ; GPIO_0[1]                             ; N/A     ;
; GPIO_0[1]            ; pre-synthesis ; connected ; Top                            ; post-synthesis    ; GPIO_0[1]                             ; N/A     ;
; GPIO_0[20]           ; pre-synthesis ; connected ; Top                            ; post-synthesis    ; GPIO_0[20]                            ; N/A     ;
; GPIO_0[20]           ; pre-synthesis ; connected ; Top                            ; post-synthesis    ; GPIO_0[20]                            ; N/A     ;
; GPIO_0[21]           ; pre-synthesis ; connected ; Top                            ; post-synthesis    ; GPIO_0[21]                            ; N/A     ;
; GPIO_0[21]           ; pre-synthesis ; connected ; Top                            ; post-synthesis    ; GPIO_0[21]                            ; N/A     ;
; GPIO_0[22]           ; pre-synthesis ; connected ; Top                            ; post-synthesis    ; GPIO_0[22]                            ; N/A     ;
; GPIO_0[22]           ; pre-synthesis ; connected ; Top                            ; post-synthesis    ; GPIO_0[22]                            ; N/A     ;
; GPIO_0[23]           ; pre-synthesis ; connected ; Top                            ; post-synthesis    ; GPIO_0[23]                            ; N/A     ;
; GPIO_0[23]           ; pre-synthesis ; connected ; Top                            ; post-synthesis    ; GPIO_0[23]                            ; N/A     ;
; GPIO_0[24]           ; pre-synthesis ; connected ; Top                            ; post-synthesis    ; GPIO_0[24]                            ; N/A     ;
; GPIO_0[24]           ; pre-synthesis ; connected ; Top                            ; post-synthesis    ; GPIO_0[24]                            ; N/A     ;
; GPIO_0[25]           ; pre-synthesis ; connected ; Top                            ; post-synthesis    ; GPIO_0[25]                            ; N/A     ;
; GPIO_0[25]           ; pre-synthesis ; connected ; Top                            ; post-synthesis    ; GPIO_0[25]                            ; N/A     ;
; GPIO_0[26]           ; pre-synthesis ; connected ; Top                            ; post-synthesis    ; GPIO_0[26]                            ; N/A     ;
; GPIO_0[26]           ; pre-synthesis ; connected ; Top                            ; post-synthesis    ; GPIO_0[26]                            ; N/A     ;
; GPIO_0[27]           ; pre-synthesis ; connected ; Top                            ; post-synthesis    ; GPIO_0[27]                            ; N/A     ;
; GPIO_0[27]           ; pre-synthesis ; connected ; Top                            ; post-synthesis    ; GPIO_0[27]                            ; N/A     ;
; GPIO_0[28]           ; pre-synthesis ; connected ; Top                            ; post-synthesis    ; GPIO_0[28]                            ; N/A     ;
; GPIO_0[28]           ; pre-synthesis ; connected ; Top                            ; post-synthesis    ; GPIO_0[28]                            ; N/A     ;
; GPIO_0[29]           ; pre-synthesis ; connected ; Top                            ; post-synthesis    ; GPIO_0[29]                            ; N/A     ;
; GPIO_0[29]           ; pre-synthesis ; connected ; Top                            ; post-synthesis    ; GPIO_0[29]                            ; N/A     ;
; GPIO_0[2]            ; pre-synthesis ; connected ; Top                            ; post-synthesis    ; GPIO_0[2]                             ; N/A     ;
; GPIO_0[2]            ; pre-synthesis ; connected ; Top                            ; post-synthesis    ; GPIO_0[2]                             ; N/A     ;
; GPIO_0[30]           ; pre-synthesis ; connected ; Top                            ; post-synthesis    ; GPIO_0[30]                            ; N/A     ;
; GPIO_0[30]           ; pre-synthesis ; connected ; Top                            ; post-synthesis    ; GPIO_0[30]                            ; N/A     ;
; GPIO_0[31]           ; pre-synthesis ; connected ; Top                            ; post-synthesis    ; GPIO_0[31]                            ; N/A     ;
; GPIO_0[31]           ; pre-synthesis ; connected ; Top                            ; post-synthesis    ; GPIO_0[31]                            ; N/A     ;
; GPIO_0[32]           ; pre-synthesis ; connected ; Top                            ; post-synthesis    ; GPIO_0[32]                            ; N/A     ;
; GPIO_0[32]           ; pre-synthesis ; connected ; Top                            ; post-synthesis    ; GPIO_0[32]                            ; N/A     ;
; GPIO_0[33]           ; pre-synthesis ; connected ; Top                            ; post-synthesis    ; GPIO_0[33]                            ; N/A     ;
; GPIO_0[33]           ; pre-synthesis ; connected ; Top                            ; post-synthesis    ; GPIO_0[33]                            ; N/A     ;
; GPIO_0[34]           ; pre-synthesis ; connected ; Top                            ; post-synthesis    ; GPIO_0[34]                            ; N/A     ;
; GPIO_0[34]           ; pre-synthesis ; connected ; Top                            ; post-synthesis    ; GPIO_0[34]                            ; N/A     ;
; GPIO_0[35]           ; pre-synthesis ; connected ; Top                            ; post-synthesis    ; GPIO_0[35]                            ; N/A     ;
; GPIO_0[35]           ; pre-synthesis ; connected ; Top                            ; post-synthesis    ; GPIO_0[35]                            ; N/A     ;
; GPIO_0[3]            ; pre-synthesis ; connected ; Top                            ; post-synthesis    ; GPIO_0[3]                             ; N/A     ;
; GPIO_0[3]            ; pre-synthesis ; connected ; Top                            ; post-synthesis    ; GPIO_0[3]                             ; N/A     ;
; GPIO_0[4]            ; pre-synthesis ; connected ; Top                            ; post-synthesis    ; GPIO_0[4]                             ; N/A     ;
; GPIO_0[4]            ; pre-synthesis ; connected ; Top                            ; post-synthesis    ; GPIO_0[4]                             ; N/A     ;
; GPIO_0[5]            ; pre-synthesis ; connected ; Top                            ; post-synthesis    ; GPIO_0[5]                             ; N/A     ;
; GPIO_0[5]            ; pre-synthesis ; connected ; Top                            ; post-synthesis    ; GPIO_0[5]                             ; N/A     ;
; GPIO_0[6]            ; pre-synthesis ; connected ; Top                            ; post-synthesis    ; GPIO_0[6]                             ; N/A     ;
; GPIO_0[6]            ; pre-synthesis ; connected ; Top                            ; post-synthesis    ; GPIO_0[6]                             ; N/A     ;
; GPIO_0[7]            ; pre-synthesis ; connected ; Top                            ; post-synthesis    ; GPIO_0[7]                             ; N/A     ;
; GPIO_0[7]            ; pre-synthesis ; connected ; Top                            ; post-synthesis    ; GPIO_0[7]                             ; N/A     ;
; GPIO_0[8]            ; pre-synthesis ; connected ; Top                            ; post-synthesis    ; GPIO_0[8]                             ; N/A     ;
; GPIO_0[8]            ; pre-synthesis ; connected ; Top                            ; post-synthesis    ; GPIO_0[8]                             ; N/A     ;
; GPIO_0[9]            ; pre-synthesis ; connected ; Top                            ; post-synthesis    ; GPIO_0[9]                             ; N/A     ;
; GPIO_0[9]            ; pre-synthesis ; connected ; Top                            ; post-synthesis    ; GPIO_0[9]                             ; N/A     ;
; Top:t|got_here1      ; pre-synthesis ; connected ; Top                            ; post-synthesis    ; Top:t|LCD_display:display|Selector8~1 ; N/A     ;
; Top:t|got_here1      ; pre-synthesis ; connected ; Top                            ; post-synthesis    ; Top:t|LCD_display:display|Selector8~1 ; N/A     ;
; auto_signaltap_0|gnd ; post-fitting  ; connected ; sld_signaltap:auto_signaltap_0 ; post-synthesis    ; sld_signaltap:auto_signaltap_0|~GND   ; N/A     ;
; auto_signaltap_0|gnd ; post-fitting  ; connected ; sld_signaltap:auto_signaltap_0 ; post-synthesis    ; sld_signaltap:auto_signaltap_0|~GND   ; N/A     ;
; auto_signaltap_0|gnd ; post-fitting  ; connected ; sld_signaltap:auto_signaltap_0 ; post-synthesis    ; sld_signaltap:auto_signaltap_0|~GND   ; N/A     ;
; auto_signaltap_0|gnd ; post-fitting  ; connected ; sld_signaltap:auto_signaltap_0 ; post-synthesis    ; sld_signaltap:auto_signaltap_0|~GND   ; N/A     ;
; auto_signaltap_0|gnd ; post-fitting  ; connected ; sld_signaltap:auto_signaltap_0 ; post-synthesis    ; sld_signaltap:auto_signaltap_0|~GND   ; N/A     ;
; auto_signaltap_0|gnd ; post-fitting  ; connected ; sld_signaltap:auto_signaltap_0 ; post-synthesis    ; sld_signaltap:auto_signaltap_0|~GND   ; N/A     ;
; auto_signaltap_0|gnd ; post-fitting  ; connected ; sld_signaltap:auto_signaltap_0 ; post-synthesis    ; sld_signaltap:auto_signaltap_0|~GND   ; N/A     ;
; auto_signaltap_0|gnd ; post-fitting  ; connected ; sld_signaltap:auto_signaltap_0 ; post-synthesis    ; sld_signaltap:auto_signaltap_0|~GND   ; N/A     ;
; auto_signaltap_0|gnd ; post-fitting  ; connected ; sld_signaltap:auto_signaltap_0 ; post-synthesis    ; sld_signaltap:auto_signaltap_0|~GND   ; N/A     ;
; auto_signaltap_0|gnd ; post-fitting  ; connected ; sld_signaltap:auto_signaltap_0 ; post-synthesis    ; sld_signaltap:auto_signaltap_0|~GND   ; N/A     ;
; auto_signaltap_0|gnd ; post-fitting  ; connected ; sld_signaltap:auto_signaltap_0 ; post-synthesis    ; sld_signaltap:auto_signaltap_0|~GND   ; N/A     ;
; auto_signaltap_0|gnd ; post-fitting  ; connected ; sld_signaltap:auto_signaltap_0 ; post-synthesis    ; sld_signaltap:auto_signaltap_0|~GND   ; N/A     ;
; auto_signaltap_0|gnd ; post-fitting  ; connected ; sld_signaltap:auto_signaltap_0 ; post-synthesis    ; sld_signaltap:auto_signaltap_0|~GND   ; N/A     ;
; auto_signaltap_0|gnd ; post-fitting  ; connected ; sld_signaltap:auto_signaltap_0 ; post-synthesis    ; sld_signaltap:auto_signaltap_0|~GND   ; N/A     ;
; auto_signaltap_0|vcc ; post-fitting  ; connected ; sld_signaltap:auto_signaltap_0 ; post-synthesis    ; sld_signaltap:auto_signaltap_0|~VCC   ; N/A     ;
; auto_signaltap_0|vcc ; post-fitting  ; connected ; sld_signaltap:auto_signaltap_0 ; post-synthesis    ; sld_signaltap:auto_signaltap_0|~VCC   ; N/A     ;
; auto_signaltap_0|vcc ; post-fitting  ; connected ; sld_signaltap:auto_signaltap_0 ; post-synthesis    ; sld_signaltap:auto_signaltap_0|~VCC   ; N/A     ;
; auto_signaltap_0|vcc ; post-fitting  ; connected ; sld_signaltap:auto_signaltap_0 ; post-synthesis    ; sld_signaltap:auto_signaltap_0|~VCC   ; N/A     ;
; auto_signaltap_0|vcc ; post-fitting  ; connected ; sld_signaltap:auto_signaltap_0 ; post-synthesis    ; sld_signaltap:auto_signaltap_0|~VCC   ; N/A     ;
; auto_signaltap_0|vcc ; post-fitting  ; connected ; sld_signaltap:auto_signaltap_0 ; post-synthesis    ; sld_signaltap:auto_signaltap_0|~VCC   ; N/A     ;
; auto_signaltap_0|vcc ; post-fitting  ; connected ; sld_signaltap:auto_signaltap_0 ; post-synthesis    ; sld_signaltap:auto_signaltap_0|~VCC   ; N/A     ;
; auto_signaltap_0|vcc ; post-fitting  ; connected ; sld_signaltap:auto_signaltap_0 ; post-synthesis    ; sld_signaltap:auto_signaltap_0|~VCC   ; N/A     ;
; auto_signaltap_0|vcc ; post-fitting  ; connected ; sld_signaltap:auto_signaltap_0 ; post-synthesis    ; sld_signaltap:auto_signaltap_0|~VCC   ; N/A     ;
; auto_signaltap_0|vcc ; post-fitting  ; connected ; sld_signaltap:auto_signaltap_0 ; post-synthesis    ; sld_signaltap:auto_signaltap_0|~VCC   ; N/A     ;
; auto_signaltap_0|vcc ; post-fitting  ; connected ; sld_signaltap:auto_signaltap_0 ; post-synthesis    ; sld_signaltap:auto_signaltap_0|~VCC   ; N/A     ;
; auto_signaltap_0|vcc ; post-fitting  ; connected ; sld_signaltap:auto_signaltap_0 ; post-synthesis    ; sld_signaltap:auto_signaltap_0|~VCC   ; N/A     ;
; auto_signaltap_0|vcc ; post-fitting  ; connected ; sld_signaltap:auto_signaltap_0 ; post-synthesis    ; sld_signaltap:auto_signaltap_0|~VCC   ; N/A     ;
; auto_signaltap_0|vcc ; post-fitting  ; connected ; sld_signaltap:auto_signaltap_0 ; post-synthesis    ; sld_signaltap:auto_signaltap_0|~VCC   ; N/A     ;
; auto_signaltap_0|vcc ; post-fitting  ; connected ; sld_signaltap:auto_signaltap_0 ; post-synthesis    ; sld_signaltap:auto_signaltap_0|~VCC   ; N/A     ;
; auto_signaltap_0|vcc ; post-fitting  ; connected ; sld_signaltap:auto_signaltap_0 ; post-synthesis    ; sld_signaltap:auto_signaltap_0|~VCC   ; N/A     ;
; auto_signaltap_0|vcc ; post-fitting  ; connected ; sld_signaltap:auto_signaltap_0 ; post-synthesis    ; sld_signaltap:auto_signaltap_0|~VCC   ; N/A     ;
; auto_signaltap_0|vcc ; post-fitting  ; connected ; sld_signaltap:auto_signaltap_0 ; post-synthesis    ; sld_signaltap:auto_signaltap_0|~VCC   ; N/A     ;
+----------------------+---------------+-----------+--------------------------------+-------------------+---------------------------------------+---------+


+-------------------------------+
; Analysis & Synthesis Messages ;
+-------------------------------+
Info: *******************************************************************
Info: Running Quartus Prime Analysis & Synthesis
    Info: Version 18.1.0 Build 625 09/12/2018 SJ Lite Edition
    Info: Processing started: Thu May 01 00:28:26 2025
Info: Command: quartus_map --read_settings_files=on --write_settings_files=off Ps2_Encrypted_LCD -c Ps2_Encrypted_LCD
Critical Warning (138067): Current license file does not support incremental compilation. The Quartus Prime software removes all the user-specified design partitions in the design automatically.
Warning (18236): Number of processors has not been specified which may cause overloading on shared machines.  Set the global assignment NUM_PARALLEL_PROCESSORS in your QSF to an appropriate value for best performance.
Info (20030): Parallel compilation is enabled and will use 12 of the 12 processors detected
Info (12021): Found 1 design units, including 1 entities, in source file top.sv
    Info (12023): Found entity 1: Top File: C:/Users/nlp52/Documents/PS2_Encrypted_to_LCD/Top.sv Line: 2
Info (12021): Found 1 design units, including 1 entities, in source file ps2datacollection.sv
    Info (12023): Found entity 1: Ps2DataCollection File: C:/Users/nlp52/Documents/PS2_Encrypted_to_LCD/Ps2DataCollection.sv Line: 2
Info (12021): Found 1 design units, including 1 entities, in source file linear_to_ascii.sv
    Info (12023): Found entity 1: Linear_to_ASCII File: C:/Users/nlp52/Documents/PS2_Encrypted_to_LCD/Linear_to_ASCII.sv Line: 1
Info (12021): Found 1 design units, including 1 entities, in source file lcd_display.sv
    Info (12023): Found entity 1: LCD_display File: C:/Users/nlp52/Documents/PS2_Encrypted_to_LCD/LCD_display.sv Line: 1
Info (12021): Found 1 design units, including 1 entities, in source file caesercipher.sv
    Info (12023): Found entity 1: CaeserCipher File: C:/Users/nlp52/Documents/PS2_Encrypted_to_LCD/CaeserCipher.sv Line: 1
Info (12021): Found 1 design units, including 1 entities, in source file de0_cv_golden_top.v
    Info (12023): Found entity 1: DE0_CV_golden_top File: C:/Users/nlp52/Documents/PS2_Encrypted_to_LCD/DE0_CV_golden_top.v Line: 54
Info (12021): Found 1 design units, including 1 entities, in source file ps2_to_linear.sv
    Info (12023): Found entity 1: Ps2_to_Linear File: C:/Users/nlp52/Documents/PS2_Encrypted_to_LCD/Ps2_to_Linear.sv Line: 1
Info (12127): Elaborating entity "DE0_CV_golden_top" for the top level hierarchy
Warning (10034): Output port "DRAM_ADDR" at DE0_CV_golden_top.v(76) has no driver File: C:/Users/nlp52/Documents/PS2_Encrypted_to_LCD/DE0_CV_golden_top.v Line: 76
Warning (10034): Output port "DRAM_BA" at DE0_CV_golden_top.v(77) has no driver File: C:/Users/nlp52/Documents/PS2_Encrypted_to_LCD/DE0_CV_golden_top.v Line: 77
Warning (10034): Output port "HEX0" at DE0_CV_golden_top.v(95) has no driver File: C:/Users/nlp52/Documents/PS2_Encrypted_to_LCD/DE0_CV_golden_top.v Line: 95
Warning (10034): Output port "HEX1" at DE0_CV_golden_top.v(99) has no driver File: C:/Users/nlp52/Documents/PS2_Encrypted_to_LCD/DE0_CV_golden_top.v Line: 99
Warning (10034): Output port "HEX2" at DE0_CV_golden_top.v(103) has no driver File: C:/Users/nlp52/Documents/PS2_Encrypted_to_LCD/DE0_CV_golden_top.v Line: 103
Warning (10034): Output port "HEX3" at DE0_CV_golden_top.v(107) has no driver File: C:/Users/nlp52/Documents/PS2_Encrypted_to_LCD/DE0_CV_golden_top.v Line: 107
Warning (10034): Output port "HEX4" at DE0_CV_golden_top.v(111) has no driver File: C:/Users/nlp52/Documents/PS2_Encrypted_to_LCD/DE0_CV_golden_top.v Line: 111
Warning (10034): Output port "HEX5" at DE0_CV_golden_top.v(115) has no driver File: C:/Users/nlp52/Documents/PS2_Encrypted_to_LCD/DE0_CV_golden_top.v Line: 115
Warning (10034): Output port "LEDR[9..5]" at DE0_CV_golden_top.v(123) has no driver File: C:/Users/nlp52/Documents/PS2_Encrypted_to_LCD/DE0_CV_golden_top.v Line: 123
Warning (10034): Output port "LEDR[3..0]" at DE0_CV_golden_top.v(123) has no driver File: C:/Users/nlp52/Documents/PS2_Encrypted_to_LCD/DE0_CV_golden_top.v Line: 123
Warning (10034): Output port "VGA_B" at DE0_CV_golden_top.v(148) has no driver File: C:/Users/nlp52/Documents/PS2_Encrypted_to_LCD/DE0_CV_golden_top.v Line: 148
Warning (10034): Output port "VGA_G" at DE0_CV_golden_top.v(149) has no driver File: C:/Users/nlp52/Documents/PS2_Encrypted_to_LCD/DE0_CV_golden_top.v Line: 149
Warning (10034): Output port "VGA_R" at DE0_CV_golden_top.v(151) has no driver File: C:/Users/nlp52/Documents/PS2_Encrypted_to_LCD/DE0_CV_golden_top.v Line: 151
Warning (10034): Output port "DRAM_CAS_N" at DE0_CV_golden_top.v(78) has no driver File: C:/Users/nlp52/Documents/PS2_Encrypted_to_LCD/DE0_CV_golden_top.v Line: 78
Warning (10034): Output port "DRAM_CKE" at DE0_CV_golden_top.v(79) has no driver File: C:/Users/nlp52/Documents/PS2_Encrypted_to_LCD/DE0_CV_golden_top.v Line: 79
Warning (10034): Output port "DRAM_CLK" at DE0_CV_golden_top.v(80) has no driver File: C:/Users/nlp52/Documents/PS2_Encrypted_to_LCD/DE0_CV_golden_top.v Line: 80
Warning (10034): Output port "DRAM_CS_N" at DE0_CV_golden_top.v(81) has no driver File: C:/Users/nlp52/Documents/PS2_Encrypted_to_LCD/DE0_CV_golden_top.v Line: 81
Warning (10034): Output port "DRAM_LDQM" at DE0_CV_golden_top.v(83) has no driver File: C:/Users/nlp52/Documents/PS2_Encrypted_to_LCD/DE0_CV_golden_top.v Line: 83
Warning (10034): Output port "DRAM_RAS_N" at DE0_CV_golden_top.v(84) has no driver File: C:/Users/nlp52/Documents/PS2_Encrypted_to_LCD/DE0_CV_golden_top.v Line: 84
Warning (10034): Output port "DRAM_UDQM" at DE0_CV_golden_top.v(85) has no driver File: C:/Users/nlp52/Documents/PS2_Encrypted_to_LCD/DE0_CV_golden_top.v Line: 85
Warning (10034): Output port "DRAM_WE_N" at DE0_CV_golden_top.v(86) has no driver File: C:/Users/nlp52/Documents/PS2_Encrypted_to_LCD/DE0_CV_golden_top.v Line: 86
Warning (10034): Output port "SD_CLK" at DE0_CV_golden_top.v(138) has no driver File: C:/Users/nlp52/Documents/PS2_Encrypted_to_LCD/DE0_CV_golden_top.v Line: 138
Warning (10034): Output port "VGA_HS" at DE0_CV_golden_top.v(150) has no driver File: C:/Users/nlp52/Documents/PS2_Encrypted_to_LCD/DE0_CV_golden_top.v Line: 150
Warning (10034): Output port "VGA_VS" at DE0_CV_golden_top.v(154) has no driver File: C:/Users/nlp52/Documents/PS2_Encrypted_to_LCD/DE0_CV_golden_top.v Line: 154
Info (12128): Elaborating entity "Top" for hierarchy "Top:t" File: C:/Users/nlp52/Documents/PS2_Encrypted_to_LCD/DE0_CV_golden_top.v Line: 172
Info (12128): Elaborating entity "Ps2DataCollection" for hierarchy "Top:t|Ps2DataCollection:collector" File: C:/Users/nlp52/Documents/PS2_Encrypted_to_LCD/Top.sv Line: 46
Info (10264): Verilog HDL Case Statement information at Ps2DataCollection.sv(116): all case item expressions in this case statement are onehot File: C:/Users/nlp52/Documents/PS2_Encrypted_to_LCD/Ps2DataCollection.sv Line: 116
Info (12128): Elaborating entity "Ps2_to_Linear" for hierarchy "Top:t|Ps2_to_Linear:converter" File: C:/Users/nlp52/Documents/PS2_Encrypted_to_LCD/Top.sv Line: 53
Info (12128): Elaborating entity "CaeserCipher" for hierarchy "Top:t|CaeserCipher:encrypter" File: C:/Users/nlp52/Documents/PS2_Encrypted_to_LCD/Top.sv Line: 63
Warning (10230): Verilog HDL assignment warning at CaeserCipher.sv(28): truncated value with size 32 to match size of target (6) File: C:/Users/nlp52/Documents/PS2_Encrypted_to_LCD/CaeserCipher.sv Line: 28
Warning (10230): Verilog HDL assignment warning at CaeserCipher.sv(36): truncated value with size 32 to match size of target (6) File: C:/Users/nlp52/Documents/PS2_Encrypted_to_LCD/CaeserCipher.sv Line: 36
Info (12128): Elaborating entity "Linear_to_ASCII" for hierarchy "Top:t|Linear_to_ASCII:l" File: C:/Users/nlp52/Documents/PS2_Encrypted_to_LCD/Top.sv Line: 70
Info (12128): Elaborating entity "LCD_display" for hierarchy "Top:t|LCD_display:display" File: C:/Users/nlp52/Documents/PS2_Encrypted_to_LCD/Top.sv Line: 83
Critical Warning (138067): Current license file does not support incremental compilation. The Quartus Prime software removes all the user-specified design partitions in the design automatically.
Info (12021): Found 1 design units, including 1 entities, in source file db/altsyncram_qb84.tdf
    Info (12023): Found entity 1: altsyncram_qb84 File: C:/Users/nlp52/Documents/PS2_Encrypted_to_LCD/db/altsyncram_qb84.tdf Line: 27
Info (12021): Found 1 design units, including 1 entities, in source file db/mux_elc.tdf
    Info (12023): Found entity 1: mux_elc File: C:/Users/nlp52/Documents/PS2_Encrypted_to_LCD/db/mux_elc.tdf Line: 22
Info (12021): Found 1 design units, including 1 entities, in source file db/decode_vnf.tdf
    Info (12023): Found entity 1: decode_vnf File: C:/Users/nlp52/Documents/PS2_Encrypted_to_LCD/db/decode_vnf.tdf Line: 22
Info (12021): Found 1 design units, including 1 entities, in source file db/cntr_69i.tdf
    Info (12023): Found entity 1: cntr_69i File: C:/Users/nlp52/Documents/PS2_Encrypted_to_LCD/db/cntr_69i.tdf Line: 27
Info (12021): Found 1 design units, including 1 entities, in source file db/cmpr_e9c.tdf
    Info (12023): Found entity 1: cmpr_e9c File: C:/Users/nlp52/Documents/PS2_Encrypted_to_LCD/db/cmpr_e9c.tdf Line: 22
Info (12021): Found 1 design units, including 1 entities, in source file db/cntr_4vi.tdf
    Info (12023): Found entity 1: cntr_4vi File: C:/Users/nlp52/Documents/PS2_Encrypted_to_LCD/db/cntr_4vi.tdf Line: 25
Info (12021): Found 1 design units, including 1 entities, in source file db/cntr_09i.tdf
    Info (12023): Found entity 1: cntr_09i File: C:/Users/nlp52/Documents/PS2_Encrypted_to_LCD/db/cntr_09i.tdf Line: 27
Info (12021): Found 1 design units, including 1 entities, in source file db/cmpr_c9c.tdf
    Info (12023): Found entity 1: cmpr_c9c File: C:/Users/nlp52/Documents/PS2_Encrypted_to_LCD/db/cmpr_c9c.tdf Line: 22
Info (12021): Found 1 design units, including 1 entities, in source file db/cntr_kri.tdf
    Info (12023): Found entity 1: cntr_kri File: C:/Users/nlp52/Documents/PS2_Encrypted_to_LCD/db/cntr_kri.tdf Line: 27
Info (12021): Found 1 design units, including 1 entities, in source file db/cmpr_99c.tdf
    Info (12023): Found entity 1: cmpr_99c File: C:/Users/nlp52/Documents/PS2_Encrypted_to_LCD/db/cmpr_99c.tdf Line: 22
Info (12033): Analysis and Synthesis generated Signal Tap or debug node instance "auto_signaltap_0"
Info (11170): Starting IP generation for the debug fabric: alt_sld_fab.
Info (11172): 2025.05.01.00:28:37 Progress: Loading sld60a1a2f9/alt_sld_fab_wrapper_hw.tcl
Info (11172): Alt_sld_fab.alt_sld_fab: SLD fabric agents which did not specify prefer_host were connected to JTAG
Info (11172): Alt_sld_fab: Generating alt_sld_fab "alt_sld_fab" for QUARTUS_SYNTH
Info (11172): Alt_sld_fab: "alt_sld_fab" instantiated alt_sld_fab "alt_sld_fab"
Info (11172): Presplit: "alt_sld_fab" instantiated altera_super_splitter "presplit"
Info (11172): Splitter: "alt_sld_fab" instantiated altera_sld_splitter "splitter"
Info (11172): Sldfabric: "alt_sld_fab" instantiated altera_sld_jtag_hub "sldfabric"
Info (11172): Ident: "alt_sld_fab" instantiated altera_connection_identification_hub "ident"
Info (11172): Alt_sld_fab: Done "alt_sld_fab" with 6 modules, 6 files
Info (11171): Finished IP generation for the debug fabric: alt_sld_fab.
Info (12021): Found 1 design units, including 1 entities, in source file db/ip/sld60a1a2f9/alt_sld_fab.v
    Info (12023): Found entity 1: alt_sld_fab File: C:/Users/nlp52/Documents/PS2_Encrypted_to_LCD/db/ip/sld60a1a2f9/alt_sld_fab.v Line: 9
Info (12021): Found 1 design units, including 1 entities, in source file db/ip/sld60a1a2f9/submodules/alt_sld_fab_alt_sld_fab.v
    Info (12023): Found entity 1: alt_sld_fab_alt_sld_fab File: C:/Users/nlp52/Documents/PS2_Encrypted_to_LCD/db/ip/sld60a1a2f9/submodules/alt_sld_fab_alt_sld_fab.v Line: 9
Info (12021): Found 1 design units, including 1 entities, in source file db/ip/sld60a1a2f9/submodules/alt_sld_fab_alt_sld_fab_ident.sv
    Info (12023): Found entity 1: alt_sld_fab_alt_sld_fab_ident File: C:/Users/nlp52/Documents/PS2_Encrypted_to_LCD/db/ip/sld60a1a2f9/submodules/alt_sld_fab_alt_sld_fab_ident.sv Line: 33
Info (12021): Found 1 design units, including 1 entities, in source file db/ip/sld60a1a2f9/submodules/alt_sld_fab_alt_sld_fab_presplit.sv
    Info (12023): Found entity 1: alt_sld_fab_alt_sld_fab_presplit File: C:/Users/nlp52/Documents/PS2_Encrypted_to_LCD/db/ip/sld60a1a2f9/submodules/alt_sld_fab_alt_sld_fab_presplit.sv Line: 3
Info (12021): Found 2 design units, including 1 entities, in source file db/ip/sld60a1a2f9/submodules/alt_sld_fab_alt_sld_fab_sldfabric.vhd
    Info (12022): Found design unit 1: alt_sld_fab_alt_sld_fab_sldfabric-rtl File: C:/Users/nlp52/Documents/PS2_Encrypted_to_LCD/db/ip/sld60a1a2f9/submodules/alt_sld_fab_alt_sld_fab_sldfabric.vhd Line: 102
    Info (12023): Found entity 1: alt_sld_fab_alt_sld_fab_sldfabric File: C:/Users/nlp52/Documents/PS2_Encrypted_to_LCD/db/ip/sld60a1a2f9/submodules/alt_sld_fab_alt_sld_fab_sldfabric.vhd Line: 11
Info (12021): Found 1 design units, including 1 entities, in source file db/ip/sld60a1a2f9/submodules/alt_sld_fab_alt_sld_fab_splitter.sv
    Info (12023): Found entity 1: alt_sld_fab_alt_sld_fab_splitter File: C:/Users/nlp52/Documents/PS2_Encrypted_to_LCD/db/ip/sld60a1a2f9/submodules/alt_sld_fab_alt_sld_fab_splitter.sv Line: 3
Warning (13034): The following nodes have both tri-state and non-tri-state drivers
    Warning (13035): Inserted always-enabled tri-state buffer between "GPIO_0[2]" and its non-tri-state driver. File: C:/Users/nlp52/Documents/PS2_Encrypted_to_LCD/DE0_CV_golden_top.v Line: 90
    Warning (13035): Inserted always-enabled tri-state buffer between "GPIO_0[4]" and its non-tri-state driver. File: C:/Users/nlp52/Documents/PS2_Encrypted_to_LCD/DE0_CV_golden_top.v Line: 90
    Warning (13035): Inserted always-enabled tri-state buffer between "GPIO_0[5]" and its non-tri-state driver. File: C:/Users/nlp52/Documents/PS2_Encrypted_to_LCD/DE0_CV_golden_top.v Line: 90
    Warning (13035): Inserted always-enabled tri-state buffer between "GPIO_0[28]" and its non-tri-state driver. File: C:/Users/nlp52/Documents/PS2_Encrypted_to_LCD/DE0_CV_golden_top.v Line: 90
    Warning (13035): Inserted always-enabled tri-state buffer between "GPIO_0[29]" and its non-tri-state driver. File: C:/Users/nlp52/Documents/PS2_Encrypted_to_LCD/DE0_CV_golden_top.v Line: 90
    Warning (13035): Inserted always-enabled tri-state buffer between "GPIO_0[30]" and its non-tri-state driver. File: C:/Users/nlp52/Documents/PS2_Encrypted_to_LCD/DE0_CV_golden_top.v Line: 90
    Warning (13035): Inserted always-enabled tri-state buffer between "GPIO_0[31]" and its non-tri-state driver. File: C:/Users/nlp52/Documents/PS2_Encrypted_to_LCD/DE0_CV_golden_top.v Line: 90
    Warning (13035): Inserted always-enabled tri-state buffer between "GPIO_0[32]" and its non-tri-state driver. File: C:/Users/nlp52/Documents/PS2_Encrypted_to_LCD/DE0_CV_golden_top.v Line: 90
    Warning (13035): Inserted always-enabled tri-state buffer between "GPIO_0[33]" and its non-tri-state driver. File: C:/Users/nlp52/Documents/PS2_Encrypted_to_LCD/DE0_CV_golden_top.v Line: 90
    Warning (13035): Inserted always-enabled tri-state buffer between "GPIO_0[34]" and its non-tri-state driver. File: C:/Users/nlp52/Documents/PS2_Encrypted_to_LCD/DE0_CV_golden_top.v Line: 90
    Warning (13035): Inserted always-enabled tri-state buffer between "GPIO_0[35]" and its non-tri-state driver. File: C:/Users/nlp52/Documents/PS2_Encrypted_to_LCD/DE0_CV_golden_top.v Line: 90
Warning (13039): The following bidirectional pins have no drivers
    Warning (13040): bidirectional pin "GPIO_0[0]" has no driver File: C:/Users/nlp52/Documents/PS2_Encrypted_to_LCD/DE0_CV_golden_top.v Line: 90
    Warning (13040): bidirectional pin "GPIO_0[1]" has no driver File: C:/Users/nlp52/Documents/PS2_Encrypted_to_LCD/DE0_CV_golden_top.v Line: 90
    Warning (13040): bidirectional pin "CLOCK4_50" has no driver File: C:/Users/nlp52/Documents/PS2_Encrypted_to_LCD/DE0_CV_golden_top.v Line: 68
    Warning (13040): bidirectional pin "DRAM_DQ[0]" has no driver File: C:/Users/nlp52/Documents/PS2_Encrypted_to_LCD/DE0_CV_golden_top.v Line: 82
    Warning (13040): bidirectional pin "DRAM_DQ[1]" has no driver File: C:/Users/nlp52/Documents/PS2_Encrypted_to_LCD/DE0_CV_golden_top.v Line: 82
    Warning (13040): bidirectional pin "DRAM_DQ[2]" has no driver File: C:/Users/nlp52/Documents/PS2_Encrypted_to_LCD/DE0_CV_golden_top.v Line: 82
    Warning (13040): bidirectional pin "DRAM_DQ[3]" has no driver File: C:/Users/nlp52/Documents/PS2_Encrypted_to_LCD/DE0_CV_golden_top.v Line: 82
    Warning (13040): bidirectional pin "DRAM_DQ[4]" has no driver File: C:/Users/nlp52/Documents/PS2_Encrypted_to_LCD/DE0_CV_golden_top.v Line: 82
    Warning (13040): bidirectional pin "DRAM_DQ[5]" has no driver File: C:/Users/nlp52/Documents/PS2_Encrypted_to_LCD/DE0_CV_golden_top.v Line: 82
    Warning (13040): bidirectional pin "DRAM_DQ[6]" has no driver File: C:/Users/nlp52/Documents/PS2_Encrypted_to_LCD/DE0_CV_golden_top.v Line: 82
    Warning (13040): bidirectional pin "DRAM_DQ[7]" has no driver File: C:/Users/nlp52/Documents/PS2_Encrypted_to_LCD/DE0_CV_golden_top.v Line: 82
    Warning (13040): bidirectional pin "DRAM_DQ[8]" has no driver File: C:/Users/nlp52/Documents/PS2_Encrypted_to_LCD/DE0_CV_golden_top.v Line: 82
    Warning (13040): bidirectional pin "DRAM_DQ[9]" has no driver File: C:/Users/nlp52/Documents/PS2_Encrypted_to_LCD/DE0_CV_golden_top.v Line: 82
    Warning (13040): bidirectional pin "DRAM_DQ[10]" has no driver File: C:/Users/nlp52/Documents/PS2_Encrypted_to_LCD/DE0_CV_golden_top.v Line: 82
    Warning (13040): bidirectional pin "DRAM_DQ[11]" has no driver File: C:/Users/nlp52/Documents/PS2_Encrypted_to_LCD/DE0_CV_golden_top.v Line: 82
    Warning (13040): bidirectional pin "DRAM_DQ[12]" has no driver File: C:/Users/nlp52/Documents/PS2_Encrypted_to_LCD/DE0_CV_golden_top.v Line: 82
    Warning (13040): bidirectional pin "DRAM_DQ[13]" has no driver File: C:/Users/nlp52/Documents/PS2_Encrypted_to_LCD/DE0_CV_golden_top.v Line: 82
    Warning (13040): bidirectional pin "DRAM_DQ[14]" has no driver File: C:/Users/nlp52/Documents/PS2_Encrypted_to_LCD/DE0_CV_golden_top.v Line: 82
    Warning (13040): bidirectional pin "DRAM_DQ[15]" has no driver File: C:/Users/nlp52/Documents/PS2_Encrypted_to_LCD/DE0_CV_golden_top.v Line: 82
    Warning (13040): bidirectional pin "GPIO_0[6]" has no driver File: C:/Users/nlp52/Documents/PS2_Encrypted_to_LCD/DE0_CV_golden_top.v Line: 90
    Warning (13040): bidirectional pin "GPIO_0[7]" has no driver File: C:/Users/nlp52/Documents/PS2_Encrypted_to_LCD/DE0_CV_golden_top.v Line: 90
    Warning (13040): bidirectional pin "GPIO_0[8]" has no driver File: C:/Users/nlp52/Documents/PS2_Encrypted_to_LCD/DE0_CV_golden_top.v Line: 90
    Warning (13040): bidirectional pin "GPIO_0[9]" has no driver File: C:/Users/nlp52/Documents/PS2_Encrypted_to_LCD/DE0_CV_golden_top.v Line: 90
    Warning (13040): bidirectional pin "GPIO_0[10]" has no driver File: C:/Users/nlp52/Documents/PS2_Encrypted_to_LCD/DE0_CV_golden_top.v Line: 90
    Warning (13040): bidirectional pin "GPIO_0[11]" has no driver File: C:/Users/nlp52/Documents/PS2_Encrypted_to_LCD/DE0_CV_golden_top.v Line: 90
    Warning (13040): bidirectional pin "GPIO_0[12]" has no driver File: C:/Users/nlp52/Documents/PS2_Encrypted_to_LCD/DE0_CV_golden_top.v Line: 90
    Warning (13040): bidirectional pin "GPIO_0[13]" has no driver File: C:/Users/nlp52/Documents/PS2_Encrypted_to_LCD/DE0_CV_golden_top.v Line: 90
    Warning (13040): bidirectional pin "GPIO_0[14]" has no driver File: C:/Users/nlp52/Documents/PS2_Encrypted_to_LCD/DE0_CV_golden_top.v Line: 90
    Warning (13040): bidirectional pin "GPIO_0[15]" has no driver File: C:/Users/nlp52/Documents/PS2_Encrypted_to_LCD/DE0_CV_golden_top.v Line: 90
    Warning (13040): bidirectional pin "GPIO_0[16]" has no driver File: C:/Users/nlp52/Documents/PS2_Encrypted_to_LCD/DE0_CV_golden_top.v Line: 90
    Warning (13040): bidirectional pin "GPIO_0[17]" has no driver File: C:/Users/nlp52/Documents/PS2_Encrypted_to_LCD/DE0_CV_golden_top.v Line: 90
    Warning (13040): bidirectional pin "GPIO_0[18]" has no driver File: C:/Users/nlp52/Documents/PS2_Encrypted_to_LCD/DE0_CV_golden_top.v Line: 90
    Warning (13040): bidirectional pin "GPIO_0[19]" has no driver File: C:/Users/nlp52/Documents/PS2_Encrypted_to_LCD/DE0_CV_golden_top.v Line: 90
    Warning (13040): bidirectional pin "GPIO_0[20]" has no driver File: C:/Users/nlp52/Documents/PS2_Encrypted_to_LCD/DE0_CV_golden_top.v Line: 90
    Warning (13040): bidirectional pin "GPIO_0[21]" has no driver File: C:/Users/nlp52/Documents/PS2_Encrypted_to_LCD/DE0_CV_golden_top.v Line: 90
    Warning (13040): bidirectional pin "GPIO_0[22]" has no driver File: C:/Users/nlp52/Documents/PS2_Encrypted_to_LCD/DE0_CV_golden_top.v Line: 90
    Warning (13040): bidirectional pin "GPIO_0[23]" has no driver File: C:/Users/nlp52/Documents/PS2_Encrypted_to_LCD/DE0_CV_golden_top.v Line: 90
    Warning (13040): bidirectional pin "GPIO_0[24]" has no driver File: C:/Users/nlp52/Documents/PS2_Encrypted_to_LCD/DE0_CV_golden_top.v Line: 90
    Warning (13040): bidirectional pin "GPIO_0[25]" has no driver File: C:/Users/nlp52/Documents/PS2_Encrypted_to_LCD/DE0_CV_golden_top.v Line: 90
    Warning (13040): bidirectional pin "GPIO_0[26]" has no driver File: C:/Users/nlp52/Documents/PS2_Encrypted_to_LCD/DE0_CV_golden_top.v Line: 90
    Warning (13040): bidirectional pin "GPIO_0[27]" has no driver File: C:/Users/nlp52/Documents/PS2_Encrypted_to_LCD/DE0_CV_golden_top.v Line: 90
    Warning (13040): bidirectional pin "GPIO_1[0]" has no driver File: C:/Users/nlp52/Documents/PS2_Encrypted_to_LCD/DE0_CV_golden_top.v Line: 91
    Warning (13040): bidirectional pin "GPIO_1[1]" has no driver File: C:/Users/nlp52/Documents/PS2_Encrypted_to_LCD/DE0_CV_golden_top.v Line: 91
    Warning (13040): bidirectional pin "GPIO_1[2]" has no driver File: C:/Users/nlp52/Documents/PS2_Encrypted_to_LCD/DE0_CV_golden_top.v Line: 91
    Warning (13040): bidirectional pin "GPIO_1[3]" has no driver File: C:/Users/nlp52/Documents/PS2_Encrypted_to_LCD/DE0_CV_golden_top.v Line: 91
    Warning (13040): bidirectional pin "GPIO_1[4]" has no driver File: C:/Users/nlp52/Documents/PS2_Encrypted_to_LCD/DE0_CV_golden_top.v Line: 91
    Warning (13040): bidirectional pin "GPIO_1[5]" has no driver File: C:/Users/nlp52/Documents/PS2_Encrypted_to_LCD/DE0_CV_golden_top.v Line: 91
    Warning (13040): bidirectional pin "GPIO_1[6]" has no driver File: C:/Users/nlp52/Documents/PS2_Encrypted_to_LCD/DE0_CV_golden_top.v Line: 91
    Warning (13040): bidirectional pin "GPIO_1[7]" has no driver File: C:/Users/nlp52/Documents/PS2_Encrypted_to_LCD/DE0_CV_golden_top.v Line: 91
    Warning (13040): bidirectional pin "GPIO_1[8]" has no driver File: C:/Users/nlp52/Documents/PS2_Encrypted_to_LCD/DE0_CV_golden_top.v Line: 91
    Warning (13040): bidirectional pin "GPIO_1[9]" has no driver File: C:/Users/nlp52/Documents/PS2_Encrypted_to_LCD/DE0_CV_golden_top.v Line: 91
    Warning (13040): bidirectional pin "GPIO_1[10]" has no driver File: C:/Users/nlp52/Documents/PS2_Encrypted_to_LCD/DE0_CV_golden_top.v Line: 91
    Warning (13040): bidirectional pin "GPIO_1[11]" has no driver File: C:/Users/nlp52/Documents/PS2_Encrypted_to_LCD/DE0_CV_golden_top.v Line: 91
    Warning (13040): bidirectional pin "GPIO_1[12]" has no driver File: C:/Users/nlp52/Documents/PS2_Encrypted_to_LCD/DE0_CV_golden_top.v Line: 91
    Warning (13040): bidirectional pin "GPIO_1[13]" has no driver File: C:/Users/nlp52/Documents/PS2_Encrypted_to_LCD/DE0_CV_golden_top.v Line: 91
    Warning (13040): bidirectional pin "GPIO_1[14]" has no driver File: C:/Users/nlp52/Documents/PS2_Encrypted_to_LCD/DE0_CV_golden_top.v Line: 91
    Warning (13040): bidirectional pin "GPIO_1[15]" has no driver File: C:/Users/nlp52/Documents/PS2_Encrypted_to_LCD/DE0_CV_golden_top.v Line: 91
    Warning (13040): bidirectional pin "GPIO_1[16]" has no driver File: C:/Users/nlp52/Documents/PS2_Encrypted_to_LCD/DE0_CV_golden_top.v Line: 91
    Warning (13040): bidirectional pin "GPIO_1[17]" has no driver File: C:/Users/nlp52/Documents/PS2_Encrypted_to_LCD/DE0_CV_golden_top.v Line: 91
    Warning (13040): bidirectional pin "GPIO_1[18]" has no driver File: C:/Users/nlp52/Documents/PS2_Encrypted_to_LCD/DE0_CV_golden_top.v Line: 91
    Warning (13040): bidirectional pin "GPIO_1[19]" has no driver File: C:/Users/nlp52/Documents/PS2_Encrypted_to_LCD/DE0_CV_golden_top.v Line: 91
    Warning (13040): bidirectional pin "GPIO_1[20]" has no driver File: C:/Users/nlp52/Documents/PS2_Encrypted_to_LCD/DE0_CV_golden_top.v Line: 91
    Warning (13040): bidirectional pin "GPIO_1[21]" has no driver File: C:/Users/nlp52/Documents/PS2_Encrypted_to_LCD/DE0_CV_golden_top.v Line: 91
    Warning (13040): bidirectional pin "GPIO_1[22]" has no driver File: C:/Users/nlp52/Documents/PS2_Encrypted_to_LCD/DE0_CV_golden_top.v Line: 91
    Warning (13040): bidirectional pin "GPIO_1[23]" has no driver File: C:/Users/nlp52/Documents/PS2_Encrypted_to_LCD/DE0_CV_golden_top.v Line: 91
    Warning (13040): bidirectional pin "GPIO_1[24]" has no driver File: C:/Users/nlp52/Documents/PS2_Encrypted_to_LCD/DE0_CV_golden_top.v Line: 91
    Warning (13040): bidirectional pin "GPIO_1[25]" has no driver File: C:/Users/nlp52/Documents/PS2_Encrypted_to_LCD/DE0_CV_golden_top.v Line: 91
    Warning (13040): bidirectional pin "GPIO_1[26]" has no driver File: C:/Users/nlp52/Documents/PS2_Encrypted_to_LCD/DE0_CV_golden_top.v Line: 91
    Warning (13040): bidirectional pin "GPIO_1[27]" has no driver File: C:/Users/nlp52/Documents/PS2_Encrypted_to_LCD/DE0_CV_golden_top.v Line: 91
    Warning (13040): bidirectional pin "GPIO_1[28]" has no driver File: C:/Users/nlp52/Documents/PS2_Encrypted_to_LCD/DE0_CV_golden_top.v Line: 91
    Warning (13040): bidirectional pin "GPIO_1[29]" has no driver File: C:/Users/nlp52/Documents/PS2_Encrypted_to_LCD/DE0_CV_golden_top.v Line: 91
    Warning (13040): bidirectional pin "GPIO_1[30]" has no driver File: C:/Users/nlp52/Documents/PS2_Encrypted_to_LCD/DE0_CV_golden_top.v Line: 91
    Warning (13040): bidirectional pin "GPIO_1[31]" has no driver File: C:/Users/nlp52/Documents/PS2_Encrypted_to_LCD/DE0_CV_golden_top.v Line: 91
    Warning (13040): bidirectional pin "GPIO_1[32]" has no driver File: C:/Users/nlp52/Documents/PS2_Encrypted_to_LCD/DE0_CV_golden_top.v Line: 91
    Warning (13040): bidirectional pin "GPIO_1[33]" has no driver File: C:/Users/nlp52/Documents/PS2_Encrypted_to_LCD/DE0_CV_golden_top.v Line: 91
    Warning (13040): bidirectional pin "GPIO_1[34]" has no driver File: C:/Users/nlp52/Documents/PS2_Encrypted_to_LCD/DE0_CV_golden_top.v Line: 91
    Warning (13040): bidirectional pin "GPIO_1[35]" has no driver File: C:/Users/nlp52/Documents/PS2_Encrypted_to_LCD/DE0_CV_golden_top.v Line: 91
    Warning (13040): bidirectional pin "PS2_CLK" has no driver File: C:/Users/nlp52/Documents/PS2_Encrypted_to_LCD/DE0_CV_golden_top.v Line: 127
    Warning (13040): bidirectional pin "PS2_CLK2" has no driver File: C:/Users/nlp52/Documents/PS2_Encrypted_to_LCD/DE0_CV_golden_top.v Line: 128
    Warning (13040): bidirectional pin "PS2_DAT" has no driver File: C:/Users/nlp52/Documents/PS2_Encrypted_to_LCD/DE0_CV_golden_top.v Line: 129
    Warning (13040): bidirectional pin "PS2_DAT2" has no driver File: C:/Users/nlp52/Documents/PS2_Encrypted_to_LCD/DE0_CV_golden_top.v Line: 130
    Warning (13040): bidirectional pin "SD_CMD" has no driver File: C:/Users/nlp52/Documents/PS2_Encrypted_to_LCD/DE0_CV_golden_top.v Line: 139
    Warning (13040): bidirectional pin "SD_DATA[0]" has no driver File: C:/Users/nlp52/Documents/PS2_Encrypted_to_LCD/DE0_CV_golden_top.v Line: 140
    Warning (13040): bidirectional pin "SD_DATA[1]" has no driver File: C:/Users/nlp52/Documents/PS2_Encrypted_to_LCD/DE0_CV_golden_top.v Line: 140
    Warning (13040): bidirectional pin "SD_DATA[2]" has no driver File: C:/Users/nlp52/Documents/PS2_Encrypted_to_LCD/DE0_CV_golden_top.v Line: 140
    Warning (13040): bidirectional pin "SD_DATA[3]" has no driver File: C:/Users/nlp52/Documents/PS2_Encrypted_to_LCD/DE0_CV_golden_top.v Line: 140
Warning (13032): The following tri-state nodes are fed by constants
    Warning (13033): The pin "GPIO_0[3]" is fed by GND File: C:/Users/nlp52/Documents/PS2_Encrypted_to_LCD/DE0_CV_golden_top.v Line: 90
Warning (13009): TRI or OPNDRN buffers permanently enabled
    Warning (13010): Node "GPIO_0[2]~synth" File: C:/Users/nlp52/Documents/PS2_Encrypted_to_LCD/DE0_CV_golden_top.v Line: 90
    Warning (13010): Node "GPIO_0[4]~synth" File: C:/Users/nlp52/Documents/PS2_Encrypted_to_LCD/DE0_CV_golden_top.v Line: 90
    Warning (13010): Node "GPIO_0[5]~synth" File: C:/Users/nlp52/Documents/PS2_Encrypted_to_LCD/DE0_CV_golden_top.v Line: 90
    Warning (13010): Node "GPIO_0[28]~synth" File: C:/Users/nlp52/Documents/PS2_Encrypted_to_LCD/DE0_CV_golden_top.v Line: 90
    Warning (13010): Node "GPIO_0[29]~synth" File: C:/Users/nlp52/Documents/PS2_Encrypted_to_LCD/DE0_CV_golden_top.v Line: 90
    Warning (13010): Node "GPIO_0[30]~synth" File: C:/Users/nlp52/Documents/PS2_Encrypted_to_LCD/DE0_CV_golden_top.v Line: 90
    Warning (13010): Node "GPIO_0[31]~synth" File: C:/Users/nlp52/Documents/PS2_Encrypted_to_LCD/DE0_CV_golden_top.v Line: 90
    Warning (13010): Node "GPIO_0[32]~synth" File: C:/Users/nlp52/Documents/PS2_Encrypted_to_LCD/DE0_CV_golden_top.v Line: 90
    Warning (13010): Node "GPIO_0[33]~synth" File: C:/Users/nlp52/Documents/PS2_Encrypted_to_LCD/DE0_CV_golden_top.v Line: 90
    Warning (13010): Node "GPIO_0[34]~synth" File: C:/Users/nlp52/Documents/PS2_Encrypted_to_LCD/DE0_CV_golden_top.v Line: 90
    Warning (13010): Node "GPIO_0[35]~synth" File: C:/Users/nlp52/Documents/PS2_Encrypted_to_LCD/DE0_CV_golden_top.v Line: 90
Warning (13024): Output pins are stuck at VCC or GND
    Warning (13410): Pin "DRAM_ADDR[0]" is stuck at GND File: C:/Users/nlp52/Documents/PS2_Encrypted_to_LCD/DE0_CV_golden_top.v Line: 76
    Warning (13410): Pin "DRAM_ADDR[1]" is stuck at GND File: C:/Users/nlp52/Documents/PS2_Encrypted_to_LCD/DE0_CV_golden_top.v Line: 76
    Warning (13410): Pin "DRAM_ADDR[2]" is stuck at GND File: C:/Users/nlp52/Documents/PS2_Encrypted_to_LCD/DE0_CV_golden_top.v Line: 76
    Warning (13410): Pin "DRAM_ADDR[3]" is stuck at GND File: C:/Users/nlp52/Documents/PS2_Encrypted_to_LCD/DE0_CV_golden_top.v Line: 76
    Warning (13410): Pin "DRAM_ADDR[4]" is stuck at GND File: C:/Users/nlp52/Documents/PS2_Encrypted_to_LCD/DE0_CV_golden_top.v Line: 76
    Warning (13410): Pin "DRAM_ADDR[5]" is stuck at GND File: C:/Users/nlp52/Documents/PS2_Encrypted_to_LCD/DE0_CV_golden_top.v Line: 76
    Warning (13410): Pin "DRAM_ADDR[6]" is stuck at GND File: C:/Users/nlp52/Documents/PS2_Encrypted_to_LCD/DE0_CV_golden_top.v Line: 76
    Warning (13410): Pin "DRAM_ADDR[7]" is stuck at GND File: C:/Users/nlp52/Documents/PS2_Encrypted_to_LCD/DE0_CV_golden_top.v Line: 76
    Warning (13410): Pin "DRAM_ADDR[8]" is stuck at GND File: C:/Users/nlp52/Documents/PS2_Encrypted_to_LCD/DE0_CV_golden_top.v Line: 76
    Warning (13410): Pin "DRAM_ADDR[9]" is stuck at GND File: C:/Users/nlp52/Documents/PS2_Encrypted_to_LCD/DE0_CV_golden_top.v Line: 76
    Warning (13410): Pin "DRAM_ADDR[10]" is stuck at GND File: C:/Users/nlp52/Documents/PS2_Encrypted_to_LCD/DE0_CV_golden_top.v Line: 76
    Warning (13410): Pin "DRAM_ADDR[11]" is stuck at GND File: C:/Users/nlp52/Documents/PS2_Encrypted_to_LCD/DE0_CV_golden_top.v Line: 76
    Warning (13410): Pin "DRAM_ADDR[12]" is stuck at GND File: C:/Users/nlp52/Documents/PS2_Encrypted_to_LCD/DE0_CV_golden_top.v Line: 76
    Warning (13410): Pin "DRAM_BA[0]" is stuck at GND File: C:/Users/nlp52/Documents/PS2_Encrypted_to_LCD/DE0_CV_golden_top.v Line: 77
    Warning (13410): Pin "DRAM_BA[1]" is stuck at GND File: C:/Users/nlp52/Documents/PS2_Encrypted_to_LCD/DE0_CV_golden_top.v Line: 77
    Warning (13410): Pin "DRAM_CAS_N" is stuck at GND File: C:/Users/nlp52/Documents/PS2_Encrypted_to_LCD/DE0_CV_golden_top.v Line: 78
    Warning (13410): Pin "DRAM_CKE" is stuck at GND File: C:/Users/nlp52/Documents/PS2_Encrypted_to_LCD/DE0_CV_golden_top.v Line: 79
    Warning (13410): Pin "DRAM_CLK" is stuck at GND File: C:/Users/nlp52/Documents/PS2_Encrypted_to_LCD/DE0_CV_golden_top.v Line: 80
    Warning (13410): Pin "DRAM_CS_N" is stuck at GND File: C:/Users/nlp52/Documents/PS2_Encrypted_to_LCD/DE0_CV_golden_top.v Line: 81
    Warning (13410): Pin "DRAM_LDQM" is stuck at GND File: C:/Users/nlp52/Documents/PS2_Encrypted_to_LCD/DE0_CV_golden_top.v Line: 83
    Warning (13410): Pin "DRAM_RAS_N" is stuck at GND File: C:/Users/nlp52/Documents/PS2_Encrypted_to_LCD/DE0_CV_golden_top.v Line: 84
    Warning (13410): Pin "DRAM_UDQM" is stuck at GND File: C:/Users/nlp52/Documents/PS2_Encrypted_to_LCD/DE0_CV_golden_top.v Line: 85
    Warning (13410): Pin "DRAM_WE_N" is stuck at GND File: C:/Users/nlp52/Documents/PS2_Encrypted_to_LCD/DE0_CV_golden_top.v Line: 86
    Warning (13410): Pin "HEX0[0]" is stuck at GND File: C:/Users/nlp52/Documents/PS2_Encrypted_to_LCD/DE0_CV_golden_top.v Line: 95
    Warning (13410): Pin "HEX0[1]" is stuck at GND File: C:/Users/nlp52/Documents/PS2_Encrypted_to_LCD/DE0_CV_golden_top.v Line: 95
    Warning (13410): Pin "HEX0[2]" is stuck at GND File: C:/Users/nlp52/Documents/PS2_Encrypted_to_LCD/DE0_CV_golden_top.v Line: 95
    Warning (13410): Pin "HEX0[3]" is stuck at GND File: C:/Users/nlp52/Documents/PS2_Encrypted_to_LCD/DE0_CV_golden_top.v Line: 95
    Warning (13410): Pin "HEX0[4]" is stuck at GND File: C:/Users/nlp52/Documents/PS2_Encrypted_to_LCD/DE0_CV_golden_top.v Line: 95
    Warning (13410): Pin "HEX0[5]" is stuck at GND File: C:/Users/nlp52/Documents/PS2_Encrypted_to_LCD/DE0_CV_golden_top.v Line: 95
    Warning (13410): Pin "HEX0[6]" is stuck at GND File: C:/Users/nlp52/Documents/PS2_Encrypted_to_LCD/DE0_CV_golden_top.v Line: 95
    Warning (13410): Pin "HEX1[0]" is stuck at GND File: C:/Users/nlp52/Documents/PS2_Encrypted_to_LCD/DE0_CV_golden_top.v Line: 99
    Warning (13410): Pin "HEX1[1]" is stuck at GND File: C:/Users/nlp52/Documents/PS2_Encrypted_to_LCD/DE0_CV_golden_top.v Line: 99
    Warning (13410): Pin "HEX1[2]" is stuck at GND File: C:/Users/nlp52/Documents/PS2_Encrypted_to_LCD/DE0_CV_golden_top.v Line: 99
    Warning (13410): Pin "HEX1[3]" is stuck at GND File: C:/Users/nlp52/Documents/PS2_Encrypted_to_LCD/DE0_CV_golden_top.v Line: 99
    Warning (13410): Pin "HEX1[4]" is stuck at GND File: C:/Users/nlp52/Documents/PS2_Encrypted_to_LCD/DE0_CV_golden_top.v Line: 99
    Warning (13410): Pin "HEX1[5]" is stuck at GND File: C:/Users/nlp52/Documents/PS2_Encrypted_to_LCD/DE0_CV_golden_top.v Line: 99
    Warning (13410): Pin "HEX1[6]" is stuck at GND File: C:/Users/nlp52/Documents/PS2_Encrypted_to_LCD/DE0_CV_golden_top.v Line: 99
    Warning (13410): Pin "HEX2[0]" is stuck at GND File: C:/Users/nlp52/Documents/PS2_Encrypted_to_LCD/DE0_CV_golden_top.v Line: 103
    Warning (13410): Pin "HEX2[1]" is stuck at GND File: C:/Users/nlp52/Documents/PS2_Encrypted_to_LCD/DE0_CV_golden_top.v Line: 103
    Warning (13410): Pin "HEX2[2]" is stuck at GND File: C:/Users/nlp52/Documents/PS2_Encrypted_to_LCD/DE0_CV_golden_top.v Line: 103
    Warning (13410): Pin "HEX2[3]" is stuck at GND File: C:/Users/nlp52/Documents/PS2_Encrypted_to_LCD/DE0_CV_golden_top.v Line: 103
    Warning (13410): Pin "HEX2[4]" is stuck at GND File: C:/Users/nlp52/Documents/PS2_Encrypted_to_LCD/DE0_CV_golden_top.v Line: 103
    Warning (13410): Pin "HEX2[5]" is stuck at GND File: C:/Users/nlp52/Documents/PS2_Encrypted_to_LCD/DE0_CV_golden_top.v Line: 103
    Warning (13410): Pin "HEX2[6]" is stuck at GND File: C:/Users/nlp52/Documents/PS2_Encrypted_to_LCD/DE0_CV_golden_top.v Line: 103
    Warning (13410): Pin "HEX3[0]" is stuck at GND File: C:/Users/nlp52/Documents/PS2_Encrypted_to_LCD/DE0_CV_golden_top.v Line: 107
    Warning (13410): Pin "HEX3[1]" is stuck at GND File: C:/Users/nlp52/Documents/PS2_Encrypted_to_LCD/DE0_CV_golden_top.v Line: 107
    Warning (13410): Pin "HEX3[2]" is stuck at GND File: C:/Users/nlp52/Documents/PS2_Encrypted_to_LCD/DE0_CV_golden_top.v Line: 107
    Warning (13410): Pin "HEX3[3]" is stuck at GND File: C:/Users/nlp52/Documents/PS2_Encrypted_to_LCD/DE0_CV_golden_top.v Line: 107
    Warning (13410): Pin "HEX3[4]" is stuck at GND File: C:/Users/nlp52/Documents/PS2_Encrypted_to_LCD/DE0_CV_golden_top.v Line: 107
    Warning (13410): Pin "HEX3[5]" is stuck at GND File: C:/Users/nlp52/Documents/PS2_Encrypted_to_LCD/DE0_CV_golden_top.v Line: 107
    Warning (13410): Pin "HEX3[6]" is stuck at GND File: C:/Users/nlp52/Documents/PS2_Encrypted_to_LCD/DE0_CV_golden_top.v Line: 107
    Warning (13410): Pin "HEX4[0]" is stuck at GND File: C:/Users/nlp52/Documents/PS2_Encrypted_to_LCD/DE0_CV_golden_top.v Line: 111
    Warning (13410): Pin "HEX4[1]" is stuck at GND File: C:/Users/nlp52/Documents/PS2_Encrypted_to_LCD/DE0_CV_golden_top.v Line: 111
    Warning (13410): Pin "HEX4[2]" is stuck at GND File: C:/Users/nlp52/Documents/PS2_Encrypted_to_LCD/DE0_CV_golden_top.v Line: 111
    Warning (13410): Pin "HEX4[3]" is stuck at GND File: C:/Users/nlp52/Documents/PS2_Encrypted_to_LCD/DE0_CV_golden_top.v Line: 111
    Warning (13410): Pin "HEX4[4]" is stuck at GND File: C:/Users/nlp52/Documents/PS2_Encrypted_to_LCD/DE0_CV_golden_top.v Line: 111
    Warning (13410): Pin "HEX4[5]" is stuck at GND File: C:/Users/nlp52/Documents/PS2_Encrypted_to_LCD/DE0_CV_golden_top.v Line: 111
    Warning (13410): Pin "HEX4[6]" is stuck at GND File: C:/Users/nlp52/Documents/PS2_Encrypted_to_LCD/DE0_CV_golden_top.v Line: 111
    Warning (13410): Pin "HEX5[0]" is stuck at GND File: C:/Users/nlp52/Documents/PS2_Encrypted_to_LCD/DE0_CV_golden_top.v Line: 115
    Warning (13410): Pin "HEX5[1]" is stuck at GND File: C:/Users/nlp52/Documents/PS2_Encrypted_to_LCD/DE0_CV_golden_top.v Line: 115
    Warning (13410): Pin "HEX5[2]" is stuck at GND File: C:/Users/nlp52/Documents/PS2_Encrypted_to_LCD/DE0_CV_golden_top.v Line: 115
    Warning (13410): Pin "HEX5[3]" is stuck at GND File: C:/Users/nlp52/Documents/PS2_Encrypted_to_LCD/DE0_CV_golden_top.v Line: 115
    Warning (13410): Pin "HEX5[4]" is stuck at GND File: C:/Users/nlp52/Documents/PS2_Encrypted_to_LCD/DE0_CV_golden_top.v Line: 115
    Warning (13410): Pin "HEX5[5]" is stuck at GND File: C:/Users/nlp52/Documents/PS2_Encrypted_to_LCD/DE0_CV_golden_top.v Line: 115
    Warning (13410): Pin "HEX5[6]" is stuck at GND File: C:/Users/nlp52/Documents/PS2_Encrypted_to_LCD/DE0_CV_golden_top.v Line: 115
    Warning (13410): Pin "LEDR[0]" is stuck at GND File: C:/Users/nlp52/Documents/PS2_Encrypted_to_LCD/DE0_CV_golden_top.v Line: 123
    Warning (13410): Pin "LEDR[1]" is stuck at GND File: C:/Users/nlp52/Documents/PS2_Encrypted_to_LCD/DE0_CV_golden_top.v Line: 123
    Warning (13410): Pin "LEDR[2]" is stuck at GND File: C:/Users/nlp52/Documents/PS2_Encrypted_to_LCD/DE0_CV_golden_top.v Line: 123
    Warning (13410): Pin "LEDR[3]" is stuck at GND File: C:/Users/nlp52/Documents/PS2_Encrypted_to_LCD/DE0_CV_golden_top.v Line: 123
    Warning (13410): Pin "LEDR[5]" is stuck at GND File: C:/Users/nlp52/Documents/PS2_Encrypted_to_LCD/DE0_CV_golden_top.v Line: 123
    Warning (13410): Pin "LEDR[6]" is stuck at GND File: C:/Users/nlp52/Documents/PS2_Encrypted_to_LCD/DE0_CV_golden_top.v Line: 123
    Warning (13410): Pin "LEDR[7]" is stuck at GND File: C:/Users/nlp52/Documents/PS2_Encrypted_to_LCD/DE0_CV_golden_top.v Line: 123
    Warning (13410): Pin "LEDR[8]" is stuck at GND File: C:/Users/nlp52/Documents/PS2_Encrypted_to_LCD/DE0_CV_golden_top.v Line: 123
    Warning (13410): Pin "LEDR[9]" is stuck at GND File: C:/Users/nlp52/Documents/PS2_Encrypted_to_LCD/DE0_CV_golden_top.v Line: 123
    Warning (13410): Pin "SD_CLK" is stuck at GND File: C:/Users/nlp52/Documents/PS2_Encrypted_to_LCD/DE0_CV_golden_top.v Line: 138
    Warning (13410): Pin "VGA_B[0]" is stuck at GND File: C:/Users/nlp52/Documents/PS2_Encrypted_to_LCD/DE0_CV_golden_top.v Line: 148
    Warning (13410): Pin "VGA_B[1]" is stuck at GND File: C:/Users/nlp52/Documents/PS2_Encrypted_to_LCD/DE0_CV_golden_top.v Line: 148
    Warning (13410): Pin "VGA_B[2]" is stuck at GND File: C:/Users/nlp52/Documents/PS2_Encrypted_to_LCD/DE0_CV_golden_top.v Line: 148
    Warning (13410): Pin "VGA_B[3]" is stuck at GND File: C:/Users/nlp52/Documents/PS2_Encrypted_to_LCD/DE0_CV_golden_top.v Line: 148
    Warning (13410): Pin "VGA_G[0]" is stuck at GND File: C:/Users/nlp52/Documents/PS2_Encrypted_to_LCD/DE0_CV_golden_top.v Line: 149
    Warning (13410): Pin "VGA_G[1]" is stuck at GND File: C:/Users/nlp52/Documents/PS2_Encrypted_to_LCD/DE0_CV_golden_top.v Line: 149
    Warning (13410): Pin "VGA_G[2]" is stuck at GND File: C:/Users/nlp52/Documents/PS2_Encrypted_to_LCD/DE0_CV_golden_top.v Line: 149
    Warning (13410): Pin "VGA_G[3]" is stuck at GND File: C:/Users/nlp52/Documents/PS2_Encrypted_to_LCD/DE0_CV_golden_top.v Line: 149
    Warning (13410): Pin "VGA_HS" is stuck at GND File: C:/Users/nlp52/Documents/PS2_Encrypted_to_LCD/DE0_CV_golden_top.v Line: 150
    Warning (13410): Pin "VGA_R[0]" is stuck at GND File: C:/Users/nlp52/Documents/PS2_Encrypted_to_LCD/DE0_CV_golden_top.v Line: 151
    Warning (13410): Pin "VGA_R[1]" is stuck at GND File: C:/Users/nlp52/Documents/PS2_Encrypted_to_LCD/DE0_CV_golden_top.v Line: 151
    Warning (13410): Pin "VGA_R[2]" is stuck at GND File: C:/Users/nlp52/Documents/PS2_Encrypted_to_LCD/DE0_CV_golden_top.v Line: 151
    Warning (13410): Pin "VGA_R[3]" is stuck at GND File: C:/Users/nlp52/Documents/PS2_Encrypted_to_LCD/DE0_CV_golden_top.v Line: 151
    Warning (13410): Pin "VGA_VS" is stuck at GND File: C:/Users/nlp52/Documents/PS2_Encrypted_to_LCD/DE0_CV_golden_top.v Line: 154
Info (286031): Timing-Driven Synthesis is running on partition "Top"
Info (17049): 6 registers lost all their fanouts during netlist optimizations.
Info (35024): Successfully connected in-system debug instance "auto_signaltap_0" to all 107 required data inputs, trigger inputs, acquisition clocks, and dynamic pins
Info (16010): Generating hard_block partition "hard_block:auto_generated_inst"
    Info (16011): Adding 9 node(s), including 0 DDIO, 0 PLL, 0 transceiver and 0 LCELL
Warning (21074): Design contains 14 input pin(s) that do not drive logic
    Warning (15610): No output dependent on input pin "CLOCK2_50" File: C:/Users/nlp52/Documents/PS2_Encrypted_to_LCD/DE0_CV_golden_top.v Line: 58
    Warning (15610): No output dependent on input pin "CLOCK3_50" File: C:/Users/nlp52/Documents/PS2_Encrypted_to_LCD/DE0_CV_golden_top.v Line: 63
    Warning (15610): No output dependent on input pin "KEY[0]" File: C:/Users/nlp52/Documents/PS2_Encrypted_to_LCD/DE0_CV_golden_top.v Line: 119
    Warning (15610): No output dependent on input pin "KEY[1]" File: C:/Users/nlp52/Documents/PS2_Encrypted_to_LCD/DE0_CV_golden_top.v Line: 119
    Warning (15610): No output dependent on input pin "KEY[2]" File: C:/Users/nlp52/Documents/PS2_Encrypted_to_LCD/DE0_CV_golden_top.v Line: 119
    Warning (15610): No output dependent on input pin "KEY[3]" File: C:/Users/nlp52/Documents/PS2_Encrypted_to_LCD/DE0_CV_golden_top.v Line: 119
    Warning (15610): No output dependent on input pin "RESET_N" File: C:/Users/nlp52/Documents/PS2_Encrypted_to_LCD/DE0_CV_golden_top.v Line: 134
    Warning (15610): No output dependent on input pin "SW[3]" File: C:/Users/nlp52/Documents/PS2_Encrypted_to_LCD/DE0_CV_golden_top.v Line: 144
    Warning (15610): No output dependent on input pin "SW[4]" File: C:/Users/nlp52/Documents/PS2_Encrypted_to_LCD/DE0_CV_golden_top.v Line: 144
    Warning (15610): No output dependent on input pin "SW[5]" File: C:/Users/nlp52/Documents/PS2_Encrypted_to_LCD/DE0_CV_golden_top.v Line: 144
    Warning (15610): No output dependent on input pin "SW[6]" File: C:/Users/nlp52/Documents/PS2_Encrypted_to_LCD/DE0_CV_golden_top.v Line: 144
    Warning (15610): No output dependent on input pin "SW[7]" File: C:/Users/nlp52/Documents/PS2_Encrypted_to_LCD/DE0_CV_golden_top.v Line: 144
    Warning (15610): No output dependent on input pin "SW[8]" File: C:/Users/nlp52/Documents/PS2_Encrypted_to_LCD/DE0_CV_golden_top.v Line: 144
    Warning (15610): No output dependent on input pin "SW[9]" File: C:/Users/nlp52/Documents/PS2_Encrypted_to_LCD/DE0_CV_golden_top.v Line: 144
Info (21057): Implemented 1456 device resources after synthesis - the final resource count might be different
    Info (21058): Implemented 21 input pins
    Info (21059): Implemented 91 output pins
    Info (21060): Implemented 98 bidirectional pins
    Info (21061): Implemented 1208 logic cells
    Info (21064): Implemented 37 RAM segments
Info: Quartus Prime Analysis & Synthesis was successful. 0 errors, 247 warnings
    Info: Peak virtual memory: 4955 megabytes
    Info: Processing ended: Thu May 01 00:28:44 2025
    Info: Elapsed time: 00:00:18
    Info: Total CPU time (on all processors): 00:00:38


